gt_uid,image_id,fold,source_group,coarse,class_name,category_id,gt_bbox_xyxy,gt_short_edge,size_bin,m3_proposal_uid,m3_score,m3_bbox_xyxy,iou
i4467-gt,4467,1,site_N22.33-E120.62,vehicle,vehicle,24,"[595.0, 173.0, 633.0, 227.0]",38.0,small,m3-f1-i4467-p482409,0.812,"[598.19, 175.31, 628.76, 225.47]",0.7471
i4426-gt,4426,0,site_N24.15-E120.73,vehicle,vehicle,24,"[672.0, 236.0, 715.0, 283.0]",43.0,small,m3-f0-i4426-p446702,0.7778,"[671.7, 238.06, 716.09, 281.37]",0.895
i4431-gt,4431,0,site_N24.95-E121.51,vehicle,vehicle,24,"[0.0, 437.0, 45.0, 479.0]",42.0,small,m3-f0-i4431-p447604,0.7749,"[1.62, 437.04, 44.06, 478.78]",0.9373
i4445-gt,4445,2,site_N35.84-E139.41,vehicle,vehicle,24,"[460.0, 143.0, 490.0, 166.0]",23.0,tiny,m3-f2-i4445-p405303,0.3804,"[461.33, 143.18, 486.8, 164.97]",0.8044
i4421-gt,4421,2,site_N23.00-E120.33,vehicle,vehicle,24,"[110.0, 671.0, 148.0, 705.0]",34.0,small,m3-f2-i4421-p403502,0.3364,"[114.26, 668.82, 141.72, 705.79]",0.6796
i4458-gt,4458,1,site_N31.32-E31.05,vehicle,vehicle,24,"[463.0, 795.0, 509.0, 860.0]",46.0,small,m3-f1-i4458-p480605,0.3152,"[459.89, 794.5, 508.67, 854.32]",0.8469
i4466-gt,4466,1,site_N22.33-E120.62,vehicle,vehicle,24,"[448.0, 51.0, 501.0, 107.0]",53.0,small,m3-f1-i4466-p482164,0.1848,"[442.42, 46.27, 499.77, 102.27]",0.7528
i4478-gt,4478,0,site_N24.21-E120.59,vehicle,vehicle,24,"[409.0, 631.0, 439.0, 685.0]",30.0,tiny,m3-f0-i4478-p451811,0.1539,"[407.99, 632.51, 449.82, 694.64]",0.5955
i4462-gt,4462,0,site_N36.03-E128.13,vehicle,vehicle,24,"[360.0, 104.0, 408.0, 183.0]",48.0,small,m3-f0-i4462-p449102,0.1311,"[362.56, 97.56, 398.57, 167.21]",0.5657
i4481-gt,4481,2,site_N25.20-E121.42,vehicle,vehicle,24,"[234.0, 506.0, 267.0, 545.0]",33.0,small,m3-f2-i4481-p408004,0.1276,"[235.44, 505.3, 267.74, 539.72]",0.7975
i4451-gt,4451,1,site_N35.89-E126.62,vehicle,vehicle,24,"[688.0, 49.0, 737.0, 140.0]",49.0,small,m3-f1-i4451-p479704,0.1222,"[690.22, 51.83, 737.13, 133.62]",0.8562
i4464-gt,4464,0,site_N36.03-E128.13,vehicle,vehicle,24,"[845.0, 565.0, 890.0, 605.0]",40.0,small,m3-f0-i4464-p449728,0.1152,"[842.65, 545.86, 884.4, 633.64]",0.4053
i4477-gt,4477,0,site_N24.21-E120.59,vehicle,vehicle,24,"[-0.0, 210.0, 24.0, 255.0]",24.0,tiny,m3-f0-i4477-p451519,0.1065,"[0.0, 204.08, 23.99, 244.16]",0.6707
i4451-gt,4451,1,site_N35.89-E126.62,vehicle,vehicle,24,"[607.0, 293.0, 650.0, 359.0]",43.0,small,m3-f1-i4451-p479706,0.0789,"[607.56, 288.61, 650.16, 353.87]",0.8513
i4450-gt,4450,1,site_N35.89-E126.62,vehicle,vehicle,24,"[728.0, 770.0, 819.0, 818.0]",48.0,small,m3-f1-i4450-p479415,0.0748,"[722.6, 771.6, 818.12, 819.22]",0.8831
i4419-gt,4419,2,site_N23.00-E120.33,vehicle,vehicle,24,"[342.0, 322.0, 369.0, 346.0]",24.0,tiny,m3-f2-i4419-p402952,0.0739,"[341.58, 320.41, 372.97, 345.8]",0.8008
i4445-gt,4445,2,site_N35.84-E139.41,vehicle,vehicle,24,"[126.0, 220.0, 144.0, 232.0]",12.0,tiny,m3-f2-i4445-p405311,0.0667,"[127.81, 223.21, 144.78, 234.46]",0.538
i4434-gt,4434,0,site_N25.02-E121.33,vehicle,vehicle,24,"[562.0, 266.0, 590.0, 332.0]",28.0,tiny,m3-f0-i4434-p448539,0.0644,"[563.5, 282.6, 585.23, 332.64]",0.5765
i4434-gt,4434,0,site_N25.02-E121.33,vehicle,vehicle,24,"[543.0, 265.0, 570.0, 331.0]",27.0,tiny,m3-f0-i4434-p448545,0.0577,"[543.47, 284.56, 570.1, 332.43]",0.6751
i4449-gt,4449,1,site_N35.89-E126.62,vehicle,vehicle,24,"[159.0, 761.0, 244.0, 804.0]",43.0,small,m3-f1-i4449-p479145,0.0559,"[159.44, 768.07, 235.63, 801.66]",0.7002
i4469-gt,4469,1,site_N23.66-E119.55,vehicle,vehicle,24,"[378.0, 331.0, 413.0, 413.0]",35.0,small,m3-f1-i4469-p483028,0.0523,"[381.61, 332.56, 408.09, 407.92]",0.6953
i4434-gt,4434,0,site_N25.02-E121.33,vehicle,vehicle,24,"[609.0, 325.0, 630.0, 364.0]",21.0,tiny,m3-f0-i4434-p448562,0.0497,"[610.3, 327.05, 633.35, 360.69]",0.7114
i4477-gt,4477,0,site_N24.21-E120.59,vehicle,vehicle,24,"[539.0, 124.0, 592.0, 162.0]",38.0,small,m3-f0-i4477-p451540,0.0475,"[543.0, 123.27, 574.09, 168.31]",0.5291
i4469-gt,4469,1,site_N23.66-E119.55,vehicle,vehicle,24,"[366.0, 610.0, 388.0, 642.0]",22.0,tiny,m3-f1-i4469-p483042,0.0452,"[366.13, 609.21, 386.65, 642.36]",0.9023
i4434-gt,4434,0,site_N25.02-E121.33,vehicle,vehicle,24,"[523.0, 258.0, 551.0, 324.0]",28.0,tiny,m3-f0-i4434-p448618,0.0375,"[525.17, 273.33, 554.12, 318.62]",0.588
i4450-gt,4450,1,site_N35.89-E126.62,vehicle,vehicle,24,"[326.0, 44.0, 375.0, 134.0]",49.0,small,m3-f1-i4450-p479447,0.0359,"[326.23, 42.19, 380.42, 135.9]",0.861
i4451-gt,4451,1,site_N35.89-E126.62,vehicle,vehicle,24,"[438.0, 88.0, 490.0, 185.0]",52.0,small,m3-f1-i4451-p479725,0.0351,"[446.17, 87.7, 491.62, 179.27]",0.7684
i4463-gt,4463,0,site_N36.03-E128.13,vehicle,vehicle,24,"[368.0, 201.0, 405.0, 267.0]",37.0,small,m3-f0-i4463-p449415,0.0324,"[368.67, 200.91, 403.88, 262.27]",0.8824
i4451-gt,4451,1,site_N35.89-E126.62,vehicle,vehicle,24,"[767.0, 480.0, 810.0, 546.0]",43.0,small,m3-f1-i4451-p479734,0.0321,"[766.65, 473.73, 818.01, 541.41]",0.7188
i4451-gt,4451,1,site_N35.89-E126.62,vehicle,vehicle,24,"[479.0, 292.0, 528.0, 382.0]",49.0,small,m3-f1-i4451-p479736,0.0316,"[482.23, 297.89, 521.48, 382.38]",0.746
i4469-gt,4469,1,site_N23.66-E119.55,vehicle,vehicle,24,"[452.0, 105.0, 479.0, 141.0]",27.0,tiny,m3-f1-i4469-p483096,0.0313,"[452.37, 104.81, 476.63, 137.77]",0.8142
i4450-gt,4450,1,site_N35.89-E126.62,vehicle,vehicle,24,"[614.0, 232.0, 657.0, 298.0]",43.0,small,m3-f1-i4450-p479471,0.0307,"[610.13, 224.84, 662.53, 296.36]",0.7247
i4434-gt,4434,0,site_N25.02-E121.33,vehicle,vehicle,24,"[579.0, 270.0, 607.0, 336.0]",28.0,tiny,m3-f0-i4434-p448678,0.0295,"[573.76, 282.58, 604.85, 337.05]",0.6392
i4450-gt,4450,1,site_N35.89-E126.62,vehicle,vehicle,24,"[733.0, 813.0, 776.0, 879.0]",43.0,small,m3-f1-i4450-p479491,0.0266,"[730.43, 816.31, 777.78, 877.34]",0.8456
i4469-gt,4469,1,site_N23.66-E119.55,vehicle,vehicle,24,"[184.0, 839.0, 239.0, 856.0]",17.0,tiny,m3-f1-i4469-p483133,0.0266,"[188.42, 838.94, 231.26, 855.59]",0.7582
i4450-gt,4450,1,site_N35.89-E126.62,vehicle,vehicle,24,"[790.0, 799.0, 833.0, 865.0]",43.0,small,m3-f1-i4450-p479497,0.026,"[789.01, 800.05, 828.18, 860.2]",0.7925
i4434-gt,4434,0,site_N25.02-E121.33,vehicle,vehicle,24,"[506.0, 252.0, 535.0, 318.0]",29.0,tiny,m3-f0-i4434-p448691,0.0259,"[511.3, 269.98, 546.9, 314.94]",0.435
i4468-gt,4468,1,site_N22.33-E120.62,vehicle,vehicle,24,"[546.0, 667.0, 579.0, 703.0]",33.0,small,m3-f1-i4468-p482915,0.0251,"[544.83, 664.21, 587.21, 731.5]",0.4166
i4445-gt,4445,2,site_N35.84-E139.41,vehicle,vehicle,24,"[75.0, 228.0, 101.0, 243.0]",15.0,tiny,m3-f2-i4445-p405330,0.025,"[77.24, 234.39, 98.65, 246.63]",0.3943
i4466-gt,4466,1,site_N22.33-E120.62,vehicle,vehicle,24,"[24.0, 355.0, 81.0, 405.0]",50.0,small,m3-f1-i4466-p482374,0.024,"[28.36, 359.34, 78.04, 411.47]",0.7155
i4450-gt,4450,1,site_N35.89-E126.62,vehicle,vehicle,24,"[291.0, 285.0, 334.0, 352.0]",43.0,small,m3-f1-i4450-p479507,0.024,"[290.27, 288.89, 333.75, 352.72]",0.9122
i4462-gt,4462,0,site_N36.03-E128.13,vehicle,vehicle,24,"[715.0, 125.0, 752.0, 191.0]",37.0,small,m3-f0-i4462-p449133,0.0237,"[715.51, 127.74, 749.62, 189.98]",0.8694
i4435-gt,4435,0,site_N25.02-E121.33,vehicle,vehicle,24,"[289.0, 204.0, 319.0, 224.0]",20.0,tiny,m3-f0-i4435-p449038,0.0224,"[284.89, 201.89, 318.92, 224.38]",0.78
i4477-gt,4477,0,site_N24.21-E120.59,vehicle,vehicle,24,"[545.0, 546.0, 595.0, 591.0]",45.0,small,m3-f0-i4477-p451642,0.0219,"[543.71, 551.84, 593.59, 591.61]",0.8163
i4447-gt,4447,2,site_N35.84-E139.41,vehicle,vehicle,24,"[168.0, 97.0, 208.0, 180.0]",40.0,small,m3-f2-i4447-p406046,0.0205,"[169.65, 113.49, 195.54, 184.24]",0.502
i4451-gt,4451,1,site_N35.89-E126.62,vehicle,vehicle,24,"[642.0, 472.0, 690.0, 566.0]",48.0,small,m3-f1-i4451-p479793,0.0199,"[645.25, 472.22, 693.32, 560.49]",0.822
i4460-gt,4460,1,site_N26.20-E127.66,vehicle,vehicle,24,"[342.0, 382.0, 363.0, 408.0]",21.0,tiny,m3-f1-i4460-p481359,0.017,"[340.41, 374.32, 364.91, 409.67]",0.6305
i4460-gt,4460,1,site_N26.20-E127.66,vehicle,vehicle,24,"[303.0, 367.0, 337.0, 414.0]",34.0,small,m3-f1-i4460-p481361,0.0167,"[285.36, 356.85, 340.43, 410.44]",0.4807
i4451-gt,4451,1,site_N35.89-E126.62,vehicle,vehicle,24,"[730.0, 276.0, 773.0, 342.0]",43.0,small,m3-f1-i4451-p479821,0.0153,"[723.61, 251.34, 774.04, 334.89]",0.5604
i4481-gt,4481,2,site_N25.20-E121.42,vehicle,vehicle,24,"[69.0, 779.0, 113.0, 807.0]",28.0,tiny,m3-f2-i4481-p408028,0.0146,"[59.52, 762.96, 115.82, 805.01]",0.4661
i4445-gt,4445,2,site_N35.84-E139.41,vehicle,vehicle,24,"[331.0, 527.0, 356.0, 567.0]",25.0,tiny,m3-f2-i4445-p405377,0.0145,"[330.57, 526.89, 356.24, 568.19]",0.9432
i4450-gt,4450,1,site_N35.89-E126.62,vehicle,vehicle,24,"[489.0, 224.0, 537.0, 318.0]",48.0,small,m3-f1-i4450-p479612,0.0141,"[485.76, 222.72, 543.44, 312.53]",0.7808
i4450-gt,4450,1,site_N35.89-E126.62,vehicle,vehicle,24,"[454.0, 45.0, 497.0, 111.0]",43.0,small,m3-f1-i4450-p479630,0.0134,"[452.09, 34.8, 497.13, 95.5]",0.6385
i4451-gt,4451,1,site_N35.89-E126.62,vehicle,vehicle,24,"[568.0, 99.0, 610.0, 172.0]",42.0,small,m3-f1-i4451-p479846,0.0127,"[562.9, 73.94, 611.32, 144.36]",0.4168
i4445-gt,4445,2,site_N35.84-E139.41,vehicle,vehicle,24,"[401.0, 492.0, 426.0, 532.0]",25.0,tiny,m3-f2-i4445-p405409,0.012,"[400.23, 490.25, 425.33, 531.91]",0.9036
i4463-gt,4463,0,site_N36.03-E128.13,vehicle,vehicle,24,"[13.0, 180.0, 61.0, 259.0]",48.0,small,m3-f0-i4463-p449573,0.0095,"[9.98, 175.62, 46.6, 245.38]",0.5293
i651-gt,651,0,scene_L00000000225,ship,ship,3,"[110.0, 387.0, 210.0, 651.0]",100.0,medium,m3-f0-i651-p061800,0.9321,"[112.8, 385.28, 200.46, 652.77]",0.8665
i4398-gt,4398,2,scene_L1A0001690055,ship,ship,2,"[82.0, 62.0, 378.0, 261.0]",199.0,medium,m3-f2-i4398-p399600,0.9243,"[82.08, 73.58, 340.23, 264.74]",0.8081
i4393-gt,4393,2,scene_L1A0001690055,ship,ship,2,"[384.0, 457.0, 573.0, 692.0]",189.0,medium,m3-f2-i4393-p398101,0.8994,"[377.44, 460.94, 582.71, 689.06]",0.8959
i8-gt,8,0,scene_L00000010882,ship,ship,2,"[350.0, 25.0, 464.0, 171.0]",114.0,medium,m3-f0-i8-p001802,0.8921,"[352.04, 24.46, 467.47, 168.9]",0.9364
i43-gt,43,1,scene_L00000010815,ship,ship,3,"[220.0, 135.0, 497.0, 349.0]",214.0,medium,m3-f1-i43-p003900,0.8901,"[220.72, 138.8, 521.28, 386.64]",0.7672
i850-gt,850,0,scene_L00000000683,ship,ship,3,"[441.0, 263.0, 558.0, 430.0]",117.0,medium,m3-f0-i850-p092100,0.8853,"[444.11, 266.58, 556.64, 424.34]",0.9086
i439-gt,439,2,scene_L00000101101,ship,ship,2,"[517.0, 5.0, 656.0, 170.0]",139.0,medium,m3-f2-i439-p052803,0.8726,"[514.02, 2.82, 655.15, 166.44]",0.9401
i441-gt,441,2,scene_L00000101101,ship,ship,2,"[618.0, 608.0, 757.0, 773.0]",139.0,medium,m3-f2-i441-p053401,0.8628,"[614.15, 608.94, 756.79, 771.6]",0.9581
i1146-gt,1146,2,scene_L1A0003117760,ship,ship,2,"[785.0, 654.0, 868.0, 865.0]",83.0,small,m3-f2-i1146-p110103,0.856,"[788.43, 654.66, 867.89, 866.89]",0.9464
i1286-gt,1286,0,scene_L1A0003910727,ship,ship,2,"[534.0, 417.0, 655.0, 663.0]",121.0,medium,m3-f0-i1286-p125400,0.8525,"[532.29, 415.56, 655.14, 654.94]",0.9476
i158-gt,158,0,scene_L00000012443,ship,ship,2,"[497.0, 333.0, 630.0, 441.0]",108.0,medium,m3-f0-i158-p024300,0.8467,"[502.1, 335.13, 622.47, 435.4]",0.8403
i37-gt,37,1,scene_L00000010574,ship,ship,3,"[174.0, 196.0, 456.0, 419.0]",223.0,medium,m3-f1-i37-p002400,0.8247,"[170.35, 208.18, 475.5, 452.3]",0.7629
i1288-gt,1288,0,scene_L1A0003910727,ship,ship,2,"[28.0, 45.0, 169.0, 291.0]",141.0,medium,m3-f0-i1288-p126001,0.8232,"[32.75, 47.73, 161.54, 287.83]",0.8914
i1251-gt,1251,2,scene_L1A0002115142,ship,ship,2,"[796.0, 113.0, 850.0, 249.0]",54.0,small,m3-f2-i1251-p124204,0.8174,"[794.15, 130.32, 850.0, 250.06]",0.8407
i1287-gt,1287,0,scene_L1A0003910727,ship,ship,2,"[194.0, 507.0, 335.0, 753.0]",141.0,medium,m3-f0-i1287-p125700,0.8135,"[199.86, 509.91, 325.02, 753.38]",0.8759
i1281-gt,1281,0,scene_L1A0003883169,ship,ship,2,"[305.0, 155.0, 445.0, 385.0]",140.0,medium,m3-f0-i1281-p123900,0.8101,"[291.19, 151.32, 456.85, 382.58]",0.8244
i109-gt,109,0,scene_L00000012466,ship,ship,2,"[83.0, 606.0, 219.0, 732.0]",126.0,medium,m3-f0-i109-p011404,0.8018,"[83.54, 606.74, 222.44, 736.33]",0.9339
i927-gt,927,0,scene_L00000001337,ship,ship,3,"[0.0, 348.0, 211.0, 530.0]",182.0,medium,m3-f0-i927-p097802,0.7246,"[0.21, 331.26, 219.69, 530.76]",0.8754
i6-gt,6,0,scene_L00000010882,ship,ship,1,"[369.0, 224.0, 596.0, 487.0]",227.0,medium,m3-f0-i6-p001203,0.7061,"[371.11, 220.82, 591.73, 492.88]",0.9404
i4413-gt,4413,0,scene_L1A0000704021,ship,ship,2,"[655.0, 207.0, 719.0, 550.0]",64.0,small,m3-f0-i4413-p444903,0.6738,"[657.03, 192.95, 718.63, 557.56]",0.9075
i4413-gt,4413,0,scene_L1A0000704021,ship,ship,2,"[702.0, 189.0, 794.0, 555.0]",92.0,small,m3-f0-i4413-p444904,0.6362,"[701.74, 188.55, 777.17, 560.32]",0.8043
i192-gt,192,0,scene_L00000012443,ship,ship,3,"[696.0, 198.0, 761.0, 394.0]",65.0,small,m3-f0-i192-p034500,0.561,"[700.94, 207.56, 771.28, 404.13]",0.7286
i1289-gt,1289,0,scene_L1A0004005129,ship,ship,2,"[335.0, 576.0, 675.0, 746.0]",170.0,medium,m3-f0-i1289-p126301,0.5562,"[327.17, 570.21, 678.54, 743.62]",0.9231
i713-gt,713,1,scene_L00000000227,ship,ship,2,"[4.0, 170.0, 248.0, 416.0]",244.0,medium,m3-f1-i713-p057901,0.5547,"[3.3, 140.9, 240.96, 428.07]",0.833
i1191-gt,1191,1,scene_L1A0002233573,ship,ship,2,"[243.0, 425.0, 326.0, 471.0]",46.0,small,m3-f1-i1191-p130204,0.5215,"[239.66, 426.54, 316.19, 473.02]",0.7897
i4395-gt,4395,2,scene_L1A0001690055,ship,ship,2,"[1158.0, 347.0, 1216.0, 414.0]",58.0,small,m3-f2-i4395-p398716,0.5093,"[1168.11, 344.78, 1216.0, 424.12]",0.7167
i742-gt,742,0,scene_L00000000285,ship,ship,2,"[344.0, 463.0, 497.0, 594.0]",131.0,medium,m3-f0-i742-p070802,0.5078,"[345.62, 464.93, 490.38, 597.89]",0.9068
i1279-gt,1279,2,scene_L1A0003513249,ship,ship,3,"[602.0, 276.0, 681.0, 356.0]",79.0,small,m3-f2-i1279-p126301,0.4973,"[601.79, 274.87, 680.33, 355.8]",0.9728
i608-gt,608,2,scene_L00000100050,ship,ship,2,"[116.0, 158.0, 262.0, 223.0]",65.0,small,m3-f2-i608-p076201,0.4907,"[107.1, 167.27, 259.87, 213.92]",0.6777
i229-gt,229,2,scene_L00000012444,ship,ship,2,"[389.0, 391.0, 475.0, 567.0]",86.0,small,m3-f2-i229-p014403,0.4753,"[388.73, 391.86, 471.9, 565.18]",0.9463
i4413-gt,4413,0,scene_L1A0000704021,ship,ship,2,"[582.0, 212.0, 653.0, 498.0]",71.0,small,m3-f0-i4413-p444907,0.4517,"[577.22, 181.59, 657.52, 505.02]",0.7819
i1265-gt,1265,0,scene_L1A0002135991,ship,ship,1,"[257.0, 92.0, 471.0, 278.0]",186.0,medium,m3-f0-i1265-p120005,0.426,"[255.58, 95.71, 460.23, 278.54]",0.9222
i434-gt,434,2,scene_L00000101101,ship,ship,2,"[210.0, 810.0, 306.0, 879.0]",69.0,small,m3-f2-i434-p051305,0.354,"[191.85, 801.74, 314.17, 879.0]",0.7009
i423-gt,423,2,scene_L00000101101,ship,ship,2,"[107.0, 457.0, 257.0, 508.0]",51.0,small,m3-f2-i423-p048001,0.3525,"[104.24, 444.13, 259.13, 513.71]",0.7098
i731-gt,731,1,scene_L00000000227,ship,ship,3,"[99.0, 528.0, 291.0, 628.0]",100.0,medium,m3-f1-i731-p063303,0.3357,"[98.3, 536.07, 291.61, 628.52]",0.9089
i233-gt,233,1,scene_L00000012445,ship,ship,3,"[469.0, 391.0, 500.0, 484.0]",31.0,tiny,m3-f1-i233-p012300,0.3269,"[465.84, 385.74, 508.03, 484.01]",0.6953
i926-gt,926,0,scene_L00000001337,ship,ship,3,"[435.0, 299.0, 637.0, 496.0]",197.0,medium,m3-f0-i926-p097502,0.2898,"[432.97, 302.5, 641.18, 509.57]",0.892
i747-gt,747,0,scene_L00000000285,ship,ship,2,"[210.0, 281.0, 319.0, 365.0]",84.0,small,m3-f0-i747-p072302,0.2693,"[211.19, 273.2, 316.26, 376.64]",0.7881
i1222-gt,1222,2,scene_L1A0003133739,ship,ship,3,"[479.0, 377.0, 581.0, 585.0]",102.0,medium,m3-f2-i1222-p118804,0.2306,"[478.75, 374.79, 584.1, 572.5]",0.9022
i4387-gt,4387,0,scene_L1A0000600031,ship,ship,2,"[541.0, 249.0, 684.0, 404.0]",143.0,medium,m3-f0-i4387-p441001,0.2158,"[539.21, 249.93, 682.2, 405.11]",0.9626
i1216-gt,1216,2,scene_L1A0003133739,ship,ship,3,"[50.0, 315.0, 128.0, 473.0]",78.0,small,m3-f2-i1216-p117006,0.1943,"[46.94, 321.45, 120.85, 464.43]",0.7938
i4395-gt,4395,2,scene_L1A0001690055,ship,ship,2,"[9.0, 348.0, 237.0, 454.0]",106.0,medium,m3-f2-i4395-p398742,0.1919,"[2.52, 374.62, 233.49, 479.19]",0.5843
i4407-gt,4407,0,scene_L1A0000704021,ship,ship,2,"[597.0, 481.0, 671.0, 798.0]",74.0,small,m3-f0-i4407-p443105,0.1884,"[594.2, 474.35, 674.38, 794.24]",0.894
i4392-gt,4392,2,scene_L1A0001690055,ship,ship,2,"[274.0, 536.0, 463.0, 625.0]",89.0,small,m3-f2-i4392-p397813,0.1837,"[295.95, 543.31, 461.92, 622.95]",0.7858
i116-gt,116,0,scene_L00000012440,ship,ship,3,"[815.0, 66.0, 847.0, 200.0]",32.0,tiny,m3-f0-i116-p013204,0.1697,"[804.87, 67.72, 846.95, 183.11]",0.6755
i708-gt,708,1,scene_L00000000227,ship,ship,2,"[0.0, 97.0, 30.0, 239.0]",30.0,tiny,m3-f1-i708-p056406,0.1687,"[0.0, 109.26, 29.62, 281.42]",0.6966
i4391-gt,4391,0,scene_L1A0000600031,ship,ship,2,"[311.0, 344.0, 451.0, 494.0]",140.0,medium,m3-f0-i4391-p442201,0.1646,"[300.43, 338.66, 445.03, 493.28]",0.8568
i444-gt,444,0,scene_L00000101102,ship,ship,2,"[112.0, 0.0, 269.0, 31.0]",31.0,tiny,m3-f0-i444-p046208,0.1592,"[69.43, 0.05, 253.05, 27.14]",0.6346
i1100-gt,1100,1,scene_L1A0001910573,ship,ship,3,"[180.0, 664.0, 226.0, 791.0]",46.0,small,m3-f1-i1100-p113720,0.151,"[182.76, 662.1, 222.65, 793.04]",0.8444
i1208-gt,1208,2,scene_L1A0004517353,ship,ship,2,"[0.0, 408.0, 32.0, 439.0]",31.0,tiny,m3-f2-i1208-p114617,0.1449,"[0.0, 401.65, 24.24, 441.32]",0.625
i4407-gt,4407,0,scene_L1A0000704021,ship,ship,2,"[672.0, 499.0, 747.0, 838.0]",75.0,small,m3-f0-i4407-p443106,0.135,"[673.44, 484.45, 735.73, 848.95]",0.7817
i4379-gt,4379,0,scene_L1A0000600031,ship,ship,2,"[43.0, 121.0, 180.0, 285.0]",137.0,medium,m3-f0-i4379-p438602,0.1302,"[31.7, 122.66, 177.7, 277.24]",0.8599
i1275-gt,1275,0,scene_L1A0002135991,ship,ship,2,"[623.0, 798.0, 733.0, 879.0]",81.0,small,m3-f0-i1275-p123014,0.1279,"[617.62, 790.8, 740.37, 877.93]",0.8131
i566-gt,566,2,scene_L00000100047,ship,ship,3,"[242.0, 404.0, 394.0, 720.0]",152.0,medium,m3-f2-i566-p063607,0.1239,"[241.61, 383.08, 395.34, 717.98]",0.9215
i31-gt,31,1,scene_L00000011028,ship,ship,3,"[257.0, 557.0, 308.0, 697.0]",51.0,small,m3-f1-i31-p001809,0.1204,"[261.08, 555.49, 315.1, 694.26]",0.7857
i1288-gt,1288,0,scene_L1A0003910727,ship,ship,2,"[413.0, 558.0, 557.0, 788.0]",144.0,medium,m3-f0-i1288-p126004,0.1163,"[395.43, 561.03, 565.75, 788.53]",0.8341
i456-gt,456,0,scene_L00000101102,ship,ship,3,"[-0.0, 586.0, 119.0, 783.0]",119.0,medium,m3-f0-i456-p049840,0.1101,"[0.0, 547.97, 153.62, 822.0]",0.5569
i770-gt,770,0,scene_L00000000286,ship,ship,2,"[624.0, 684.0, 746.0, 866.0]",122.0,medium,m3-f0-i770-p079201,0.108,"[636.5, 690.99, 749.61, 865.95]",0.839
i799-gt,799,0,scene_L00000000286,ship,ship,2,"[224.0, 649.0, 454.0, 798.0]",149.0,medium,m3-f0-i799-p087902,0.1076,"[232.91, 650.3, 458.67, 810.77]",0.8629
i426-gt,426,2,scene_L00000101101,ship,ship,3,"[0.0, 277.0, 22.0, 410.0]",22.0,tiny,m3-f2-i426-p048917,0.0953,"[0.0, 274.44, 23.65, 453.36]",0.6916
i4395-gt,4395,2,scene_L1A0001690055,ship,ship,2,"[14.0, 394.0, 232.0, 495.0]",101.0,medium,m3-f2-i4395-p398779,0.0887,"[0.0, 398.0, 220.88, 480.16]",0.7336
i31-gt,31,1,scene_L00000011028,ship,ship,3,"[396.0, 522.0, 474.0, 629.0]",78.0,small,m3-f1-i31-p001814,0.088,"[393.18, 522.01, 454.86, 641.71]",0.6677
i1246-gt,1246,0,scene_L1A0001053752,ship,ship,3,"[309.0, 370.0, 443.0, 481.0]",111.0,medium,m3-f0-i1246-p117051,0.088,"[290.29, 353.05, 478.04, 508.93]",0.5082
i4393-gt,4393,2,scene_L1A0001690055,ship,ship,2,"[621.0, 266.0, 800.0, 338.0]",72.0,small,m3-f2-i4393-p398179,0.0859,"[629.15, 262.08, 798.97, 354.71]",0.746
i717-gt,717,1,scene_L00000000227,ship,ship,2,"[502.0, 192.0, 573.0, 330.0]",71.0,small,m3-f1-i717-p059121,0.0828,"[502.51, 199.04, 573.29, 327.1]",0.9177
i441-gt,441,2,scene_L00000101101,ship,ship,2,"[523.0, 802.0, 786.0, 820.0]",18.0,tiny,m3-f2-i441-p053416,0.082,"[471.36, 801.43, 787.47, 820.0]",0.8063
i1280-gt,1280,2,scene_L1A0003513249,ship,ship,3,"[680.0, 463.0, 749.0, 601.0]",69.0,small,m3-f2-i1280-p126608,0.0812,"[685.84, 472.08, 743.16, 600.07]",0.7704
i1143-gt,1143,2,scene_L1A0003117760,ship,ship,2,"[671.0, 0.0, 819.0, 69.0]",69.0,small,m3-f2-i1143-p109227,0.0779,"[657.76, 0.35, 888.42, 65.81]",0.6201
i10-gt,10,0,scene_L00000010882,ship,ship,3,"[-0.0, 829.0, 138.0, 884.0]",55.0,small,m3-f0-i10-p002421,0.0739,"[0.49, 795.54, 126.52, 884.0]",0.5871
i39-gt,39,1,scene_L00000010574,ship,ship,1,"[624.0, 297.0, 760.0, 582.0]",136.0,medium,m3-f1-i39-p003025,0.0718,"[631.3, 298.23, 765.16, 587.96]",0.8903
i1154-gt,1154,2,scene_L1A0003826486,ship,ship,2,"[806.0, -0.0, 841.0, 97.0]",35.0,small,m3-f2-i1154-p111908,0.0692,"[808.21, 1.46, 840.94, 63.11]",0.5942
i4398-gt,4398,2,scene_L1A0001690055,ship,ship,2,"[563.0, 773.0, 623.0, 866.0]",60.0,small,m3-f2-i4398-p399662,0.0666,"[557.37, 770.66, 621.54, 870.12]",0.8352
i775-gt,775,0,scene_L00000000286,ship,ship,2,"[684.0, 187.0, 876.0, 280.0]",93.0,small,m3-f0-i775-p080749,0.0632,"[678.39, 187.35, 875.59, 283.05]",0.9354
i1161-gt,1161,0,scene_L1A0004327310,ship,ship,3,"[115.0, 107.0, 264.0, 155.0]",48.0,small,m3-f0-i1161-p113171,0.0609,"[110.78, 104.45, 266.07, 160.69]",0.8189
i4392-gt,4392,2,scene_L1A0001690055,ship,ship,2,"[257.0, 569.0, 440.0, 652.0]",83.0,small,m3-f2-i4392-p397851,0.0608,"[240.88, 562.89, 459.3, 647.89]",0.7473
i4-gt,4,0,scene_L00000010882,ship,ship,3,"[257.0, 509.0, 362.0, 609.0]",100.0,medium,m3-f0-i4-p000631,0.0582,"[253.14, 501.11, 373.63, 608.88]",0.8069
i31-gt,31,1,scene_L00000011028,ship,ship,3,"[218.0, 563.0, 281.0, 659.0]",63.0,small,m3-f1-i31-p001829,0.058,"[211.15, 564.82, 285.1, 670.32]",0.7495
i1222-gt,1222,2,scene_L1A0003133739,ship,ship,3,"[0.0, 0.0, 56.0, 73.0]",56.0,small,m3-f2-i1222-p118909,0.0578,"[0.05, 0.96, 60.14, 73.87]",0.9081
i572-gt,572,2,scene_L00000100047,ship,ship,3,"[377.0, 849.0, 486.0, 884.0]",35.0,small,m3-f2-i572-p065402,0.057,"[374.56, 854.62, 531.89, 884.0]",0.6117
i206-gt,206,0,scene_L00000012443,ship,ship,3,"[199.0, 192.0, 255.0, 332.0]",56.0,small,m3-f0-i206-p038716,0.0565,"[203.18, 199.37, 260.16, 333.94]",0.796
i4388-gt,4388,0,scene_L1A0000600031,ship,ship,1,"[65.0, 436.0, 313.0, 688.0]",248.0,medium,m3-f0-i4388-p441355,0.0563,"[81.5, 438.15, 316.77, 657.47]",0.8018
i393-gt,393,2,scene_L00000100998,ship,ship,3,"[775.0, 0.0, 820.0, 67.0]",45.0,small,m3-f2-i393-p039320,0.0555,"[780.25, 0.18, 819.71, 86.91]",0.6939
i4364-gt,4364,1,scene_L1A0003325477,ship,ship,1,"[218.0, 660.0, 512.0, 789.0]",129.0,medium,m3-f1-i4364-p475834,0.0551,"[214.25, 607.57, 507.71, 801.38]",0.6508
i1213-gt,1213,2,scene_L1A0003133739,ship,ship,2,"[300.0, 340.0, 451.0, 484.0]",144.0,medium,m3-f2-i1213-p116164,0.0538,"[256.54, 292.64, 458.31, 466.18]",0.5053
i739-gt,739,1,scene_L00000000284,ship,ship,2,"[6.0, 551.0, 65.0, 636.0]",59.0,small,m3-f1-i739-p065737,0.0534,"[0.39, 551.07, 76.38, 643.16]",0.7157
i556-gt,556,2,scene_L00000100047,ship,ship,3,"[-0.0, 562.0, 14.0, 822.0]",14.0,tiny,m3-f2-i556-p060637,0.0511,"[0.0, 555.68, 20.01, 798.22]",0.6378
i4412-gt,4412,0,scene_L1A0000704021,ship,ship,2,"[379.0, 129.0, 575.0, 295.0]",166.0,medium,m3-f0-i4412-p444615,0.0487,"[362.81, 106.59, 569.9, 290.95]",0.7768
i819-gt,819,0,scene_L00000000456,ship,ship,3,"[759.0, 754.0, 831.0, 831.0]",72.0,small,m3-f0-i819-p091602,0.0484,"[743.63, 754.21, 831.0, 831.0]",0.8223
i739-gt,739,1,scene_L00000000284,ship,ship,2,"[434.0, 707.0, 510.0, 841.0]",76.0,small,m3-f1-i739-p065752,0.0476,"[437.37, 706.29, 505.88, 845.29]",0.8721
i4366-gt,4366,1,scene_L1A0003325477,ship,ship,1,"[175.0, 717.0, 460.0, 853.0]",136.0,medium,m3-f1-i4366-p476442,0.0471,"[175.09, 674.07, 468.88, 858.84]",0.7136
i913-gt,913,2,scene_L00000001478,ship,ship,2,"[30.0, 165.0, 61.0, 264.0]",31.0,tiny,m3-f2-i913-p097804,0.0466,"[28.68, 165.64, 60.38, 263.42]",0.9289
i41-gt,41,1,scene_L00000010815,ship,ship,3,"[173.0, 128.0, 250.0, 328.0]",77.0,small,m3-f1-i41-p003312,0.0463,"[165.26, 118.66, 260.47, 328.9]",0.7694
i501-gt,501,1,scene_L00000099505,ship,ship,2,"[675.0, 792.0, 723.0, 888.0]",48.0,small,m3-f1-i501-p040317,0.0458,"[679.29, 789.55, 719.86, 880.21]",0.7602
i947-gt,947,1,scene_L00000001339,ship,ship,1,"[270.0, 531.0, 342.0, 816.0]",72.0,small,m3-f1-i947-p080409,0.0457,"[272.03, 546.16, 350.51, 818.0]",0.8219
i1070-gt,1070,1,scene_L1A0004749016,ship,ship,3,"[805.0, 0.0, 897.0, 55.0]",55.0,small,m3-f1-i1070-p105964,0.0453,"[798.59, 0.0, 897.0, 70.76]",0.7266
i211-gt,211,0,scene_L00000012443,ship,ship,3,"[327.0, 782.0, 466.0, 866.0]",84.0,small,m3-f0-i211-p040224,0.0443,"[346.58, 785.13, 485.59, 866.0]",0.7283
i188-gt,188,0,scene_L00000012443,ship,ship,3,"[718.0, 11.0, 789.0, 147.0]",71.0,small,m3-f0-i188-p033329,0.0439,"[695.48, 0.1, 789.27, 144.85]",0.6922
i812-gt,812,0,scene_L00000000456,ship,ship,2,"[682.0, 275.0, 742.0, 364.0]",60.0,small,m3-f0-i812-p089544,0.0439,"[682.04, 280.54, 743.6, 364.45]",0.9097
i231-gt,231,2,scene_L00000012444,ship,ship,3,"[481.0, 0.0, 808.0, 12.0]",12.0,tiny,m3-f2-i231-p015068,0.0436,"[516.56, 0.08, 801.27, 19.63]",0.557
i1104-gt,1104,1,scene_L1A0001910573,ship,ship,3,"[879.0, 0.0, 894.0, 338.0]",15.0,tiny,m3-f1-i1104-p114912,0.0435,"[874.26, 5.67, 893.66, 280.9]",0.6329
i800-gt,800,1,scene_L00000000287,ship,ship,3,"[774.0, 321.0, 859.0, 535.0]",85.0,small,m3-f1-i800-p066058,0.0426,"[766.13, 320.94, 869.0, 532.36]",0.8176
i557-gt,557,2,scene_L00000100047,ship,ship,3,"[674.0, 38.0, 718.0, 257.0]",44.0,small,m3-f2-i557-p060947,0.0422,"[669.67, 39.65, 735.65, 284.46]",0.5894
i1275-gt,1275,0,scene_L1A0002135991,ship,ship,3,"[579.0, 75.0, 669.0, 240.0]",90.0,small,m3-f0-i1275-p123041,0.0406,"[567.03, 71.09, 675.08, 245.23]",0.7892
i403-gt,403,2,scene_L00000100998,ship,ship,1,"[127.0, 157.0, 402.0, 287.0]",130.0,medium,m3-f2-i403-p042306,0.0402,"[110.48, 158.92, 379.72, 287.09]",0.8543
i4412-gt,4412,0,scene_L1A0000704021,ship,ship,2,"[353.0, 92.0, 550.0, 252.0]",160.0,medium,m3-f0-i4412-p444618,0.0393,"[343.3, 72.39, 538.07, 255.06]",0.7899
i406-gt,406,2,scene_L00000100998,ship,ship,3,"[810.0, 356.0, 879.0, 479.0]",69.0,small,m3-f2-i406-p043227,0.0389,"[800.51, 350.66, 878.82, 480.3]",0.8319
i568-gt,568,2,scene_L00000100047,ship,ship,3,"[484.0, 0.0, 844.0, 26.0]",26.0,tiny,m3-f2-i568-p064233,0.0383,"[448.99, 0.54, 811.24, 28.8]",0.7396
i915-gt,915,2,scene_L00000001478,ship,ship,2,"[55.0, 0.0, 96.0, 113.0]",41.0,small,m3-f2-i915-p098434,0.0379,"[56.42, 0.0, 96.01, 113.75]",0.9589
i31-gt,31,1,scene_L00000011028,ship,ship,3,"[376.0, 525.0, 452.0, 634.0]",76.0,small,m3-f1-i31-p001880,0.0372,"[355.95, 523.48, 452.32, 646.73]",0.6975
i4409-gt,4409,0,scene_L1A0000704021,ship,ship,2,"[172.0, 573.0, 377.0, 741.0]",168.0,medium,m3-f0-i4409-p443727,0.0356,"[171.95, 547.37, 357.77, 729.83]",0.743
i594-gt,594,2,scene_L00000100050,ship,ship,3,"[362.0, 632.0, 602.0, 872.0]",240.0,medium,m3-f2-i594-p072052,0.0355,"[463.2, 643.04, 593.59, 872.0]",0.5183
i1175-gt,1175,1,scene_L1A0001384774,ship,ship,3,"[542.0, 552.0, 566.0, 646.0]",24.0,tiny,m3-f1-i1175-p125444,0.0353,"[542.83, 553.14, 572.67, 647.17]",0.7391
i4398-gt,4398,2,scene_L1A0001690055,ship,ship,2,"[-0.0, 686.0, 25.0, 821.0]",25.0,tiny,m3-f2-i4398-p399769,0.0351,"[0.11, 696.2, 18.3, 833.15]",0.6314
i500-gt,500,1,scene_L00000099505,ship,ship,3,"[61.0, 635.0, 146.0, 802.0]",85.0,small,m3-f1-i500-p040074,0.0349,"[62.9, 627.3, 152.44, 801.94]",0.8693
i501-gt,501,1,scene_L00000099505,ship,ship,3,"[249.0, 424.0, 334.0, 591.0]",85.0,small,m3-f1-i501-p040389,0.0342,"[249.94, 416.73, 345.65, 584.77]",0.8061
i975-gt,975,1,scene_L00000002699,ship,ship,3,"[422.0, 310.0, 576.0, 483.0]",154.0,medium,m3-f1-i975-p082871,0.0341,"[423.83, 310.98, 573.02, 477.34]",0.9315
i1141-gt,1141,0,scene_L1A0001931206,ship,ship,2,"[354.0, 728.0, 456.0, 824.0]",96.0,medium,m3-f0-i1141-p110758,0.0337,"[349.13, 722.26, 455.55, 824.0]",0.8969
i973-gt,973,2,scene_L00000002698,ship,ship,3,"[781.0, 454.0, 829.0, 536.0]",48.0,small,m3-f2-i973-p101114,0.0335,"[780.18, 435.29, 837.72, 535.28]",0.6741
i31-gt,31,1,scene_L00000011028,ship,ship,3,"[333.0, 537.0, 387.0, 688.0]",54.0,small,m3-f1-i31-p001905,0.0323,"[332.12, 538.09, 369.04, 688.12]",0.6516
i379-gt,379,2,scene_L00000100998,ship,ship,3,"[728.0, 408.0, 814.0, 496.0]",86.0,small,m3-f2-i379-p035146,0.0323,"[733.54, 403.04, 813.06, 500.79]",0.8387
i1193-gt,1193,1,scene_L1A0002233573,ship,ship,3,"[661.0, 429.0, 779.0, 519.0]",90.0,small,m3-f1-i1193-p130887,0.0322,"[663.45, 426.71, 773.4, 523.86]",0.8675
i683-gt,683,1,scene_L00000000227,ship,ship,3,"[-0.0, 322.0, 28.0, 535.0]",28.0,tiny,m3-f1-i683-p048938,0.0314,"[0.07, 283.31, 23.91, 531.95]",0.7268
i4393-gt,4393,2,scene_L1A0001690055,ship,ship,2,"[420.0, 349.0, 585.0, 421.0]",72.0,small,m3-f2-i4393-p398337,0.0314,"[407.86, 361.4, 564.01, 419.85]",0.6686
i703-gt,703,1,scene_L00000000227,ship,ship,2,"[601.0, 93.0, 796.0, 351.0]",195.0,medium,m3-f1-i703-p054909,0.0312,"[620.75, 112.89, 785.5, 341.8]",0.7496
i501-gt,501,1,scene_L00000099505,ship,ship,3,"[383.0, 752.0, 458.0, 891.0]",75.0,small,m3-f1-i501-p040410,0.0311,"[394.68, 753.3, 454.55, 891.0]",0.7908
i964-gt,964,0,scene_L00000002689,ship,ship,3,"[363.0, 559.0, 459.0, 712.0]",96.0,medium,m3-f0-i964-p105431,0.03,"[353.47, 558.3, 461.71, 686.66]",0.7507
i693-gt,693,1,scene_L00000000227,ship,ship,3,"[408.0, 558.0, 492.0, 633.0]",75.0,small,m3-f1-i693-p052032,0.0299,"[366.43, 556.89, 493.78, 648.6]",0.5395
i538-gt,538,0,scene_L00000099680,ship,ship,3,"[0.0, 661.0, 16.0, 838.0]",16.0,tiny,m3-f0-i538-p055569,0.0296,"[0.3, 657.43, 14.86, 845.5]",0.8606
i31-gt,31,1,scene_L00000011028,ship,ship,3,"[70.0, 630.0, 98.0, 742.0]",28.0,tiny,m3-f1-i31-p001919,0.0295,"[69.39, 626.55, 109.76, 750.61]",0.6261
i4407-gt,4407,0,scene_L1A0000704021,ship,ship,2,"[137.0, 483.0, 274.0, 744.0]",137.0,medium,m3-f0-i4407-p443158,0.0294,"[122.69, 461.41, 290.63, 751.62]",0.7337
i191-gt,191,0,scene_L00000012443,ship,ship,3,"[72.0, 435.0, 158.0, 574.0]",86.0,small,m3-f0-i191-p034270,0.029,"[66.54, 428.97, 169.55, 593.16]",0.7068
i4394-gt,4394,2,scene_L1A0001690055,ship,ship,2,"[135.0, 250.0, 196.0, 357.0]",61.0,small,m3-f2-i4394-p398445,0.0284,"[132.26, 252.89, 195.99, 350.64]",0.8774
i1224-gt,1224,2,scene_L1A0003133739,ship,ship,3,"[328.0, 92.0, 460.0, 140.0]",48.0,small,m3-f2-i1224-p119440,0.0282,"[330.88, 88.6, 463.54, 140.77]",0.8779
i946-gt,946,1,scene_L00000001339,ship,ship,2,"[104.0, 268.0, 135.0, 461.0]",31.0,tiny,m3-f1-i946-p080145,0.0272,"[96.93, 267.6, 141.72, 469.0]",0.6633
i1242-gt,1242,0,scene_L1A0001053752,ship,ship,2,"[422.0, 181.0, 491.0, 373.0]",69.0,small,m3-f0-i1242-p115923,0.0271,"[421.31, 182.13, 494.78, 375.22]",0.9233
i156-gt,156,0,scene_L00000012443,ship,ship,1,"[320.0, 839.0, 470.0, 859.0]",20.0,tiny,m3-f0-i156-p023832,0.0269,"[332.4, 830.61, 474.17, 858.87]",0.6399
i922-gt,922,0,scene_L00000001337,ship,ship,3,"[0.0, 592.0, 229.0, 824.0]",229.0,medium,m3-f0-i922-p096390,0.0262,"[0.0, 565.44, 234.96, 822.16]",0.8677
i929-gt,929,0,scene_L00000001337,ship,ship,3,"[306.0, 596.0, 397.0, 711.0]",91.0,small,m3-f0-i929-p098592,0.0253,"[316.3, 599.67, 394.36, 709.57]",0.8196
i195-gt,195,0,scene_L00000012443,ship,ship,3,"[641.0, 14.0, 727.0, 153.0]",86.0,small,m3-f0-i195-p035478,0.0248,"[636.62, 6.84, 742.68, 173.61]",0.6758
i31-gt,31,1,scene_L00000011028,ship,ship,3,"[305.0, 549.0, 344.0, 694.0]",39.0,small,m3-f1-i31-p001954,0.0247,"[311.57, 547.73, 344.14, 692.28]",0.8128
i946-gt,946,1,scene_L00000001339,ship,ship,2,"[124.0, 281.0, 157.0, 473.0]",33.0,small,m3-f1-i946-p080154,0.0246,"[121.13, 269.57, 159.67, 474.69]",0.8016
i946-gt,946,1,scene_L00000001339,ship,ship,2,"[212.0, 765.0, 469.0, 872.0]",107.0,medium,m3-f1-i946-p080157,0.0242,"[205.44, 771.97, 465.17, 872.0]",0.8995
i214-gt,214,0,scene_L00000012443,ship,ship,3,"[208.0, 53.0, 258.0, 160.0]",50.0,small,m3-f0-i214-p041220,0.0237,"[209.75, 51.69, 258.39, 159.58]",0.9427
i920-gt,920,2,scene_L00000001478,ship,ship,3,"[96.0, 232.0, 195.0, 374.0]",99.0,medium,m3-f2-i920-p099945,0.0228,"[123.96, 228.25, 193.2, 368.44]",0.6598
i10-gt,10,0,scene_L00000010882,ship,ship,3,"[403.0, 534.0, 461.0, 684.0]",58.0,small,m3-f0-i10-p002526,0.0228,"[411.46, 535.72, 460.45, 684.1]",0.8345
i453-gt,453,0,scene_L00000101102,ship,ship,3,"[0.0, 852.0, 355.0, 868.0]",16.0,tiny,m3-f0-i453-p049010,0.0228,"[2.23, 846.54, 369.68, 868.0]",0.7125
i717-gt,717,1,scene_L00000000227,ship,ship,2,"[529.0, 333.0, 594.0, 471.0]",65.0,small,m3-f1-i717-p059244,0.0226,"[531.78, 345.17, 597.16, 473.66]",0.8206
i7-gt,7,0,scene_L00000010882,ship,ship,3,"[827.0, 494.0, 843.0, 584.0]",16.0,tiny,m3-f0-i7-p001624,0.0225,"[828.9, 489.78, 843.0, 601.02]",0.7294
i1034-gt,1034,1,scene_L1A0004749016,ship,ship,3,"[373.0, 141.0, 550.0, 533.0]",177.0,medium,m3-f1-i1034-p095176,0.0221,"[375.04, 135.28, 553.71, 541.45]",0.9348
i1095-gt,1095,2,scene_L1A0001219553,ship,ship,3,"[442.0, 272.0, 578.0, 309.0]",37.0,small,m3-f2-i1095-p105989,0.0217,"[434.03, 268.18, 586.07, 308.71]",0.8051
i4385-gt,4385,0,scene_L1A0000600031,ship,ship,2,"[46.0, 485.0, 214.0, 652.0]",167.0,medium,m3-f0-i4385-p440474,0.0216,"[36.46, 480.19, 229.59, 652.46]",0.8433
i301-gt,301,2,scene_L00000012645,ship,ship,3,"[594.0, 250.0, 628.0, 353.0]",34.0,small,m3-f2-i301-p017438,0.0215,"[585.3, 252.43, 628.09, 353.85]",0.7733
i31-gt,31,1,scene_L00000011028,ship,ship,3,"[168.0, 584.0, 226.0, 678.0]",58.0,small,m3-f1-i31-p002002,0.0212,"[172.68, 589.57, 223.35, 678.84]",0.8155
i31-gt,31,1,scene_L00000011028,ship,ship,3,"[505.0, 482.0, 541.0, 596.0]",36.0,small,m3-f1-i31-p002007,0.0208,"[503.12, 477.99, 538.88, 597.28]",0.8568
i1023-gt,1023,1,scene_L1A0004749016,ship,ship,3,"[-0.0, 0.0, 29.0, 24.0]",24.0,tiny,m3-f1-i1023-p091888,0.0208,"[0.0, 0.0, 23.19, 26.4]",0.7405
i4367-gt,4367,2,scene_L1A0003102432,ship,ship,0,"[309.0, 524.0, 742.0, 648.0]",124.0,medium,m3-f2-i4367-p397031,0.0208,"[291.38, 522.47, 762.25, 648.14]",0.9074
i921-gt,921,2,scene_L00000001478,ship,ship,3,"[792.0, 248.0, 890.0, 414.0]",98.0,medium,m3-f2-i921-p100302,0.0197,"[788.48, 256.7, 873.14, 404.8]",0.7157
i881-gt,881,1,scene_L00000001223,ship,ship,3,"[722.0, 292.0, 872.0, 329.0]",37.0,small,m3-f1-i881-p078070,0.0196,"[720.53, 285.43, 872.0, 348.56]",0.5805
i1282-gt,1282,0,scene_L1A0003883169,ship,ship,2,"[475.0, 585.0, 716.0, 743.0]",158.0,medium,m3-f0-i1282-p124252,0.0193,"[471.9, 579.01, 715.13, 736.49]",0.9093
i307-gt,307,2,scene_L00000012645,ship,ship,3,"[502.0, 663.0, 826.0, 836.0]",173.0,medium,m3-f2-i307-p019231,0.0192,"[542.53, 659.53, 838.87, 791.6]",0.6207
i727-gt,727,1,scene_L00000000227,ship,ship,3,"[95.0, 256.0, 292.0, 507.0]",197.0,medium,m3-f1-i727-p062226,0.0192,"[98.34, 260.23, 280.92, 501.93]",0.8925
i553-gt,553,2,scene_L00000100047,ship,ship,3,"[155.0, 260.0, 200.0, 373.0]",45.0,small,m3-f2-i553-p059773,0.0191,"[154.64, 270.87, 201.45, 366.37]",0.8172
i4406-gt,4406,0,scene_L1A0003270052,ship,ship,3,"[371.0, 641.0, 553.0, 801.0]",160.0,medium,m3-f0-i4406-p442964,0.0189,"[357.45, 614.55, 534.29, 810.66]",0.6935
i9-gt,9,0,scene_L00000010882,ship,ship,3,"[417.0, 54.0, 589.0, 144.0]",90.0,small,m3-f0-i9-p002252,0.0185,"[415.52, 60.04, 578.71, 143.36]",0.8636
i6-gt,6,0,scene_L00000010882,ship,ship,2,"[-0.0, 0.0, 149.0, 106.0]",106.0,medium,m3-f0-i6-p001428,0.0185,"[0.45, 0.25, 134.67, 119.7]",0.8049
i1235-gt,1235,2,scene_L1A0003133739,ship,ship,3,"[491.0, 291.0, 568.0, 470.0]",77.0,small,m3-f2-i1235-p122826,0.0182,"[487.04, 256.48, 567.08, 468.28]",0.7819
i206-gt,206,0,scene_L00000012443,ship,ship,3,"[143.0, 357.0, 205.0, 493.0]",62.0,small,m3-f0-i206-p038964,0.0181,"[142.28, 356.56, 205.32, 493.92]",0.9737
i920-gt,920,2,scene_L00000001478,ship,ship,3,"[28.0, 717.0, 126.0, 876.0]",98.0,medium,m3-f2-i920-p099967,0.018,"[22.96, 728.75, 94.13, 876.0]",0.5965
i31-gt,31,1,scene_L00000011028,ship,ship,3,"[88.0, 620.0, 114.0, 752.0]",26.0,tiny,m3-f1-i31-p002047,0.0179,"[75.88, 619.4, 120.92, 745.59]",0.5581
i125-gt,125,0,scene_L00000012440,ship,ship,3,"[409.0, 116.0, 632.0, 348.0]",223.0,medium,m3-f0-i125-p016058,0.0178,"[397.19, 129.47, 643.29, 371.42]",0.7791
i123-gt,123,0,scene_L00000012440,ship,ship,3,"[0.0, 489.0, 220.0, 721.0]",220.0,medium,m3-f0-i123-p015502,0.0176,"[1.45, 500.35, 213.36, 728.17]",0.8896
i619-gt,619,2,scene_L00000100050,ship,ship,3,"[713.0, 31.0, 772.0, 173.0]",59.0,small,m3-f2-i619-p079618,0.0172,"[690.46, 29.81, 776.88, 210.06]",0.5378
i749-gt,749,0,scene_L00000000285,ship,ship,3,"[99.0, 1.0, 177.0, 111.0]",78.0,small,m3-f0-i749-p073183,0.0172,"[113.59, 0.15, 191.16, 112.33]",0.6768
i212-gt,212,0,scene_L00000012443,ship,ship,3,"[314.0, 558.0, 415.0, 708.0]",101.0,medium,m3-f0-i212-p040755,0.0172,"[313.11, 556.14, 408.82, 701.28]",0.8791
i397-gt,397,2,scene_L00000100998,ship,ship,3,"[219.0, 354.0, 281.0, 478.0]",62.0,small,m3-f2-i397-p040680,0.0168,"[203.29, 347.83, 282.99, 491.68]",0.6706
i494-gt,494,1,scene_L00000099505,ship,ship,2,"[260.0, 267.0, 477.0, 388.0]",121.0,medium,m3-f1-i494-p038367,0.0167,"[259.89, 264.98, 476.57, 398.74]",0.9025
i4390-gt,4390,0,scene_L1A0000600031,ship,ship,3,"[663.0, 445.0, 719.0, 544.0]",56.0,small,m3-f0-i4390-p442144,0.0167,"[663.45, 449.09, 718.52, 545.45]",0.9293
i557-gt,557,2,scene_L00000100047,ship,ship,3,"[583.0, 303.0, 646.0, 523.0]",63.0,small,m3-f2-i557-p061118,0.0165,"[578.95, 304.58, 654.35, 522.36]",0.8284
i954-gt,954,0,scene_L00000002680,ship,ship,3,"[432.0, 423.0, 577.0, 457.0]",34.0,small,m3-f0-i954-p103331,0.0164,"[434.39, 422.9, 560.43, 463.14]",0.7496
i31-gt,31,1,scene_L00000011028,ship,ship,3,"[480.0, 494.0, 524.0, 615.0]",44.0,small,m3-f1-i31-p002079,0.0163,"[476.48, 487.57, 528.19, 612.85]",0.7957
i654-gt,654,0,scene_L00000000225,ship,ship,3,"[746.0, 221.0, 888.0, 494.0]",142.0,medium,m3-f0-i654-p062806,0.0163,"[743.34, 222.19, 892.74, 495.02]",0.943
i925-gt,925,0,scene_L00000001337,ship,ship,3,"[251.0, 39.0, 450.0, 228.0]",189.0,medium,m3-f0-i925-p097381,0.0162,"[228.43, 34.52, 451.6, 234.14]",0.8442
i851-gt,851,2,scene_L00000000701,ship,ship,3,"[524.0, 224.0, 609.0, 419.0]",85.0,small,m3-f2-i851-p086116,0.016,"[546.15, 230.02, 601.95, 414.59]",0.6214
i597-gt,597,2,scene_L00000100050,ship,ship,3,"[612.0, 187.0, 704.0, 615.0]",92.0,small,m3-f2-i597-p073125,0.016,"[612.92, 179.5, 710.6, 612.92]",0.9038
i31-gt,31,1,scene_L00000011028,ship,ship,3,"[359.0, 536.0, 419.0, 658.0]",60.0,small,m3-f1-i31-p002096,0.0158,"[357.96, 528.2, 415.83, 659.87]",0.8659
i731-gt,731,1,scene_L00000000227,ship,ship,3,"[308.0, 24.0, 445.0, 138.0]",114.0,medium,m3-f1-i731-p063482,0.0158,"[315.22, 23.36, 446.52, 145.11]",0.8801
i637-gt,637,2,scene_L00000000254,ship,ship,3,"[275.0, 389.0, 507.0, 537.0]",148.0,medium,m3-f2-i637-p084642,0.0157,"[316.86, 404.83, 510.09, 518.28]",0.6219
i210-gt,210,0,scene_L00000012443,ship,ship,3,"[558.0, 93.0, 657.0, 254.0]",99.0,medium,m3-f0-i210-p040182,0.0152,"[557.04, 96.7, 661.67, 256.08]",0.9138
i432-gt,432,2,scene_L00000101101,ship,ship,3,"[530.0, 463.0, 619.0, 560.0]",89.0,small,m3-f2-i432-p050795,0.0152,"[530.18, 469.41, 618.72, 558.86]",0.9174
i157-gt,157,0,scene_L00000012443,ship,ship,2,"[693.0, 277.0, 750.0, 437.0]",57.0,small,m3-f0-i157-p024179,0.0151,"[690.81, 270.79, 748.34, 442.37]",0.8736
i883-gt,883,1,scene_L00000001223,ship,ship,3,"[726.0, 59.0, 858.0, 179.0]",120.0,medium,m3-f1-i883-p078755,0.0151,"[724.35, 75.52, 857.76, 181.22]",0.8361
i978-gt,978,2,scene_L00000002700,ship,ship,3,"[144.0, 154.0, 219.0, 206.0]",52.0,small,m3-f2-i978-p101846,0.0148,"[148.15, 150.41, 223.48, 212.92]",0.748
i1250-gt,1250,2,scene_L1A0002115142,ship,ship,2,"[0.0, 796.0, 155.0, 807.0]",11.0,tiny,m3-f2-i1250-p124103,0.0148,"[1.18, 792.76, 136.14, 807.0]",0.6929
i1095-gt,1095,2,scene_L1A0001219553,ship,ship,3,"[209.0, 771.0, 290.0, 826.0]",55.0,small,m3-f2-i1095-p106081,0.0147,"[211.24, 767.54, 288.83, 825.54]",0.8959
i413-gt,413,2,scene_L00000101101,ship,ship,2,"[341.0, 184.0, 503.0, 376.0]",162.0,medium,m3-f2-i413-p045196,0.0147,"[343.01, 167.32, 510.23, 457.94]",0.6271
i1283-gt,1283,0,scene_L1A0003883169,ship,ship,2,"[21.0, 287.0, 136.0, 518.0]",115.0,medium,m3-f0-i1283-p124778,0.0145,"[19.52, 292.55, 137.38, 520.93]",0.941
i885-gt,885,1,scene_L00000001223,ship,ship,3,"[123.0, 745.0, 281.0, 781.0]",36.0,small,m3-f1-i885-p079387,0.0143,"[105.52, 731.14, 279.71, 784.79]",0.6007
i682-gt,682,1,scene_L00000000227,ship,ship,3,"[22.0, 559.0, 81.0, 682.0]",59.0,small,m3-f1-i682-p048845,0.0142,"[24.39, 556.15, 73.54, 681.58]",0.8145
i4407-gt,4407,0,scene_L1A0000704021,ship,ship,2,"[719.0, 487.0, 786.0, 843.0]",67.0,small,m3-f0-i4407-p443384,0.0141,"[719.1, 468.04, 781.82, 850.21]",0.8758
i409-gt,409,2,scene_L00000100998,ship,ship,3,"[307.0, 674.0, 487.0, 743.0]",69.0,small,m3-f2-i409-p044294,0.014,"[293.96, 692.05, 494.09, 729.35]",0.5098
i476-gt,476,1,scene_L00000099179,ship,ship,3,"[711.0, 347.0, 813.0, 401.0]",54.0,small,m3-f1-i476-p035517,0.0138,"[710.56, 340.74, 813.69, 406.93]",0.8069
i340-gt,340,2,scene_L00000012635,ship,ship,3,"[534.0, 401.0, 623.0, 550.0]",89.0,small,m3-f2-i340-p023842,0.0137,"[551.37, 404.82, 629.74, 520.6]",0.5906
i583-gt,583,2,scene_L00000100049,ship,ship,3,"[577.0, 734.0, 805.0, 893.0]",159.0,medium,m3-f2-i583-p068819,0.0136,"[612.36, 756.74, 835.28, 893.0]",0.6501
i926-gt,926,0,scene_L00000001337,ship,ship,3,"[647.0, 492.0, 838.0, 669.0]",177.0,medium,m3-f0-i926-p097730,0.0132,"[672.07, 503.33, 852.0, 677.33]",0.7306
i462-gt,462,0,scene_L00000101102,ship,ship,3,"[855.0, 279.0, 868.0, 424.0]",13.0,tiny,m3-f0-i462-p051830,0.0127,"[858.53, 270.24, 868.0, 398.98]",0.5772
i924-gt,924,0,scene_L00000001337,ship,ship,3,"[869.0, 0.0, 896.0, 102.0]",27.0,tiny,m3-f0-i924-p097179,0.0125,"[861.48, 0.0, 896.0, 75.96]",0.6168
i1265-gt,1265,0,scene_L1A0002135991,ship,ship,1,"[315.0, 156.0, 537.0, 335.0]",179.0,medium,m3-f0-i1265-p120291,0.0125,"[310.16, 149.86, 532.13, 344.84]",0.8803
i553-gt,553,2,scene_L00000100047,ship,ship,3,"[669.0, 307.0, 704.0, 395.0]",35.0,small,m3-f2-i553-p059911,0.0125,"[669.02, 305.63, 705.67, 371.36]",0.6954
i304-gt,304,2,scene_L00000012645,ship,ship,3,"[495.0, 582.0, 819.0, 755.0]",173.0,medium,m3-f2-i304-p018404,0.0124,"[528.25, 588.03, 822.53, 713.14]",0.6439
i562-gt,562,2,scene_L00000100047,ship,ship,3,"[172.0, 96.0, 353.0, 330.0]",181.0,medium,m3-f2-i562-p062601,0.0122,"[166.11, 85.36, 353.32, 331.24]",0.9202
i383-gt,383,2,scene_L00000100998,ship,ship,3,"[155.0, 298.0, 298.0, 400.0]",102.0,medium,m3-f2-i383-p036474,0.0116,"[173.41, 311.09, 257.52, 399.41]",0.5093
i379-gt,379,2,scene_L00000100998,ship,ship,3,"[517.0, 366.0, 635.0, 475.0]",109.0,medium,m3-f2-i379-p035361,0.0115,"[534.53, 353.81, 641.94, 462.86]",0.6556
i344-gt,344,2,scene_L00000012635,ship,ship,3,"[205.0, 558.0, 266.0, 715.0]",61.0,small,m3-f2-i344-p025181,0.0114,"[205.87, 577.45, 264.0, 707.05]",0.7867
i4403-gt,4403,2,scene_L1A0003949798,ship,ship,3,"[58.0, 263.0, 145.0, 328.0]",65.0,small,m3-f2-i4403-p401248,0.0113,"[59.01, 263.94, 145.55, 328.33]",0.9632
i881-gt,881,1,scene_L00000001223,ship,ship,3,"[544.0, 314.0, 706.0, 454.0]",140.0,medium,m3-f1-i881-p078223,0.0109,"[532.28, 312.52, 704.19, 462.4]",0.8619
i370-gt,370,2,scene_L00000100998,ship,ship,3,"[60.0, 729.0, 187.0, 829.0]",100.0,medium,m3-f2-i370-p032490,0.0104,"[63.34, 733.75, 184.52, 832.46]",0.8798
i387-gt,387,2,scene_L00000100998,ship,ship,3,"[0.0, 713.0, 130.0, 815.0]",102.0,medium,m3-f2-i387-p037666,0.0096,"[0.77, 711.01, 111.24, 784.89]",0.5891
i878-gt,878,2,scene_L00000001127,ship,ship,3,"[533.0, 623.0, 697.0, 701.0]",78.0,small,m3-f2-i878-p089309,0.0094,"[519.88, 642.74, 691.89, 702.73]",0.6682
i619-gt,619,2,scene_L00000100050,ship,ship,3,"[527.0, 604.0, 582.0, 749.0]",55.0,small,m3-f2-i619-p079786,0.0094,"[519.72, 572.84, 581.37, 734.71]",0.6552
i1279-gt,1279,2,scene_L1A0003513249,ship,ship,3,"[576.0, 48.0, 657.0, 163.0]",81.0,small,m3-f2-i1279-p126462,0.0084,"[579.38, 49.03, 657.21, 162.26]",0.9412
i365-gt,365,2,scene_L00000100998,ship,ship,3,"[92.0, 634.0, 187.0, 700.0]",66.0,small,m3-f2-i365-p031162,0.0075,"[62.35, 649.55, 176.72, 696.25]",0.5169
i4360-gt,4360,1,mar20-airport-proxy-042,aircraft,aircraft,22,"[437.0, 622.0, 568.0, 800.0]",131.0,medium,m3-f1-i4360-p475505,0.9531,"[437.5, 619.73, 568.75, 799.8]",0.977
i1977-gt,1977,2,mar20-airport-proxy-044,aircraft,aircraft,7,"[23.0, 606.0, 248.0, 799.0]",193.0,medium,m3-f2-i1977-p193500,0.9521,"[27.05, 606.2, 249.51, 799.27]",0.9731
i1755-gt,1755,1,mar20-airport-proxy-016,aircraft,aircraft,15,"[543.0, 630.0, 666.0, 778.0]",123.0,medium,m3-f1-i1755-p181800,0.9521,"[542.19, 629.49, 665.62, 779.88]",0.9747
i3395-gt,3395,0,mar20-airport-proxy-041,aircraft,aircraft,15,"[554.0, 622.0, 699.0, 729.0]",107.0,medium,m3-f0-i3395-p316500,0.9502,"[552.25, 622.41, 699.32, 729.15]",0.9808
i1841-gt,1841,0,mar20-airport-proxy-055,aircraft,aircraft,7,"[365.0, 581.0, 537.0, 770.0]",172.0,medium,m3-f0-i1841-p180900,0.9492,"[364.26, 582.03, 534.96, 771.09]",0.973
i1841-gt,1841,0,mar20-airport-proxy-055,aircraft,aircraft,7,"[193.0, 587.0, 366.0, 773.0]",173.0,medium,m3-f0-i1841-p180901,0.9473,"[190.82, 587.11, 361.91, 776.17]",0.9479
i2105-gt,2105,2,mar20-airport-proxy-021,aircraft,aircraft,15,"[398.0, 20.0, 460.0, 95.0]",62.0,small,m3-f2-i2105-p204900,0.9468,"[400.98, 22.49, 462.3, 95.87]",0.8787
i3540-gt,3540,2,mar20-airport-proxy-004,aircraft,aircraft,6,"[55.0, 85.0, 211.0, 251.0]",156.0,medium,m3-f2-i3540-p343800,0.9424,"[55.32, 87.3, 214.79, 248.05]",0.9441
i2483-gt,2483,2,mar20-airport-proxy-008,aircraft,aircraft,14,"[235.0, 234.0, 494.0, 500.0]",259.0,large,m3-f2-i2483-p240900,0.9424,"[235.45, 234.38, 494.24, 498.83]",0.9916
i2418-gt,2418,2,mar20-airport-proxy-015,aircraft,aircraft,4,"[379.0, 436.0, 463.0, 495.0]",59.0,small,m3-f2-i2418-p233403,0.9419,"[378.88, 436.16, 464.09, 495.87]",0.9689
i3716-gt,3716,0,mar20-airport-proxy-018,aircraft,aircraft,20,"[738.0, 262.0, 791.0, 313.0]",51.0,small,m3-f0-i3716-p348609,0.9409,"[739.87, 262.29, 789.82, 308.8]",0.8595
i2383-gt,2383,0,mar20-airport-proxy-026,aircraft,aircraft,4,"[270.0, 418.0, 344.0, 513.0]",74.0,small,m3-f0-i2383-p227102,0.9409,"[270.07, 408.89, 345.95, 515.33]",0.8689
i3136-gt,3136,2,mar20-airport-proxy-015,aircraft,aircraft,4,"[272.0, 420.0, 387.0, 515.0]",95.0,small,m3-f2-i3136-p299705,0.9395,"[270.51, 418.92, 381.45, 515.45]",0.9253
i3715-gt,3715,2,mar20-airport-proxy-015,aircraft,aircraft,22,"[131.0, 463.0, 190.0, 541.0]",59.0,small,m3-f2-i3715-p356701,0.939,"[131.86, 464.72, 190.6, 540.75]",0.951
i3432-gt,3432,0,mar20-airport-proxy-022,aircraft,aircraft,22,"[279.0, 207.0, 459.0, 354.0]",147.0,medium,m3-f0-i3432-p319501,0.9385,"[276.22, 207.13, 464.01, 360.06]",0.9198
i1876-gt,1876,1,mar20-airport-proxy-042,aircraft,aircraft,22,"[341.0, 256.0, 389.0, 324.0]",48.0,small,m3-f1-i1876-p195306,0.9375,"[340.21, 257.54, 389.09, 325.27]",0.9426
i3661-gt,3661,2,mar20-airport-proxy-051,aircraft,aircraft,14,"[313.0, 25.0, 448.0, 144.0]",119.0,medium,m3-f2-i3661-p353401,0.937,"[318.9, 27.88, 448.68, 143.41]",0.9239
i3060-gt,3060,2,mar20-airport-proxy-013,aircraft,aircraft,18,"[312.0, 563.0, 468.0, 733.0]",156.0,medium,m3-f2-i3060-p292500,0.937,"[317.38, 563.53, 465.43, 726.32]",0.9088
i3731-gt,3731,0,mar20-airport-proxy-018,aircraft,aircraft,20,"[489.0, 319.0, 556.0, 376.0]",57.0,small,m3-f0-i3731-p351605,0.9365,"[491.36, 318.97, 551.61, 376.34]",0.894
i1487-gt,1487,2,mar20-airport-proxy-009,aircraft,aircraft,10,"[559.0, 474.0, 630.0, 551.0]",71.0,small,m3-f2-i1487-p144600,0.9365,"[557.51, 472.63, 631.12, 550.91]",0.9466
i4101-gt,4101,0,mar20-airport-proxy-045,aircraft,aircraft,10,"[186.0, 537.0, 261.0, 615.0]",75.0,small,m3-f0-i4101-p406802,0.9365,"[183.34, 529.55, 259.62, 619.43]",0.8247
i1471-gt,1471,2,mar20-airport-proxy-009,aircraft,aircraft,10,"[168.0, 103.0, 358.0, 289.0]",186.0,medium,m3-f2-i1471-p143101,0.9365,"[167.77, 95.5, 368.42, 293.92]",0.8876
i4034-gt,4034,0,mar20-airport-proxy-046,aircraft,aircraft,14,"[242.0, 513.0, 343.0, 597.0]",84.0,small,m3-f0-i4034-p399900,0.936,"[244.64, 511.45, 340.14, 602.44]",0.8767
i3430-gt,3430,2,mar20-airport-proxy-004,aircraft,aircraft,21,"[268.0, 66.0, 426.0, 207.0]",141.0,medium,m3-f2-i3430-p333300,0.9355,"[273.88, 65.04, 412.84, 213.09]",0.8425
i2418-gt,2418,2,mar20-airport-proxy-015,aircraft,aircraft,4,"[366.0, 499.0, 443.0, 558.0]",59.0,small,m3-f2-i2418-p233405,0.9351,"[363.99, 501.15, 440.7, 555.88]",0.8787
i2129-gt,2129,2,mar20-airport-proxy-023,aircraft,aircraft,14,"[563.0, 572.0, 681.0, 679.0]",107.0,medium,m3-f2-i2129-p206705,0.9346,"[568.7, 572.31, 676.61, 676.12]",0.8872
i3430-gt,3430,2,mar20-airport-proxy-004,aircraft,aircraft,21,"[238.0, 245.0, 386.0, 403.0]",148.0,medium,m3-f2-i3430-p333302,0.9346,"[242.24, 260.69, 383.54, 405.32]",0.8481
i3646-gt,3646,1,mar20-airport-proxy-042,aircraft,aircraft,22,"[119.0, 711.0, 176.0, 793.0]",57.0,small,m3-f1-i3646-p400802,0.9346,"[119.56, 711.5, 176.54, 793.19]",0.9729
i2839-gt,2839,1,mar20-airport-proxy-024,aircraft,aircraft,18,"[382.0, 695.0, 485.0, 800.0]",103.0,medium,m3-f1-i2839-p309901,0.9346,"[378.86, 691.21, 487.55, 800.0]",0.9146
i3663-gt,3663,2,mar20-airport-proxy-044,aircraft,aircraft,7,"[413.0, 56.0, 587.0, 205.0]",149.0,medium,m3-f2-i3663-p354001,0.9346,"[425.68, 54.25, 586.04, 205.13]",0.911
i1903-gt,1903,1,mar20-airport-proxy-010,aircraft,aircraft,21,"[364.0, 261.0, 471.0, 360.0]",99.0,medium,m3-f1-i1903-p198001,0.9341,"[359.18, 257.03, 473.63, 360.16]",0.8975
i3060-gt,3060,2,mar20-airport-proxy-013,aircraft,aircraft,18,"[548.0, 574.0, 699.0, 733.0]",151.0,medium,m3-f2-i3060-p292501,0.9336,"[548.24, 570.26, 696.29, 728.96]",0.934
i4340-gt,4340,1,mar20-airport-proxy-024,aircraft,aircraft,18,"[74.0, 405.0, 207.0, 505.0]",100.0,medium,m3-f1-i4340-p472501,0.9336,"[80.08, 404.69, 209.77, 507.81]",0.9078
i3125-gt,3125,2,mar20-airport-proxy-015,aircraft,aircraft,4,"[619.0, 678.0, 755.0, 790.0]",112.0,medium,m3-f2-i3125-p299103,0.9331,"[619.87, 676.76, 759.03, 791.21]",0.9444
i3839-gt,3839,0,mar20-airport-proxy-032,aircraft,aircraft,19,"[371.0, 380.0, 502.0, 512.0]",131.0,medium,m3-f0-i3839-p376801,0.9331,"[369.75, 381.73, 500.74, 515.85]",0.9411
i3992-gt,3992,1,mar20-airport-proxy-010,aircraft,aircraft,7,"[331.0, 44.0, 424.0, 123.0]",79.0,small,m3-f1-i3992-p427809,0.9331,"[328.77, 44.67, 423.25, 120.41]",0.9297
i4034-gt,4034,0,mar20-airport-proxy-046,aircraft,aircraft,14,"[154.0, 420.0, 251.0, 513.0]",93.0,small,m3-f0-i4034-p399902,0.9326,"[156.34, 424.77, 247.32, 513.12]",0.8887
i2074-gt,2074,1,mar20-airport-proxy-017,aircraft,aircraft,14,"[36.0, 127.0, 139.0, 232.0]",103.0,medium,m3-f1-i2074-p218402,0.9326,"[34.81, 121.09, 137.94, 231.25]",0.9203
i2400-gt,2400,0,mar20-airport-proxy-045,aircraft,aircraft,17,"[419.0, 69.0, 516.0, 167.0]",97.0,medium,m3-f0-i2400-p228903,0.9321,"[419.14, 71.41, 513.67, 169.41]",0.9283
i2558-gt,2558,2,mar20-airport-proxy-051,aircraft,aircraft,16,"[509.0, 422.0, 644.0, 538.0]",116.0,medium,m3-f2-i2558-p249003,0.9321,"[501.46, 426.37, 643.85, 539.26]",0.9025
i2986-gt,2986,1,mar20-airport-proxy-011,aircraft,aircraft,22,"[451.0, 436.0, 514.0, 486.0]",50.0,small,m3-f1-i2986-p327309,0.9316,"[449.41, 434.69, 515.43, 481.71]",0.8535
i4030-gt,4030,1,mar20-airport-proxy-010,aircraft,aircraft,7,"[101.0, 135.0, 207.0, 231.0]",96.0,medium,m3-f1-i4030-p438602,0.9312,"[93.39, 129.85, 205.3, 235.29]",0.837
i1903-gt,1903,1,mar20-airport-proxy-010,aircraft,aircraft,21,"[120.0, 189.0, 230.0, 293.0]",104.0,medium,m3-f1-i1903-p198004,0.9307,"[117.29, 189.65, 231.35, 292.38]",0.9531
i2984-gt,2984,2,mar20-airport-proxy-021,aircraft,aircraft,20,"[72.0, 443.0, 156.0, 525.0]",82.0,small,m3-f2-i2984-p286501,0.9307,"[71.56, 442.5, 156.18, 526.25]",0.9721
i3839-gt,3839,0,mar20-airport-proxy-032,aircraft,aircraft,19,"[687.0, 377.0, 818.0, 509.0]",131.0,medium,m3-f0-i3839-p376806,0.9302,"[683.9, 382.41, 820.51, 511.0]",0.9074
i1769-gt,1769,1,mar20-airport-proxy-014,aircraft,aircraft,22,"[548.0, 576.0, 610.0, 659.0]",62.0,small,m3-f1-i1769-p183001,0.9302,"[549.84, 577.49, 603.72, 657.37]",0.8363
i1739-gt,1739,2,mar20-airport-proxy-004,aircraft,aircraft,6,"[204.0, 58.0, 373.0, 240.0]",169.0,medium,m3-f2-i1739-p171003,0.9297,"[207.23, 62.01, 390.43, 241.89]",0.8626
i2839-gt,2839,1,mar20-airport-proxy-024,aircraft,aircraft,18,"[350.0, 347.0, 456.0, 457.0]",106.0,medium,m3-f1-i2839-p309902,0.9287,"[353.32, 340.87, 463.09, 459.13]",0.8463
i1393-gt,1393,0,mar20-airport-proxy-006,aircraft,aircraft,5,"[111.0, 358.0, 208.0, 447.0]",89.0,small,m3-f0-i1393-p138001,0.9287,"[111.02, 358.62, 202.01, 449.12]",0.9111
i4246-gt,4246,1,mar20-airport-proxy-042,aircraft,aircraft,22,"[190.0, 467.0, 242.0, 539.0]",52.0,small,m3-f1-i4246-p464406,0.9282,"[190.84, 466.36, 240.8, 537.55]",0.9332
i3472-gt,3472,2,mar20-airport-proxy-023,aircraft,aircraft,17,"[171.0, 471.0, 237.0, 550.0]",66.0,small,m3-f2-i3472-p337802,0.9282,"[177.71, 483.39, 237.48, 544.89]",0.6955
i2839-gt,2839,1,mar20-airport-proxy-024,aircraft,aircraft,18,"[338.0, 168.0, 445.0, 281.0]",107.0,medium,m3-f1-i2839-p309903,0.9282,"[338.09, 168.36, 449.41, 283.59]",0.9352
i2618-gt,2618,0,mar20-airport-proxy-055,aircraft,aircraft,7,"[530.0, 515.0, 669.0, 675.0]",139.0,medium,m3-f0-i2618-p246001,0.9277,"[527.1, 513.72, 672.12, 678.47]",0.9309
i4034-gt,4034,0,mar20-airport-proxy-046,aircraft,aircraft,14,"[338.0, 597.0, 438.0, 690.0]",93.0,small,m3-f0-i4034-p399905,0.9272,"[342.28, 600.31, 432.48, 689.58]",0.8658
i1509-gt,1509,1,mar20-airport-proxy-035,aircraft,aircraft,17,"[54.0, 31.0, 190.0, 183.0]",136.0,medium,m3-f1-i1509-p156002,0.9272,"[53.17, 24.17, 194.48, 178.96]",0.8974
i4332-gt,4332,1,mar20-airport-proxy-034,aircraft,aircraft,16,"[395.0, 142.0, 636.0, 303.0]",161.0,medium,m3-f1-i4332-p471600,0.9268,"[395.21, 136.77, 629.79, 306.98]",0.922
i2806-gt,2806,0,mar20-airport-proxy-022,aircraft,aircraft,4,"[2.0, 467.0, 81.0, 561.0]",79.0,small,m3-f0-i2806-p263108,0.9263,"[0.81, 466.8, 80.79, 560.55]",0.9757
i1448-gt,1448,2,mar20-airport-proxy-015,aircraft,aircraft,22,"[666.0, 221.0, 750.0, 289.0]",68.0,small,m3-f2-i1448-p141308,0.9263,"[665.16, 220.0, 751.25, 290.55]",0.9404
i1676-gt,1676,2,mar20-airport-proxy-013,aircraft,aircraft,18,"[315.0, 349.0, 410.0, 432.0]",83.0,small,m3-f2-i1676-p165903,0.9263,"[318.43, 348.44, 408.52, 427.73]",0.8938
i4336-gt,4336,1,mar20-airport-proxy-007,aircraft,aircraft,6,"[390.0, 197.0, 448.0, 255.0]",58.0,small,m3-f1-i4336-p472203,0.9263,"[386.46, 193.52, 450.94, 257.67]",0.8133
i3933-gt,3933,0,mar20-airport-proxy-047,aircraft,aircraft,11,"[337.0, 337.0, 392.0, 395.0]",55.0,small,m3-f0-i3933-p394500,0.9263,"[335.99, 334.11, 392.14, 397.14]",0.9012
i1676-gt,1676,2,mar20-airport-proxy-013,aircraft,aircraft,18,"[316.0, 472.0, 408.0, 558.0]",86.0,small,m3-f2-i1676-p165904,0.9258,"[317.26, 471.34, 408.13, 551.32]",0.9016
i4350-gt,4350,2,mar20-airport-proxy-015,aircraft,aircraft,22,"[203.0, 440.0, 313.0, 499.0]",59.0,small,m3-f2-i4350-p395701,0.9258,"[203.12, 435.35, 312.11, 501.37]",0.8863
i4336-gt,4336,1,mar20-airport-proxy-007,aircraft,aircraft,6,"[375.0, 545.0, 434.0, 604.0]",59.0,small,m3-f1-i4336-p472204,0.9258,"[372.46, 541.72, 434.8, 606.53]",0.8615
i4034-gt,4034,0,mar20-airport-proxy-046,aircraft,aircraft,14,"[507.0, 384.0, 597.0, 465.0]",81.0,small,m3-f0-i4034-p399906,0.9238,"[510.78, 377.45, 595.32, 466.57]",0.8584
i3606-gt,3606,2,mar20-airport-proxy-056,aircraft,aircraft,8,"[297.0, 9.0, 418.0, 179.0]",121.0,medium,m3-f2-i3606-p350400,0.9238,"[297.85, 7.67, 416.6, 171.53]",0.9311
i3960-gt,3960,1,mar20-airport-proxy-034,aircraft,aircraft,8,"[497.0, 566.0, 579.0, 617.0]",51.0,small,m3-f1-i3960-p420900,0.9229,"[496.43, 564.29, 574.57, 613.19]",0.8429
i1797-gt,1797,2,mar20-airport-proxy-023,aircraft,aircraft,14,"[241.0, 209.0, 340.0, 294.0]",85.0,small,m3-f2-i1797-p174302,0.9229,"[245.26, 208.98, 334.42, 295.7]",0.8845
i3524-gt,3524,0,mar20-airport-proxy-048,aircraft,aircraft,7,"[158.0, 653.0, 271.0, 762.0]",109.0,medium,m3-f0-i3524-p328500,0.9224,"[155.71, 644.58, 275.54, 763.23]",0.8663
i3428-gt,3428,1,mar20-airport-proxy-057,aircraft,aircraft,19,"[350.0, 272.0, 459.0, 344.0]",72.0,small,m3-f1-i3428-p375900,0.9224,"[349.95, 268.02, 453.96, 348.0]",0.8621
i3495-gt,3495,1,mar20-airport-proxy-043,aircraft,aircraft,23,"[282.0, 278.0, 338.0, 315.0]",37.0,small,m3-f1-i3495-p382200,0.9219,"[282.62, 276.35, 338.87, 314.66]",0.9244
i4160-gt,4160,2,mar20-airport-proxy-013,aircraft,aircraft,18,"[770.0, 95.0, 822.0, 137.0]",42.0,small,m3-f2-i4160-p372300,0.9219,"[767.98, 96.58, 820.15, 136.79]",0.8903
i4204-gt,4204,2,mar20-airport-proxy-051,aircraft,aircraft,16,"[38.0, 4.0, 284.0, 132.0]",128.0,medium,m3-f2-i4204-p380100,0.9219,"[31.84, 0.0, 280.47, 136.47]",0.9026
i2409-gt,2409,2,mar20-airport-proxy-004,aircraft,aircraft,6,"[178.0, 272.0, 282.0, 382.0]",104.0,medium,m3-f2-i2409-p232207,0.9214,"[182.52, 285.96, 275.29, 380.83]",0.7694
i3960-gt,3960,1,mar20-airport-proxy-034,aircraft,aircraft,8,"[191.0, 224.0, 279.0, 274.0]",50.0,small,m3-f1-i3960-p420901,0.9214,"[196.58, 225.84, 269.79, 268.72]",0.7135
i2925-gt,2925,2,mar20-airport-proxy-051,aircraft,aircraft,19,"[254.0, 191.0, 326.0, 298.0]",72.0,small,m3-f2-i2925-p280500,0.9209,"[243.41, 192.19, 328.47, 293.75]",0.8098
i3960-gt,3960,1,mar20-airport-proxy-034,aircraft,aircraft,8,"[489.0, 211.0, 569.0, 260.0]",49.0,small,m3-f1-i3960-p420902,0.9204,"[491.23, 212.36, 564.19, 254.07]",0.7764
i2725-gt,2725,2,mar20-airport-proxy-023,aircraft,aircraft,17,"[543.0, 549.0, 654.0, 658.0]",109.0,medium,m3-f2-i2725-p267303,0.9194,"[549.8, 552.29, 652.54, 656.3]",0.8831
i2558-gt,2558,2,mar20-airport-proxy-051,aircraft,aircraft,16,"[504.0, 42.0, 669.0, 157.0]",115.0,medium,m3-f2-i2558-p249005,0.9194,"[510.4, 42.68, 668.51, 152.83]",0.9179
i1548-gt,1548,2,mar20-airport-proxy-044,aircraft,aircraft,7,"[308.0, 495.0, 475.0, 642.0]",147.0,medium,m3-f2-i1548-p150604,0.9189,"[315.43, 494.29, 476.37, 638.53]",0.9213
i3960-gt,3960,1,mar20-airport-proxy-034,aircraft,aircraft,8,"[430.0, 492.0, 517.0, 547.0]",55.0,small,m3-f1-i3960-p420903,0.9189,"[431.35, 491.97, 507.23, 539.55]",0.7537
i3933-gt,3933,0,mar20-airport-proxy-047,aircraft,aircraft,11,"[133.0, 683.0, 190.0, 742.0]",57.0,small,m3-f0-i3933-p394502,0.9189,"[130.83, 680.35, 189.28, 744.65]",0.8736
i3960-gt,3960,1,mar20-airport-proxy-034,aircraft,aircraft,8,"[430.0, 147.0, 509.0, 199.0]",52.0,small,m3-f1-i3960-p420904,0.9185,"[432.38, 149.54, 504.25, 189.88]",0.7057
i2288-gt,2288,2,mar20-airport-proxy-023,aircraft,aircraft,14,"[106.0, 436.0, 227.0, 545.0]",109.0,medium,m3-f2-i2288-p221704,0.9185,"[112.21, 436.08, 223.73, 543.6]",0.9092
i2925-gt,2925,2,mar20-airport-proxy-051,aircraft,aircraft,19,"[710.0, 442.0, 784.0, 556.0]",74.0,small,m3-f2-i2925-p280501,0.918,"[707.89, 451.27, 791.33, 556.54]",0.8183
i3960-gt,3960,1,mar20-airport-proxy-034,aircraft,aircraft,8,"[557.0, 636.0, 644.0, 691.0]",55.0,small,m3-f1-i3960-p420905,0.918,"[559.23, 635.36, 637.36, 683.19]",0.7626
i3960-gt,3960,1,mar20-airport-proxy-034,aircraft,aircraft,8,"[370.0, 422.0, 459.0, 477.0]",55.0,small,m3-f1-i3960-p420906,0.918,"[372.17, 423.09, 446.17, 469.8]",0.7061
i3606-gt,3606,2,mar20-airport-proxy-056,aircraft,aircraft,8,"[635.0, 217.0, 751.0, 388.0]",116.0,medium,m3-f2-i3606-p350402,0.9175,"[635.21, 218.46, 754.64, 381.54]",0.9244
i2986-gt,2986,1,mar20-airport-proxy-011,aircraft,aircraft,4,"[276.0, 638.0, 322.0, 699.0]",46.0,small,m3-f1-i2986-p327311,0.917,"[274.74, 638.23, 322.91, 701.61]",0.9124
i3960-gt,3960,1,mar20-airport-proxy-034,aircraft,aircraft,8,"[673.0, 408.0, 756.0, 461.0]",53.0,small,m3-f1-i3960-p420907,0.917,"[671.87, 408.95, 745.74, 452.96]",0.7196
i2593-gt,2593,0,mar20-airport-proxy-033,aircraft,aircraft,19,"[344.0, 52.0, 427.0, 160.0]",83.0,small,m3-f0-i2593-p244200,0.917,"[345.7, 51.03, 423.05, 157.96]",0.9066
i2115-gt,2115,0,mar20-airport-proxy-022,aircraft,aircraft,4,"[233.0, 237.0, 287.0, 281.0]",44.0,small,m3-f0-i2115-p203701,0.9165,"[232.64, 237.29, 286.11, 284.58]",0.8986
i3960-gt,3960,1,mar20-airport-proxy-034,aircraft,aircraft,8,"[605.0, 339.0, 683.0, 391.0]",52.0,small,m3-f1-i3960-p420908,0.916,"[607.7, 338.96, 683.34, 385.14]",0.8527
i3960-gt,3960,1,mar20-airport-proxy-034,aircraft,aircraft,8,"[735.0, 476.0, 822.0, 530.0]",54.0,small,m3-f1-i3960-p420909,0.916,"[738.99, 477.77, 813.96, 522.77]",0.7181
i3184-gt,3184,1,mar20-airport-proxy-034,aircraft,aircraft,18,"[541.0, 42.0, 604.0, 116.0]",63.0,small,m3-f1-i3184-p351303,0.915,"[537.94, 39.82, 602.69, 116.24]",0.9048
i1709-gt,1709,2,mar20-airport-proxy-005,aircraft,aircraft,19,"[310.0, 108.0, 439.0, 213.0]",105.0,medium,m3-f2-i1709-p168900,0.915,"[313.04, 107.76, 457.28, 206.1]",0.8039
i3960-gt,3960,1,mar20-airport-proxy-034,aircraft,aircraft,8,"[620.0, 709.0, 707.0, 765.0]",56.0,small,m3-f1-i3960-p420910,0.9146,"[623.7, 707.77, 703.36, 760.01]",0.8174
i3300-gt,3300,2,mar20-airport-proxy-015,aircraft,aircraft,4,"[453.0, 188.0, 538.0, 292.0]",85.0,small,m3-f2-i3300-p316801,0.9146,"[451.93, 185.69, 531.67, 292.82]",0.8892
i2476-gt,2476,2,mar20-airport-proxy-015,aircraft,aircraft,22,"[284.0, 277.0, 413.0, 335.0]",58.0,small,m3-f2-i2476-p240001,0.9141,"[285.35, 273.24, 408.4, 340.82]",0.824
i2034-gt,2034,1,mar20-airport-proxy-043,aircraft,aircraft,23,"[323.0, 232.0, 384.0, 275.0]",43.0,small,m3-f1-i2034-p213600,0.9141,"[322.39, 230.64, 383.86, 275.22]",0.9529
i3933-gt,3933,0,mar20-airport-proxy-047,aircraft,aircraft,11,"[496.0, 51.0, 554.0, 108.0]",57.0,small,m3-f0-i3933-p394503,0.9136,"[495.0, 49.49, 552.66, 111.94]",0.8782
i2610-gt,2610,2,mar20-airport-proxy-015,aircraft,aircraft,4,"[117.0, 262.0, 187.0, 309.0]",47.0,small,m3-f2-i2610-p254715,0.9131,"[117.24, 264.56, 187.65, 308.09]",0.9152
i3874-gt,3874,0,mar20-airport-proxy-041,aircraft,aircraft,22,"[63.0, 13.0, 183.0, 119.0]",106.0,medium,m3-f0-i3874-p383405,0.9126,"[68.65, 12.89, 176.66, 112.7]",0.8457
i4160-gt,4160,2,mar20-airport-proxy-013,aircraft,aircraft,18,"[692.0, 259.0, 731.0, 314.0]",39.0,small,m3-f2-i4160-p372304,0.9121,"[689.36, 263.04, 727.32, 315.0]",0.7766
i3358-gt,3358,1,mar20-airport-proxy-043,aircraft,aircraft,23,"[317.0, 463.0, 408.0, 535.0]",72.0,small,m3-f1-i3358-p368702,0.9121,"[314.6, 462.08, 408.84, 535.57]",0.9461
i1829-gt,1829,1,mar20-airport-proxy-029,aircraft,aircraft,17,"[666.0, 178.0, 786.0, 301.0]",120.0,medium,m3-f1-i1829-p190801,0.9116,"[664.31, 183.4, 784.13, 300.59]",0.9255
i3960-gt,3960,1,mar20-airport-proxy-034,aircraft,aircraft,8,"[681.0, 772.0, 763.0, 828.0]",56.0,small,m3-f1-i3960-p420911,0.9116,"[680.57, 772.31, 760.41, 822.67]",0.8666
i3960-gt,3960,1,mar20-airport-proxy-034,aircraft,aircraft,8,"[546.0, 273.0, 625.0, 326.0]",53.0,small,m3-f1-i3960-p420912,0.9111,"[551.9, 277.17, 626.2, 320.54]",0.7479
i3959-gt,3959,1,mar20-airport-proxy-029,aircraft,aircraft,17,"[352.0, 399.0, 423.0, 479.0]",71.0,small,m3-f1-i3959-p420607,0.9111,"[350.77, 404.08, 421.52, 477.63]",0.8862
i2063-gt,2063,2,mar20-airport-proxy-056,aircraft,aircraft,8,"[254.0, 257.0, 489.0, 449.0]",192.0,medium,m3-f2-i2063-p201300,0.9111,"[253.61, 256.45, 486.62, 448.24]",0.9815
i4160-gt,4160,2,mar20-airport-proxy-013,aircraft,aircraft,18,"[666.0, 195.0, 707.0, 253.0]",41.0,small,m3-f2-i4160-p372307,0.9097,"[663.55, 194.7, 705.31, 249.7]",0.8517
i2409-gt,2409,2,mar20-airport-proxy-004,aircraft,aircraft,6,"[292.0, 273.0, 397.0, 375.0]",102.0,medium,m3-f2-i2409-p232208,0.9097,"[302.86, 281.3, 391.67, 371.83]",0.7507
i3960-gt,3960,1,mar20-airport-proxy-034,aircraft,aircraft,8,"[372.0, 90.0, 452.0, 137.0]",47.0,small,m3-f1-i3960-p420913,0.9097,"[372.72, 88.67, 449.03, 131.09]",0.812
i3409-gt,3409,0,mar20-airport-proxy-033,aircraft,aircraft,23,"[429.0, 302.0, 518.0, 418.0]",89.0,small,m3-f0-i3409-p317400,0.9092,"[419.43, 294.97, 525.88, 420.65]",0.7717
i3964-gt,3964,1,mar20-airport-proxy-034,aircraft,aircraft,16,"[468.0, 472.0, 544.0, 525.0]",53.0,small,m3-f1-i3964-p422100,0.9092,"[464.71, 471.22, 546.74, 527.58]",0.8712
i3960-gt,3960,1,mar20-airport-proxy-034,aircraft,aircraft,8,"[85.0, 103.0, 167.0, 150.0]",47.0,small,m3-f1-i3960-p420914,0.9082,"[85.22, 97.07, 156.85, 143.68]",0.681
i2718-gt,2718,0,mar20-airport-proxy-041,aircraft,aircraft,20,"[1.0, 121.0, 185.0, 320.0]",184.0,medium,m3-f0-i2718-p254701,0.9082,"[0.88, 134.38, 192.19, 323.05]",0.8859
i4336-gt,4336,1,mar20-airport-proxy-007,aircraft,aircraft,6,"[381.0, 406.0, 440.0, 465.0]",59.0,small,m3-f1-i4336-p472208,0.9077,"[377.69, 401.85, 439.62, 467.04]",0.8518
i4160-gt,4160,2,mar20-airport-proxy-013,aircraft,aircraft,18,"[744.0, 32.0, 796.0, 74.0]",42.0,small,m3-f2-i4160-p372311,0.9072,"[744.31, 34.44, 795.99, 71.57]",0.8786
i3279-gt,3279,0,mar20-airport-proxy-045,aircraft,aircraft,14,"[571.0, 557.0, 720.0, 700.0]",143.0,medium,m3-f0-i3279-p305703,0.9072,"[568.65, 559.81, 716.5, 704.25]",0.9162
i3149-gt,3149,1,mar20-airport-proxy-034,aircraft,aircraft,16,"[234.0, 239.0, 309.0, 309.0]",70.0,small,m3-f1-i3149-p348300,0.9062,"[233.74, 236.62, 310.01, 310.25]",0.9348
i3960-gt,3960,1,mar20-airport-proxy-034,aircraft,aircraft,8,"[859.0, 606.0, 947.0, 661.0]",55.0,small,m3-f1-i3960-p420915,0.9053,"[861.33, 606.78, 938.92, 653.06]",0.7418
i2610-gt,2610,2,mar20-airport-proxy-015,aircraft,aircraft,4,"[115.0, 310.0, 178.0, 356.0]",46.0,small,m3-f2-i2610-p254717,0.9048,"[113.99, 309.25, 178.98, 356.37]",0.9464
i1829-gt,1829,1,mar20-airport-proxy-029,aircraft,aircraft,17,"[337.0, 261.0, 454.0, 386.0]",117.0,medium,m3-f1-i1829-p190803,0.9048,"[333.01, 271.44, 452.93, 389.5]",0.8567
i3173-gt,3173,1,mar20-airport-proxy-057,aircraft,aircraft,19,"[528.0, 1.0, 615.0, 59.0]",58.0,small,m3-f1-i3173-p350406,0.9043,"[534.08, 2.22, 609.67, 55.4]",0.7965
i2829-gt,2829,0,mar20-airport-proxy-036,aircraft,aircraft,8,"[447.0, 78.0, 534.0, 154.0]",76.0,small,m3-f0-i2829-p266102,0.9043,"[451.44, 76.93, 533.72, 153.74]",0.93
i3960-gt,3960,1,mar20-airport-proxy-034,aircraft,aircraft,8,"[141.0, 163.0, 216.0, 213.0]",50.0,small,m3-f1-i3960-p420916,0.9033,"[142.0, 165.05, 215.08, 205.16]",0.7817
i3060-gt,3060,2,mar20-airport-proxy-013,aircraft,aircraft,18,"[76.0, 553.0, 232.0, 725.0]",156.0,medium,m3-f2-i3060-p292504,0.9033,"[82.03, 555.08, 229.69, 723.05]",0.9243
i1550-gt,1550,1,mar20-airport-proxy-034,aircraft,aircraft,16,"[654.0, 680.0, 756.0, 766.0]",86.0,small,m3-f1-i1550-p160801,0.9019,"[652.29, 679.79, 758.64, 754.59]",0.8343
i2925-gt,2925,2,mar20-airport-proxy-051,aircraft,aircraft,19,"[102.0, 98.0, 186.0, 193.0]",84.0,small,m3-f2-i2925-p280504,0.9014,"[99.68, 100.2, 184.3, 192.19]",0.9241
i3467-gt,3467,0,mar20-airport-proxy-036,aircraft,aircraft,8,"[598.0, 424.0, 704.0, 501.0]",77.0,small,m3-f0-i3467-p322502,0.9014,"[606.08, 432.76, 704.08, 500.83]",0.8161
i1997-gt,1997,0,mar20-airport-proxy-018,aircraft,aircraft,9,"[460.0, 364.0, 535.0, 437.0]",73.0,small,m3-f0-i1997-p193800,0.9009,"[455.52, 359.25, 536.67, 447.78]",0.7621
i3834-gt,3834,0,mar20-airport-proxy-032,aircraft,aircraft,8,"[268.0, 193.0, 410.0, 316.0]",123.0,medium,m3-f0-i3834-p375300,0.9004,"[262.49, 191.97, 410.15, 311.14]",0.9174
i1651-gt,1651,2,mar20-airport-proxy-021,aircraft,aircraft,20,"[14.0, 502.0, 129.0, 608.0]",106.0,medium,m3-f2-i1651-p162902,0.9004,"[13.87, 500.49, 130.27, 608.89]",0.9661
i1709-gt,1709,2,mar20-airport-proxy-005,aircraft,aircraft,19,"[249.0, 450.0, 377.0, 539.0]",89.0,small,m3-f2-i1709-p168902,0.8999,"[256.35, 443.77, 389.36, 535.91]",0.7805
i1786-gt,1786,1,mar20-airport-proxy-057,aircraft,aircraft,19,"[68.0, 368.0, 165.0, 436.0]",68.0,small,m3-f1-i1786-p185703,0.8994,"[62.33, 368.87, 159.35, 431.91]",0.8281
i4160-gt,4160,2,mar20-airport-proxy-013,aircraft,aircraft,18,"[793.0, 155.0, 845.0, 197.0]",42.0,small,m3-f2-i4160-p372315,0.8989,"[791.07, 159.74, 844.88, 197.49]",0.8468
i4160-gt,4160,2,mar20-airport-proxy-013,aircraft,aircraft,18,"[413.0, 221.0, 467.0, 262.0]",41.0,small,m3-f2-i4160-p372314,0.8989,"[413.12, 223.34, 465.76, 261.36]",0.9041
i4199-gt,4199,2,mar20-airport-proxy-015,aircraft,aircraft,4,"[534.0, 388.0, 631.0, 529.0]",97.0,medium,m3-f2-i4199-p378905,0.8984,"[532.86, 382.52, 631.2, 529.98]",0.9432
i3798-gt,3798,0,mar20-airport-proxy-018,aircraft,aircraft,15,"[596.0, 71.0, 657.0, 122.0]",51.0,small,m3-f0-i3798-p368407,0.8965,"[597.97, 71.3, 655.15, 120.89]",0.9113
i4160-gt,4160,2,mar20-airport-proxy-013,aircraft,aircraft,18,"[465.0, 349.0, 517.0, 390.0]",41.0,small,m3-f2-i4160-p372318,0.896,"[464.65, 352.74, 515.29, 392.06]",0.8332
i3658-gt,3658,1,mar20-airport-proxy-035,aircraft,aircraft,8,"[102.0, 340.0, 164.0, 385.0]",45.0,small,m3-f1-i3658-p403203,0.8955,"[102.66, 339.34, 163.55, 382.53]",0.9151
i3543-gt,3543,2,mar20-airport-proxy-040,aircraft,aircraft,4,"[587.0, 306.0, 641.0, 349.0]",43.0,small,m3-f2-i3543-p344409,0.895,"[586.55, 307.04, 640.8, 349.6]",0.951
i2934-gt,2934,0,mar20-airport-proxy-036,aircraft,aircraft,16,"[120.0, 491.0, 210.0, 558.0]",67.0,small,m3-f0-i2934-p276910,0.895,"[124.78, 503.2, 201.2, 557.74]",0.6912
i3472-gt,3472,2,mar20-airport-proxy-023,aircraft,aircraft,17,"[72.0, 466.0, 138.0, 545.0]",66.0,small,m3-f2-i3472-p337806,0.8945,"[77.07, 479.89, 137.81, 540.31]",0.7039
i1550-gt,1550,1,mar20-airport-proxy-034,aircraft,aircraft,16,"[324.0, 720.0, 433.0, 800.0]",80.0,small,m3-f1-i1550-p160803,0.894,"[327.98, 721.58, 436.08, 799.51]",0.9134
i1786-gt,1786,1,mar20-airport-proxy-057,aircraft,aircraft,19,"[46.0, 288.0, 135.0, 354.0]",66.0,small,m3-f1-i1786-p185704,0.894,"[37.6, 286.28, 131.64, 357.08]",0.8215
i3170-gt,3170,0,mar20-airport-proxy-036,aircraft,aircraft,8,"[551.0, 296.0, 613.0, 378.0]",62.0,small,m3-f0-i3170-p296708,0.8936,"[556.7, 300.29, 604.24, 373.14]",0.6811
i3524-gt,3524,0,mar20-airport-proxy-048,aircraft,aircraft,7,"[230.0, 496.0, 343.0, 607.0]",111.0,medium,m3-f0-i3524-p328501,0.8916,"[228.66, 491.8, 348.68, 608.2]",0.8978
i2925-gt,2925,2,mar20-airport-proxy-051,aircraft,aircraft,19,"[231.0, 451.0, 315.0, 561.0]",84.0,small,m3-f2-i2925-p280505,0.8916,"[229.08, 456.69, 315.45, 560.5]",0.9192
i2637-gt,2637,2,mar20-airport-proxy-051,aircraft,aircraft,19,"[550.0, 402.0, 689.0, 485.0]",83.0,small,m3-f2-i2637-p258308,0.8906,"[554.2, 401.2, 680.96, 488.65]",0.8694
i1454-gt,1454,1,mar20-airport-proxy-002,aircraft,aircraft,13,"[135.0, 674.0, 242.0, 776.0]",102.0,medium,m3-f1-i1454-p150902,0.8906,"[136.96, 676.56, 245.65, 775.0]",0.9171
i3472-gt,3472,2,mar20-airport-proxy-023,aircraft,aircraft,14,"[71.0, 196.0, 137.0, 275.0]",66.0,small,m3-f2-i3472-p337807,0.8882,"[72.58, 204.74, 138.39, 271.77]",0.8136
i1709-gt,1709,2,mar20-airport-proxy-005,aircraft,aircraft,19,"[283.0, 277.0, 403.0, 372.0]",95.0,small,m3-f2-i1709-p168903,0.8882,"[283.2, 273.41, 428.12, 366.04]",0.7535
i3960-gt,3960,1,mar20-airport-proxy-034,aircraft,aircraft,8,"[315.0, 358.0, 394.0, 411.0]",53.0,small,m3-f1-i3960-p420917,0.8877,"[315.61, 359.87, 393.2, 401.74]",0.7758
i2261-gt,2261,2,mar20-airport-proxy-023,aircraft,aircraft,14,"[454.0, 572.0, 552.0, 654.0]",82.0,small,m3-f2-i2261-p220203,0.8872,"[460.86, 571.83, 546.95, 656.3]",0.8557
i1792-gt,1792,0,mar20-airport-proxy-036,aircraft,aircraft,8,"[547.0, 55.0, 614.0, 115.0]",60.0,small,m3-f0-i1792-p176716,0.8872,"[546.56, 66.08, 609.69, 112.83]",0.7254
i1386-gt,1386,2,mar20-airport-proxy-040,aircraft,aircraft,22,"[521.0, 447.0, 638.0, 523.0]",76.0,small,m3-f2-i1386-p135306,0.8862,"[520.07, 445.78, 633.84, 524.54]",0.9244
i3694-gt,3694,1,mar20-airport-proxy-016,aircraft,aircraft,15,"[220.0, 1.0, 291.0, 58.0]",57.0,small,m3-f1-i3694-p406810,0.8853,"[218.43, 0.59, 285.08, 58.15]",0.8887
i2159-gt,2159,1,mar20-airport-proxy-020,aircraft,aircraft,15,"[480.0, 477.0, 583.0, 545.0]",68.0,small,m3-f1-i2159-p230100,0.8853,"[475.68, 479.09, 589.41, 545.93]",0.8684
i3860-gt,3860,0,mar20-airport-proxy-036,aircraft,aircraft,18,"[499.0, 161.0, 548.0, 205.0]",44.0,small,m3-f0-i3860-p381906,0.8838,"[502.4, 160.14, 549.94, 204.9]",0.8771
i3881-gt,3881,2,mar20-airport-proxy-040,aircraft,aircraft,22,"[17.0, 220.0, 132.0, 413.0]",115.0,medium,m3-f2-i3881-p365101,0.8828,"[13.3, 235.44, 132.04, 394.93]",0.8048
i3472-gt,3472,2,mar20-airport-proxy-023,aircraft,aircraft,17,"[1.0, 465.0, 37.0, 543.0]",36.0,small,m3-f2-i3472-p337808,0.8828,"[0.04, 474.08, 36.97, 536.79]",0.7865
i3170-gt,3170,0,mar20-airport-proxy-036,aircraft,aircraft,8,"[426.0, 285.0, 487.0, 369.0]",61.0,small,m3-f0-i3170-p296711,0.8828,"[434.91, 288.21, 482.28, 368.04]",0.7379
i3073-gt,3073,0,mar20-airport-proxy-036,aircraft,aircraft,16,"[304.0, 597.0, 397.0, 737.0]",93.0,small,m3-f0-i3073-p290101,0.8818,"[303.66, 604.54, 398.68, 737.65]",0.9228
i3920-gt,3920,0,mar20-airport-proxy-045,aircraft,aircraft,5,"[663.0, 252.0, 725.0, 318.0]",62.0,small,m3-f0-i3920-p391201,0.8818,"[661.69, 253.17, 723.33, 315.42]",0.8998
i3754-gt,3754,0,mar20-airport-proxy-018,aircraft,aircraft,20,"[43.0, 486.0, 94.0, 542.0]",51.0,small,m3-f0-i3754-p357608,0.8809,"[45.13, 486.79, 94.71, 538.99]",0.8817
i3364-gt,3364,1,mar20-airport-proxy-011,aircraft,aircraft,4,"[314.0, 77.0, 368.0, 148.0]",54.0,small,m3-f1-i3364-p369007,0.8809,"[311.52, 77.71, 369.73, 153.74]",0.8504
i2941-gt,2941,2,mar20-airport-proxy-015,aircraft,aircraft,22,"[45.0, 351.0, 170.0, 406.0]",55.0,small,m3-f2-i2941-p282300,0.8809,"[44.43, 345.8, 168.85, 414.75]",0.7883
i3920-gt,3920,0,mar20-airport-proxy-045,aircraft,aircraft,5,"[593.0, 321.0, 658.0, 382.0]",61.0,small,m3-f0-i3920-p391202,0.8804,"[591.86, 322.22, 654.18, 384.46]",0.8737
i3495-gt,3495,1,mar20-airport-proxy-043,aircraft,aircraft,23,"[450.0, 264.0, 503.0, 301.0]",37.0,small,m3-f1-i3495-p382203,0.8789,"[446.85, 264.16, 505.49, 302.25]",0.8709
i1902-gt,1902,1,mar20-airport-proxy-042,aircraft,aircraft,22,"[259.0, 479.0, 322.0, 572.0]",63.0,small,m3-f1-i1902-p197708,0.8789,"[260.23, 479.32, 321.8, 567.55]",0.9272
i3490-gt,3490,0,mar20-airport-proxy-041,aircraft,aircraft,20,"[387.0, 279.0, 491.0, 384.0]",104.0,medium,m3-f0-i3490-p324901,0.8779,"[389.26, 280.52, 484.96, 380.42]",0.8755
i3754-gt,3754,0,mar20-airport-proxy-018,aircraft,aircraft,20,"[725.0, 535.0, 779.0, 588.0]",53.0,small,m3-f0-i3754-p357609,0.877,"[727.05, 534.4, 773.73, 586.69]",0.835
i4160-gt,4160,2,mar20-airport-proxy-013,aircraft,aircraft,18,"[639.0, 133.0, 680.0, 187.0]",41.0,small,m3-f2-i4160-p372319,0.8765,"[638.07, 134.61, 678.45, 185.72]",0.8916
i4016-gt,4016,1,mar20-airport-proxy-010,aircraft,aircraft,5,"[118.0, 348.0, 165.0, 397.0]",47.0,small,m3-f1-i4016-p434405,0.8755,"[113.28, 340.08, 160.54, 397.89]",0.7065
i4349-gt,4349,1,mar20-airport-proxy-016,aircraft,aircraft,15,"[485.0, 624.0, 592.0, 712.0]",88.0,small,m3-f1-i4349-p473706,0.875,"[489.5, 625.07, 579.25, 710.86]",0.8177
i1382-gt,1382,0,mar20-airport-proxy-036,aircraft,aircraft,8,"[378.0, 322.0, 475.0, 390.0]",68.0,small,m3-f0-i1382-p135905,0.874,"[383.94, 323.97, 474.66, 390.87]",0.8974
i2925-gt,2925,2,mar20-airport-proxy-051,aircraft,aircraft,19,"[305.0, 508.0, 399.0, 619.0]",94.0,small,m3-f2-i2925-p280507,0.8735,"[301.66, 515.97, 393.65, 619.97]",0.8405
i3779-gt,3779,0,mar20-airport-proxy-018,aircraft,aircraft,9,"[425.0, 653.0, 522.0, 748.0]",95.0,small,m3-f0-i3779-p363904,0.8726,"[429.1, 649.85, 520.12, 747.8]",0.9081
i3960-gt,3960,1,mar20-airport-proxy-034,aircraft,aircraft,8,"[34.0, 45.0, 109.0, 92.0]",47.0,small,m3-f1-i3960-p420918,0.8726,"[34.93, 38.41, 104.79, 82.27]",0.6533
i3258-gt,3258,2,mar20-airport-proxy-040,aircraft,aircraft,22,"[410.0, 406.0, 509.0, 474.0]",68.0,small,m3-f2-i3258-p313203,0.8721,"[410.67, 407.52, 506.52, 479.98]",0.8723
i3455-gt,3455,2,mar20-airport-proxy-023,aircraft,aircraft,14,"[195.0, 291.0, 314.0, 410.0]",119.0,medium,m3-f2-i3455-p336002,0.8716,"[196.29, 296.42, 310.83, 414.42]",0.8869
i3381-gt,3381,2,mar20-airport-proxy-051,aircraft,aircraft,16,"[269.0, 404.0, 452.0, 689.0]",183.0,medium,m3-f2-i3381-p326701,0.8706,"[269.38, 415.92, 457.18, 692.68]",0.9191
i3779-gt,3779,0,mar20-airport-proxy-018,aircraft,aircraft,9,"[154.0, 650.0, 247.0, 745.0]",93.0,small,m3-f0-i3779-p363905,0.8696,"[155.62, 647.31, 244.78, 743.31]",0.9168
i1651-gt,1651,2,mar20-airport-proxy-021,aircraft,aircraft,20,"[274.0, 486.0, 386.0, 592.0]",106.0,medium,m3-f2-i1651-p162903,0.8696,"[274.22, 484.23, 388.28, 592.33]",0.9591
i2724-gt,2724,1,mar20-airport-proxy-012,aircraft,aircraft,18,"[488.0, 520.0, 610.0, 634.0]",114.0,medium,m3-f1-i2724-p294600,0.8687,"[487.11, 523.78, 608.2, 634.81]",0.9393
i3483-gt,3483,2,mar20-airport-proxy-023,aircraft,aircraft,17,"[112.0, 246.0, 169.0, 301.0]",55.0,small,m3-f2-i3483-p339007,0.8687,"[117.72, 253.0, 161.77, 295.87]",0.6025
i1487-gt,1487,2,mar20-airport-proxy-009,aircraft,aircraft,10,"[55.0, 271.0, 121.0, 343.0]",66.0,small,m3-f2-i1487-p144602,0.8687,"[51.9, 266.94, 123.5, 344.96]",0.8508
i3759-gt,3759,1,mar20-airport-proxy-016,aircraft,aircraft,15,"[166.0, 535.0, 223.0, 595.0]",57.0,small,m3-f1-i3759-p409510,0.8667,"[164.79, 536.06, 221.34, 593.63]",0.913
i2605-gt,2605,2,mar20-airport-proxy-005,aircraft,aircraft,11,"[142.0, 3.0, 356.0, 248.0]",214.0,medium,m3-f2-i2605-p254101,0.8657,"[134.86, 0.0, 354.59, 247.66]",0.9485
i2925-gt,2925,2,mar20-airport-proxy-051,aircraft,aircraft,19,"[633.0, 455.0, 718.0, 561.0]",85.0,small,m3-f2-i2925-p280508,0.8638,"[629.86, 453.61, 717.8, 559.67]",0.9381
i1790-gt,1790,1,mar20-airport-proxy-035,aircraft,aircraft,8,"[593.0, 197.0, 673.0, 293.0]",80.0,small,m3-f1-i1790-p186006,0.8633,"[598.44, 199.07, 675.0, 294.68]",0.8758
i3660-gt,3660,2,mar20-airport-proxy-056,aircraft,aircraft,8,"[298.0, 342.0, 379.0, 441.0]",81.0,small,m3-f2-i3660-p353102,0.8623,"[284.96, 324.46, 386.91, 450.93]",0.6219
i4295-gt,4295,0,mar20-airport-proxy-047,aircraft,aircraft,13,"[289.0, 252.0, 412.0, 352.0]",100.0,medium,m3-f0-i4295-p429600,0.8579,"[289.99, 245.75, 414.31, 358.54]",0.864
i4030-gt,4030,1,mar20-airport-proxy-010,aircraft,aircraft,7,"[353.0, 48.0, 445.0, 139.0]",91.0,small,m3-f1-i4030-p438605,0.8574,"[350.82, 43.13, 447.12, 140.43]",0.8935
i2262-gt,2262,0,mar20-airport-proxy-018,aircraft,aircraft,9,"[106.0, 647.0, 184.0, 728.0]",78.0,small,m3-f0-i2262-p216606,0.8569,"[105.22, 647.22, 184.81, 729.35]",0.9615
i1709-gt,1709,2,mar20-airport-proxy-005,aircraft,aircraft,19,"[265.0, 365.0, 397.0, 450.0]",85.0,small,m3-f2-i1709-p168904,0.8569,"[276.37, 358.62, 400.2, 449.98]",0.8346
i1997-gt,1997,0,mar20-airport-proxy-018,aircraft,aircraft,9,"[272.0, 381.0, 348.0, 454.0]",73.0,small,m3-f0-i1997-p193801,0.8555,"[267.5, 375.12, 351.25, 466.28]",0.7268
i3960-gt,3960,1,mar20-airport-proxy-034,aircraft,aircraft,8,"[316.0, 28.0, 393.0, 74.0]",46.0,small,m3-f1-i3960-p420919,0.855,"[317.53, 28.72, 387.87, 68.16]",0.7834
i3875-gt,3875,0,mar20-airport-proxy-026,aircraft,aircraft,4,"[350.0, 159.0, 403.0, 229.0]",53.0,small,m3-f0-i3875-p383702,0.8545,"[352.09, 158.64, 397.91, 222.8]",0.7846
i2593-gt,2593,0,mar20-airport-proxy-033,aircraft,aircraft,19,"[186.0, 540.0, 274.0, 619.0]",79.0,small,m3-f0-i2593-p244203,0.8525,"[185.86, 534.64, 276.25, 623.17]",0.8689
i3815-gt,3815,0,mar20-airport-proxy-018,aircraft,aircraft,15,"[379.0, 79.0, 464.0, 145.0]",66.0,small,m3-f0-i3815-p372609,0.8516,"[382.25, 82.69, 457.59, 141.33]",0.7876
i3300-gt,3300,2,mar20-airport-proxy-015,aircraft,aircraft,4,"[684.0, 616.0, 769.0, 732.0]",85.0,small,m3-f2-i3300-p316802,0.8506,"[681.03, 612.11, 768.19, 734.77]",0.9055
i3875-gt,3875,0,mar20-airport-proxy-026,aircraft,aircraft,4,"[529.0, 511.0, 604.0, 561.0]",50.0,small,m3-f0-i3875-p383703,0.8481,"[528.86, 507.79, 600.05, 561.74]",0.8796
i1997-gt,1997,0,mar20-airport-proxy-018,aircraft,aircraft,9,"[565.0, 355.0, 640.0, 427.0]",72.0,small,m3-f0-i1997-p193802,0.8447,"[560.77, 348.54, 643.92, 436.62]",0.7372
i3779-gt,3779,0,mar20-airport-proxy-018,aircraft,aircraft,9,"[709.0, 657.0, 800.0, 750.0]",91.0,small,m3-f0-i3779-p363906,0.8442,"[711.6, 655.2, 799.34, 753.39]",0.915
i3300-gt,3300,2,mar20-airport-proxy-015,aircraft,aircraft,4,"[511.0, 528.0, 596.0, 636.0]",85.0,small,m3-f2-i3300-p316805,0.8438,"[509.72, 521.63, 600.44, 637.74]",0.8715
i2648-gt,2648,2,mar20-airport-proxy-008,aircraft,aircraft,14,"[336.0, 356.0, 510.0, 524.0]",168.0,medium,m3-f2-i2648-p259800,0.8433,"[350.63, 361.23, 511.08, 524.71]",0.8787
i4116-gt,4116,1,mar20-airport-proxy-012,aircraft,aircraft,18,"[862.0, 294.0, 917.0, 370.0]",55.0,small,m3-f1-i4116-p452100,0.8428,"[854.78, 292.96, 928.43, 367.02]",0.7148
i2410-gt,2410,2,mar20-airport-proxy-015,aircraft,aircraft,23,"[171.0, 679.0, 240.0, 766.0]",69.0,small,m3-f2-i2410-p232503,0.8423,"[171.31, 677.69, 242.75, 768.41]",0.9182
i2721-gt,2721,2,mar20-airport-proxy-013,aircraft,aircraft,18,"[703.0, 546.0, 791.0, 635.0]",88.0,small,m3-f2-i2721-p267011,0.8418,"[704.25, 543.63, 794.97, 632.15]",0.8909
i1686-gt,1686,0,mar20-airport-proxy-036,aircraft,aircraft,16,"[368.0, 62.0, 464.0, 195.0]",96.0,medium,m3-f0-i1686-p165906,0.8418,"[372.53, 60.4, 463.4, 189.6]",0.8979
i3131-gt,3131,1,mar20-airport-proxy-017,aircraft,aircraft,17,"[31.0, 569.0, 198.0, 726.0]",157.0,medium,m3-f1-i3131-p345901,0.8413,"[35.99, 562.94, 205.22, 736.28]",0.8445
i2724-gt,2724,1,mar20-airport-proxy-012,aircraft,aircraft,18,"[255.0, 244.0, 370.0, 355.0]",111.0,medium,m3-f1-i2724-p294601,0.8408,"[251.9, 247.41, 362.16, 353.76]",0.8703
i2651-gt,2651,0,mar20-airport-proxy-022,aircraft,aircraft,4,"[350.0, 23.0, 458.0, 106.0]",83.0,small,m3-f0-i2651-p249305,0.8379,"[354.83, 21.46, 460.79, 107.54]",0.8992
i1686-gt,1686,0,mar20-airport-proxy-036,aircraft,aircraft,16,"[573.0, 94.0, 672.0, 228.0]",99.0,medium,m3-f0-i1686-p165907,0.8354,"[579.96, 97.02, 668.48, 228.17]",0.873
i2941-gt,2941,2,mar20-airport-proxy-015,aircraft,aircraft,22,"[142.0, 387.0, 264.0, 448.0]",61.0,small,m3-f2-i2941-p282301,0.8354,"[144.48, 384.47, 257.86, 449.9]",0.8706
i4363-gt,4363,0,mar20-airport-proxy-036,aircraft,aircraft,14,"[492.0, 483.0, 642.0, 650.0]",150.0,medium,m3-f0-i4363-p435901,0.832,"[488.33, 495.21, 643.7, 652.44]",0.8841
i2925-gt,2925,2,mar20-airport-proxy-051,aircraft,aircraft,19,"[323.0, 244.0, 392.0, 342.0]",69.0,small,m3-f2-i2925-p280511,0.8315,"[316.36, 247.92, 400.83, 344.26]",0.772
i3518-gt,3518,0,mar20-airport-proxy-041,aircraft,aircraft,15,"[560.0, 497.0, 689.0, 677.0]",129.0,medium,m3-f0-i3518-p327601,0.8306,"[547.66, 494.73, 693.75, 679.49]",0.8602
i3773-gt,3773,0,mar20-airport-proxy-018,aircraft,aircraft,9,"[532.0, 194.0, 584.0, 247.0]",52.0,small,m3-f0-i3773-p362401,0.8301,"[532.3, 193.68, 584.11, 246.17]",0.9708
i4116-gt,4116,1,mar20-airport-proxy-012,aircraft,aircraft,18,"[770.0, 275.0, 824.0, 354.0]",54.0,small,m3-f1-i4116-p452101,0.8301,"[763.38, 280.13, 832.98, 349.83]",0.7031
i4116-gt,4116,1,mar20-airport-proxy-012,aircraft,aircraft,18,"[677.0, 262.0, 731.0, 342.0]",54.0,small,m3-f1-i4116-p452102,0.8301,"[671.13, 261.3, 739.45, 340.78]",0.7741
i4204-gt,4204,2,mar20-airport-proxy-051,aircraft,aircraft,16,"[104.0, 568.0, 357.0, 745.0]",177.0,medium,m3-f2-i4204-p380104,0.8267,"[102.34, 564.65, 357.42, 754.1]",0.9267
i3773-gt,3773,0,mar20-airport-proxy-018,aircraft,aircraft,9,"[510.0, 117.0, 560.0, 169.0]",50.0,small,m3-f0-i3773-p362402,0.8262,"[510.36, 114.28, 559.95, 166.77]",0.9024
i3014-gt,3014,0,mar20-airport-proxy-026,aircraft,aircraft,4,"[199.0, 376.0, 269.0, 474.0]",70.0,small,m3-f0-i3014-p284404,0.8247,"[201.66, 376.81, 270.21, 477.1]",0.9102
i1686-gt,1686,0,mar20-airport-proxy-036,aircraft,aircraft,16,"[676.0, 115.0, 771.0, 247.0]",95.0,small,m3-f0-i1686-p165908,0.8232,"[682.15, 118.55, 771.75, 247.85]",0.8977
i2083-gt,2083,0,mar20-airport-proxy-026,aircraft,aircraft,4,"[351.0, 422.0, 621.0, 617.0]",195.0,medium,m3-f0-i2083-p201601,0.8228,"[352.34, 421.48, 623.44, 623.83]",0.9505
i3279-gt,3279,0,mar20-airport-proxy-045,aircraft,aircraft,14,"[190.0, 426.0, 316.0, 563.0]",126.0,medium,m3-f0-i3279-p305704,0.8208,"[189.6, 425.39, 316.26, 562.11]",0.984
i4116-gt,4116,1,mar20-airport-proxy-012,aircraft,aircraft,18,"[492.0, 236.0, 550.0, 314.0]",58.0,small,m3-f1-i4116-p452103,0.8188,"[485.6, 235.76, 559.92, 311.09]",0.7552
i1871-gt,1871,2,mar20-airport-proxy-008,aircraft,aircraft,22,"[45.0, 278.0, 116.0, 361.0]",71.0,small,m3-f2-i1871-p182701,0.8169,"[46.82, 271.88, 111.47, 364.49]",0.8237
i3960-gt,3960,1,mar20-airport-proxy-034,aircraft,aircraft,8,"[253.0, 290.0, 327.0, 342.0]",52.0,small,m3-f1-i3960-p420920,0.8125,"[254.6, 291.13, 328.6, 333.49]",0.783
i1686-gt,1686,0,mar20-airport-proxy-036,aircraft,aircraft,16,"[269.0, 44.0, 358.0, 172.0]",89.0,small,m3-f0-i1686-p165909,0.8096,"[269.26, 45.07, 360.42, 174.66]",0.9432
i2207-gt,2207,1,mar20-airport-proxy-035,aircraft,aircraft,8,"[255.0, 448.0, 326.0, 523.0]",71.0,small,m3-f1-i2207-p235507,0.8091,"[260.45, 453.78, 321.58, 522.0]",0.7831
i3770-gt,3770,0,mar20-airport-proxy-018,aircraft,aircraft,9,"[418.0, 31.0, 514.0, 122.0]",91.0,small,m3-f0-i3770-p361801,0.8062,"[419.73, 27.27, 515.43, 124.19]",0.9095
i2934-gt,2934,0,mar20-airport-proxy-036,aircraft,aircraft,16,"[146.0, 555.0, 231.0, 624.0]",69.0,small,m3-f0-i2934-p276911,0.8052,"[147.09, 566.92, 228.49, 622.14]",0.7664
i1617-gt,1617,2,mar20-airport-proxy-013,aircraft,aircraft,18,"[608.0, 102.0, 655.0, 135.0]",33.0,small,m3-f2-i1617-p158409,0.8027,"[608.0, 103.94, 656.07, 136.49]",0.8816
i4080-gt,4080,1,mar20-airport-proxy-049,aircraft,aircraft,16,"[193.0, 121.0, 215.0, 146.0]",22.0,tiny,m3-f1-i4080-p450918,0.8022,"[191.53, 122.29, 215.17, 146.73]",0.861
i1873-gt,1873,2,mar20-airport-proxy-056,aircraft,aircraft,8,"[576.0, 54.0, 668.0, 137.0]",83.0,small,m3-f2-i1873-p183001,0.8018,"[575.15, 50.71, 672.51, 146.17]",0.8216
i1427-gt,1427,1,mar20-airport-proxy-011,aircraft,aircraft,10,"[404.0, 272.0, 473.0, 337.0]",65.0,small,m3-f1-i1427-p148201,0.8018,"[404.21, 271.53, 469.79, 341.2]",0.8897
i3381-gt,3381,2,mar20-airport-proxy-051,aircraft,aircraft,16,"[504.0, 415.0, 693.0, 684.0]",189.0,medium,m3-f2-i3381-p326702,0.7993,"[501.42, 423.63, 695.46, 684.96]",0.9402
i1829-gt,1829,1,mar20-airport-proxy-029,aircraft,aircraft,17,"[237.0, 596.0, 360.0, 725.0]",123.0,medium,m3-f1-i1829-p190805,0.7983,"[237.45, 599.27, 357.86, 723.39]",0.9419
i3884-gt,3884,2,mar20-airport-proxy-040,aircraft,aircraft,4,"[74.0, 325.0, 196.0, 495.0]",122.0,medium,m3-f2-i3884-p366001,0.7959,"[72.49, 335.33, 193.02, 491.6]",0.8867
i1607-gt,1607,1,mar20-airport-proxy-012,aircraft,aircraft,18,"[680.0, 301.0, 724.0, 361.0]",44.0,small,m3-f1-i1607-p167105,0.7954,"[680.21, 297.04, 726.04, 357.74]",0.846
i3770-gt,3770,0,mar20-airport-proxy-018,aircraft,aircraft,20,"[314.0, 299.0, 399.0, 386.0]",85.0,small,m3-f0-i3770-p361802,0.7944,"[313.01, 297.85, 402.61, 386.52]",0.9308
i2984-gt,2984,2,mar20-airport-proxy-021,aircraft,aircraft,20,"[233.0, 421.0, 328.0, 508.0]",87.0,small,m3-f2-i2984-p286503,0.7935,"[233.37, 420.73, 329.13, 508.18]",0.9793
i4072-gt,4072,1,mar20-airport-proxy-049,aircraft,aircraft,14,"[254.0, 66.0, 323.0, 129.0]",63.0,small,m3-f1-i4072-p448803,0.7925,"[254.84, 66.37, 321.05, 132.68]",0.9033
i3381-gt,3381,2,mar20-airport-proxy-051,aircraft,aircraft,16,"[624.0, 304.0, 800.0, 583.0]",176.0,medium,m3-f2-i3381-p326703,0.7925,"[622.66, 307.03, 800.0, 578.91]",0.9673
i3763-gt,3763,0,mar20-airport-proxy-018,aircraft,aircraft,9,"[418.0, 4.0, 510.0, 92.0]",88.0,small,m3-f0-i3763-p360000,0.7905,"[418.8, 2.05, 508.54, 95.31]",0.9217
i2594-gt,2594,1,mar20-airport-proxy-028,aircraft,aircraft,11,"[89.0, 494.0, 177.0, 602.0]",88.0,small,m3-f1-i2594-p280507,0.7876,"[89.48, 497.66, 176.34, 599.22]",0.9283
i3328-gt,3328,2,mar20-airport-proxy-015,aircraft,aircraft,23,"[212.0, 61.0, 270.0, 139.0]",58.0,small,m3-f2-i3328-p321008,0.7861,"[208.4, 57.76, 273.63, 139.31]",0.8505
i2788-gt,2788,0,mar20-airport-proxy-022,aircraft,aircraft,4,"[328.0, 552.0, 423.0, 624.0]",72.0,small,m3-f0-i2788-p261007,0.7861,"[332.54, 554.57, 417.46, 618.87]",0.7983
i4072-gt,4072,1,mar20-airport-proxy-049,aircraft,aircraft,14,"[305.0, 128.0, 374.0, 192.0]",64.0,small,m3-f1-i4072-p448804,0.7856,"[303.47, 125.78, 372.12, 194.36]",0.8896
i4116-gt,4116,1,mar20-airport-proxy-012,aircraft,aircraft,18,"[952.0, 304.0, 1010.0, 387.0]",58.0,small,m3-f1-i4116-p452104,0.7852,"[946.05, 305.5, 1015.37, 383.97]",0.7981
i1826-gt,1826,2,mar20-airport-proxy-008,aircraft,aircraft,22,"[74.0, 584.0, 129.0, 640.0]",55.0,small,m3-f2-i1826-p177301,0.7847,"[74.58, 585.94, 134.79, 640.14]",0.8649
i2184-gt,2184,0,mar20-airport-proxy-041,aircraft,aircraft,15,"[682.0, 79.0, 774.0, 148.0]",69.0,small,m3-f0-i2184-p210302,0.7803,"[687.89, 78.42, 771.48, 146.39]",0.8806
i2724-gt,2724,1,mar20-airport-proxy-012,aircraft,aircraft,18,"[599.0, 665.0, 720.0, 777.0]",112.0,medium,m3-f1-i2724-p294602,0.7759,"[601.12, 663.72, 713.72, 774.56]",0.9007
i2473-gt,2473,1,mar20-airport-proxy-038,aircraft,aircraft,18,"[154.0, 62.0, 235.0, 129.0]",67.0,small,m3-f1-i2473-p267605,0.7744,"[158.03, 58.79, 229.47, 127.73]",0.8302
i3073-gt,3073,0,mar20-airport-proxy-036,aircraft,aircraft,16,"[452.0, 95.0, 537.0, 219.0]",85.0,small,m3-f0-i3073-p290103,0.7729,"[446.29, 99.22, 538.09, 220.51]",0.8859
i2978-gt,2978,0,mar20-airport-proxy-041,aircraft,aircraft,20,"[148.0, 343.0, 250.0, 441.0]",98.0,medium,m3-f0-i2978-p281100,0.772,"[144.34, 342.99, 258.01, 427.32]",0.7832
i2577-gt,2577,2,mar20-airport-proxy-051,aircraft,aircraft,17,"[184.0, 541.0, 338.0, 705.0]",154.0,medium,m3-f2-i2577-p251705,0.7695,"[186.04, 542.14, 341.7, 709.42]",0.9323
i2013-gt,2013,1,mar20-airport-proxy-042,aircraft,aircraft,22,"[665.0, 372.0, 738.0, 441.0]",69.0,small,m3-f1-i2013-p210604,0.7637,"[670.95, 367.55, 738.43, 441.04]",0.8617
i1882-gt,1882,1,mar20-airport-proxy-057,aircraft,aircraft,19,"[273.0, 302.0, 335.0, 399.0]",62.0,small,m3-f1-i1882-p195904,0.7607,"[239.21, 299.85, 340.09, 413.04]",0.5267
i3691-gt,3691,2,mar20-airport-proxy-040,aircraft,aircraft,4,"[132.0, 188.0, 220.0, 303.0]",88.0,small,m3-f2-i3691-p356104,0.7583,"[132.69, 195.65, 216.14, 303.17]",0.8839
i2279-gt,2279,0,mar20-airport-proxy-018,aircraft,aircraft,9,"[139.0, 39.0, 282.0, 175.0]",136.0,medium,m3-f0-i2279-p218405,0.7563,"[138.0, 34.24, 281.75, 177.27]",0.9427
i3073-gt,3073,0,mar20-airport-proxy-036,aircraft,aircraft,16,"[357.0, 87.0, 441.0, 210.0]",84.0,small,m3-f0-i3073-p290104,0.75,"[353.32, 89.01, 442.77, 211.77]",0.9115
i1839-gt,1839,1,mar20-airport-proxy-038,aircraft,aircraft,18,"[426.0, 395.0, 508.0, 461.0]",66.0,small,m3-f1-i1839-p192302,0.7485,"[429.71, 393.26, 511.69, 459.08]",0.8663
i1686-gt,1686,0,mar20-airport-proxy-036,aircraft,aircraft,16,"[163.0, 23.0, 254.0, 156.0]",91.0,small,m3-f0-i1686-p165911,0.7485,"[164.84, 26.66, 258.59, 156.35]",0.9059
i2806-gt,2806,0,mar20-airport-proxy-022,aircraft,aircraft,4,"[166.0, 407.0, 245.0, 501.0]",79.0,small,m3-f0-i2806-p263109,0.7466,"[164.65, 403.71, 245.51, 500.98]",0.9437
i3736-gt,3736,0,mar20-airport-proxy-036,aircraft,aircraft,16,"[278.0, 188.0, 364.0, 246.0]",58.0,small,m3-f0-i3736-p353106,0.7422,"[274.95, 185.62, 364.11, 249.93]",0.87
i2735-gt,2735,0,mar20-airport-proxy-041,aircraft,aircraft,20,"[371.0, 408.0, 450.0, 484.0]",76.0,small,m3-f0-i2735-p255601,0.7417,"[371.19, 402.03, 451.46, 472.19]",0.7691
i4116-gt,4116,1,mar20-airport-proxy-012,aircraft,aircraft,18,"[218.0, 190.0, 272.0, 267.0]",54.0,small,m3-f1-i4116-p452105,0.7417,"[208.62, 187.81, 284.43, 265.75]",0.6846
i3073-gt,3073,0,mar20-airport-proxy-036,aircraft,aircraft,16,"[254.0, 77.0, 348.0, 198.0]",94.0,small,m3-f0-i3073-p290105,0.7407,"[258.94, 78.66, 348.88, 202.0]",0.8978
i2543-gt,2543,2,mar20-airport-proxy-044,aircraft,aircraft,7,"[509.0, 533.0, 664.0, 672.0]",139.0,medium,m3-f2-i2543-p247505,0.7407,"[512.89, 537.06, 666.8, 667.63]",0.9005
i2244-gt,2244,1,mar20-airport-proxy-012,aircraft,aircraft,18,"[623.0, 391.0, 702.0, 503.0]",79.0,small,m3-f1-i2244-p239100,0.7397,"[621.51, 396.75, 694.9, 496.22]",0.7949
i2115-gt,2115,0,mar20-airport-proxy-022,aircraft,aircraft,4,"[208.0, 194.0, 259.0, 241.0]",47.0,small,m3-f0-i2115-p203703,0.7383,"[206.47, 195.08, 258.76, 241.25]",0.9399
i2984-gt,2984,2,mar20-airport-proxy-021,aircraft,aircraft,20,"[630.0, 383.0, 720.0, 469.0]",86.0,small,m3-f2-i2984-p286506,0.7358,"[630.2, 383.74, 721.36, 469.38]",0.9702
i3884-gt,3884,2,mar20-airport-proxy-040,aircraft,aircraft,4,"[208.0, 297.0, 330.0, 467.0]",122.0,medium,m3-f2-i3884-p366002,0.7358,"[209.64, 302.36, 327.77, 455.94]",0.8748
i2724-gt,2724,1,mar20-airport-proxy-012,aircraft,aircraft,18,"[372.0, 386.0, 487.0, 497.0]",111.0,medium,m3-f1-i2724-p294603,0.7354,"[371.04, 381.98, 487.55, 493.02]",0.9188
i2872-gt,2872,2,mar20-airport-proxy-004,aircraft,aircraft,6,"[61.0, 553.0, 258.0, 754.0]",197.0,medium,m3-f2-i2872-p276304,0.7334,"[61.47, 554.0, 252.39, 760.06]",0.9369
i3779-gt,3779,0,mar20-airport-proxy-018,aircraft,aircraft,9,"[40.0, 649.0, 135.0, 741.0]",92.0,small,m3-f0-i3779-p363909,0.7314,"[43.19, 644.31, 134.84, 742.41]",0.9068
i3258-gt,3258,2,mar20-airport-proxy-040,aircraft,aircraft,22,"[443.0, 112.0, 538.0, 182.0]",70.0,small,m3-f2-i3258-p313205,0.73,"[444.56, 114.31, 537.48, 185.5]",0.9018
i2282-gt,2282,0,mar20-airport-proxy-022,aircraft,aircraft,22,"[400.0, 445.0, 482.0, 533.0]",82.0,small,m3-f0-i2282-p218703,0.7285,"[402.61, 444.85, 481.76, 531.71]",0.9496
i2290-gt,2290,0,mar20-airport-proxy-018,aircraft,aircraft,9,"[552.0, 129.0, 601.0, 177.0]",48.0,small,m3-f0-i2290-p219913,0.7256,"[553.42, 132.65, 600.28, 177.26]",0.8792
i2250-gt,2250,0,mar20-airport-proxy-036,aircraft,aircraft,8,"[301.0, 92.0, 378.0, 188.0]",77.0,small,m3-f0-i2250-p215708,0.7231,"[304.66, 91.92, 376.59, 188.94]",0.9249
i2577-gt,2577,2,mar20-airport-proxy-051,aircraft,aircraft,17,"[504.0, 543.0, 655.0, 703.0]",151.0,medium,m3-f2-i2577-p251707,0.7227,"[500.59, 545.41, 658.01, 707.71]",0.9183
i2925-gt,2925,2,mar20-airport-proxy-051,aircraft,aircraft,19,"[318.0, 183.0, 393.0, 292.0]",75.0,small,m3-f2-i2925-p280518,0.7207,"[314.97, 192.43, 394.41, 288.43]",0.837
i1674-gt,1674,0,mar20-airport-proxy-006,aircraft,aircraft,18,"[357.0, 487.0, 456.0, 563.0]",76.0,small,m3-f0-i1674-p164102,0.7183,"[353.27, 479.24, 460.85, 566.23]",0.804
i3738-gt,3738,0,mar20-airport-proxy-018,aircraft,aircraft,9,"[3.0, 146.0, 134.0, 269.0]",123.0,medium,m3-f0-i3738-p353704,0.7183,"[1.56, 137.01, 133.4, 271.19]",0.9029
i2364-gt,2364,1,mar20-airport-proxy-043,aircraft,aircraft,23,"[476.0, 719.0, 528.0, 800.0]",52.0,small,m3-f1-i2364-p255905,0.7173,"[475.56, 716.26, 526.0, 800.0]",0.9235
i2138-gt,2138,2,mar20-airport-proxy-015,aircraft,aircraft,23,"[83.0, 398.0, 201.0, 487.0]",89.0,small,m3-f2-i2138-p207905,0.7148,"[80.47, 397.95, 201.56, 492.68]",0.9155
i3294-gt,3294,2,mar20-airport-proxy-015,aircraft,aircraft,23,"[692.0, 528.0, 798.0, 660.0]",106.0,medium,m3-f2-i3294-p315607,0.7124,"[690.58, 527.59, 799.27, 661.47]",0.9615
i3706-gt,3706,0,mar20-airport-proxy-018,aircraft,aircraft,9,"[183.0, 258.0, 262.0, 333.0]",75.0,small,m3-f0-i3706-p346500,0.7114,"[185.72, 256.01, 265.45, 332.28]",0.8936
i3365-gt,3365,0,mar20-airport-proxy-037,aircraft,aircraft,12,"[482.0, 405.0, 569.0, 495.0]",87.0,small,m3-f0-i3365-p314103,0.7104,"[479.3, 408.59, 565.23, 492.19]",0.8637
i3729-gt,3729,2,mar20-airport-proxy-015,aircraft,aircraft,22,"[464.0, 396.0, 548.0, 496.0]",84.0,small,m3-f2-i3729-p358200,0.71,"[463.99, 396.88, 550.85, 495.31]",0.9524
i1685-gt,1685,0,mar20-airport-proxy-006,aircraft,aircraft,18,"[381.0, 402.0, 413.0, 439.0]",32.0,tiny,m3-f0-i1685-p165601,0.709,"[376.33, 393.0, 413.71, 438.24]",0.6759
i3773-gt,3773,0,mar20-airport-proxy-018,aircraft,aircraft,9,"[618.0, 506.0, 674.0, 558.0]",52.0,small,m3-f0-i3773-p362406,0.708,"[620.43, 503.44, 672.53, 558.28]",0.8855
i1685-gt,1685,0,mar20-airport-proxy-006,aircraft,aircraft,18,"[551.0, 393.0, 582.0, 432.0]",31.0,tiny,m3-f0-i1685-p165602,0.7046,"[546.05, 388.79, 583.94, 431.52]",0.7308
i1997-gt,1997,0,mar20-airport-proxy-018,aircraft,aircraft,9,"[710.0, 340.0, 787.0, 413.0]",73.0,small,m3-f0-i1997-p193804,0.7041,"[705.4, 336.96, 789.14, 431.01]",0.7138
i3767-gt,3767,0,mar20-airport-proxy-018,aircraft,aircraft,9,"[249.0, 543.0, 302.0, 597.0]",53.0,small,m3-f0-i3767-p361204,0.7026,"[249.0, 539.43, 301.78, 596.51]",0.9258
i3706-gt,3706,0,mar20-airport-proxy-018,aircraft,aircraft,9,"[31.0, 42.0, 109.0, 111.0]",69.0,small,m3-f0-i3706-p346501,0.7026,"[30.37, 38.79, 108.98, 113.75]",0.9131
i1597-gt,1597,0,mar20-airport-proxy-036,aircraft,aircraft,16,"[205.0, 526.0, 310.0, 627.0]",101.0,medium,m3-f0-i1597-p155712,0.6997,"[209.81, 525.51, 308.94, 622.92]",0.9018
i2244-gt,2244,1,mar20-airport-proxy-012,aircraft,aircraft,18,"[330.0, 362.0, 418.0, 466.0]",88.0,small,m3-f1-i2244-p239101,0.6997,"[334.01, 357.08, 415.99, 461.67]",0.8551
i2961-gt,2961,1,mar20-airport-proxy-011,aircraft,aircraft,23,"[385.0, 440.0, 432.0, 531.0]",47.0,small,m3-f1-i2961-p323705,0.6938,"[378.34, 437.13, 430.25, 528.49]",0.7985
i1535-gt,1535,0,mar20-airport-proxy-036,aircraft,aircraft,8,"[585.0, 393.0, 704.0, 486.0]",93.0,small,m3-f0-i1535-p151204,0.6919,"[583.5, 397.0, 702.44, 485.82]",0.9313
i2718-gt,2718,0,mar20-airport-proxy-041,aircraft,aircraft,20,"[380.0, 422.0, 570.0, 590.0]",168.0,medium,m3-f0-i2718-p254702,0.6895,"[379.54, 401.27, 567.33, 580.76]",0.8288
i3881-gt,3881,2,mar20-airport-proxy-040,aircraft,aircraft,22,"[299.0, 210.0, 414.0, 403.0]",115.0,medium,m3-f2-i3881-p365105,0.6865,"[298.56, 234.27, 418.29, 391.26]",0.7871
i4116-gt,4116,1,mar20-airport-proxy-012,aircraft,aircraft,18,"[403.0, 220.0, 459.0, 294.0]",56.0,small,m3-f1-i4116-p452106,0.6802,"[392.57, 215.83, 466.63, 295.11]",0.7059
i2978-gt,2978,0,mar20-airport-proxy-041,aircraft,aircraft,20,"[377.0, 368.0, 480.0, 466.0]",98.0,medium,m3-f0-i2978-p281101,0.6797,"[374.76, 368.8, 479.15, 464.79]",0.9512
i2633-gt,2633,2,mar20-airport-proxy-023,aircraft,aircraft,14,"[671.0, 461.0, 733.0, 535.0]",62.0,small,m3-f2-i2633-p258009,0.6777,"[674.78, 467.97, 729.91, 528.12]",0.7228
i3760-gt,3760,0,mar20-airport-proxy-018,aircraft,aircraft,9,"[310.0, 466.0, 425.0, 584.0]",115.0,medium,m3-f0-i3760-p359109,0.6724,"[310.64, 466.26, 422.17, 581.4]",0.9462
i4072-gt,4072,1,mar20-airport-proxy-049,aircraft,aircraft,14,"[91.0, 144.0, 158.0, 214.0]",67.0,small,m3-f1-i4072-p448806,0.6719,"[86.65, 146.33, 158.54, 212.41]",0.8832
i2244-gt,2244,1,mar20-airport-proxy-012,aircraft,aircraft,18,"[50.0, 325.0, 131.0, 437.0]",81.0,small,m3-f1-i2244-p239102,0.668,"[49.24, 326.71, 125.95, 427.98]",0.8407
i2658-gt,2658,1,mar20-airport-proxy-017,aircraft,aircraft,17,"[302.0, 356.0, 385.0, 437.0]",81.0,small,m3-f1-i2658-p285906,0.6597,"[298.46, 348.88, 387.48, 438.62]",0.8416
i4113-gt,4113,0,mar20-airport-proxy-006,aircraft,aircraft,5,"[413.0, 30.0, 478.0, 87.0]",57.0,small,m3-f0-i4113-p410104,0.6597,"[409.24, 28.73, 478.58, 88.79]",0.8896
i1354-gt,1354,1,mar20-airport-proxy-010,aircraft,aircraft,14,"[521.0, 1.0, 596.0, 75.0]",74.0,small,m3-f1-i1354-p140707,0.6543,"[521.97, 0.2, 596.0, 74.85]",0.9746
i2244-gt,2244,1,mar20-airport-proxy-012,aircraft,aircraft,18,"[191.0, 337.0, 281.0, 446.0]",90.0,small,m3-f1-i2244-p239103,0.6538,"[189.65, 339.21, 272.07, 443.6]",0.8505
i3450-gt,3450,1,mar20-airport-proxy-042,aircraft,aircraft,22,"[508.0, 463.0, 592.0, 525.0]",62.0,small,m3-f1-i3450-p378011,0.6504,"[508.86, 462.79, 593.48, 523.93]",0.9529
i3300-gt,3300,2,mar20-airport-proxy-015,aircraft,aircraft,4,"[363.0, 138.0, 451.0, 232.0]",88.0,small,m3-f2-i3300-p316808,0.6489,"[360.11, 137.92, 451.61, 234.35]",0.9374
i2984-gt,2984,2,mar20-airport-proxy-021,aircraft,aircraft,20,"[422.0, 399.0, 515.0, 483.0]",84.0,small,m3-f2-i2984-p286508,0.6367,"[421.97, 396.26, 515.53, 483.42]",0.9581
i2410-gt,2410,2,mar20-airport-proxy-015,aircraft,aircraft,23,"[473.0, 606.0, 543.0, 696.0]",70.0,small,m3-f2-i2410-p232505,0.6304,"[471.26, 605.3, 545.14, 700.17]",0.8989
i2543-gt,2543,2,mar20-airport-proxy-044,aircraft,aircraft,7,"[486.0, 672.0, 645.0, 800.0]",128.0,medium,m3-f2-i2543-p247507,0.6284,"[488.62, 670.95, 643.41, 799.37]",0.961
i3820-gt,3820,2,mar20-airport-proxy-013,aircraft,aircraft,18,"[456.0, 389.0, 504.0, 425.0]",36.0,small,m3-f2-i3820-p360608,0.6235,"[451.32, 386.24, 501.81, 423.91]",0.7876
i3714-gt,3714,0,mar20-airport-proxy-018,aircraft,aircraft,9,"[284.0, 510.0, 409.0, 634.0]",124.0,medium,m3-f0-i3714-p348303,0.623,"[284.81, 506.25, 406.2, 632.03]",0.9284
i1378-gt,1378,0,mar20-airport-proxy-032,aircraft,aircraft,17,"[356.0, 189.0, 673.0, 476.0]",287.0,large,m3-f0-i1378-p135301,0.6191,"[353.32, 188.38, 664.65, 485.84]",0.9324
i4320-gt,4320,1,mar20-airport-proxy-017,aircraft,aircraft,17,"[472.0, 431.0, 568.0, 532.0]",96.0,small,m3-f1-i4320-p470404,0.6187,"[465.77, 422.31, 572.51, 533.15]",0.8196
i1790-gt,1790,1,mar20-airport-proxy-035,aircraft,aircraft,8,"[508.0, 131.0, 589.0, 222.0]",81.0,small,m3-f1-i1790-p186010,0.6167,"[509.35, 133.96, 589.09, 228.34]",0.8894
i3780-gt,3780,0,mar20-airport-proxy-018,aircraft,aircraft,9,"[641.0, 158.0, 733.0, 251.0]",92.0,small,m3-f0-i3780-p364200,0.6143,"[641.04, 154.71, 733.18, 252.71]",0.9468
i3890-gt,3890,0,mar20-airport-proxy-018,aircraft,aircraft,9,"[432.0, 250.0, 552.0, 375.0]",120.0,medium,m3-f0-i3890-p385508,0.6123,"[431.73, 253.81, 552.56, 373.18]",0.9487
i2169-gt,2169,1,mar20-airport-proxy-020,aircraft,aircraft,15,"[333.0, 424.0, 385.0, 491.0]",52.0,small,m3-f1-i2169-p231004,0.6104,"[330.28, 423.7, 385.52, 492.32]",0.9192
i3716-gt,3716,0,mar20-airport-proxy-018,aircraft,aircraft,9,"[531.0, 606.0, 587.0, 664.0]",56.0,small,m3-f0-i3716-p348612,0.6094,"[532.64, 604.76, 586.89, 665.55]",0.9256
i1815-gt,1815,0,mar20-airport-proxy-036,aircraft,aircraft,8,"[204.0, 222.0, 287.0, 310.0]",83.0,small,m3-f0-i1815-p177905,0.6069,"[205.25, 227.88, 289.28, 306.49]",0.8588
i3755-gt,3755,0,mar20-airport-proxy-018,aircraft,aircraft,9,"[351.0, 445.0, 439.0, 521.0]",76.0,small,m3-f0-i3755-p357904,0.6001,"[360.06, 443.58, 435.25, 518.92]",0.818
i3716-gt,3716,0,mar20-airport-proxy-018,aircraft,aircraft,9,"[168.0, 428.0, 225.0, 487.0]",57.0,small,m3-f0-i3716-p348613,0.5977,"[169.51, 425.51, 224.44, 485.42]",0.9014
i2925-gt,2925,2,mar20-airport-proxy-051,aircraft,aircraft,19,"[168.0, 89.0, 247.0, 187.0]",79.0,small,m3-f2-i2925-p280520,0.5972,"[166.89, 99.78, 247.17, 187.52]",0.8727
i2577-gt,2577,2,mar20-airport-proxy-051,aircraft,aircraft,17,"[3.0, 137.0, 154.0, 284.0]",147.0,medium,m3-f2-i2577-p251709,0.5962,"[1.71, 137.74, 156.01, 288.43]",0.9453
i2925-gt,2925,2,mar20-airport-proxy-051,aircraft,aircraft,19,"[548.0, 346.0, 620.0, 450.0]",72.0,small,m3-f2-i2925-p280521,0.5957,"[545.75, 348.54, 623.0, 445.21]",0.8706
i4246-gt,4246,1,mar20-airport-proxy-042,aircraft,aircraft,22,"[332.0, 620.0, 387.0, 692.0]",55.0,small,m3-f1-i4246-p464412,0.5928,"[333.57, 619.51, 386.74, 691.43]",0.9528
i1972-gt,1972,0,mar20-airport-proxy-018,aircraft,aircraft,9,"[600.0, 610.0, 672.0, 679.0]",69.0,small,m3-f0-i1972-p190800,0.5918,"[601.0, 608.18, 671.66, 680.1]",0.9421
i2711-gt,2711,0,mar20-airport-proxy-026,aircraft,aircraft,4,"[405.0, 223.0, 521.0, 308.0]",85.0,small,m3-f0-i2711-p253504,0.5806,"[403.12, 223.75, 519.53, 307.5]",0.9575
i1461-gt,1461,2,mar20-airport-proxy-009,aircraft,aircraft,10,"[215.0, 446.0, 302.0, 531.0]",85.0,small,m3-f2-i1461-p142504,0.5801,"[216.45, 445.91, 302.17, 531.18]",0.9784
i3258-gt,3258,2,mar20-airport-proxy-040,aircraft,aircraft,22,"[451.0, 17.0, 546.0, 84.0]",67.0,small,m3-f2-i3258-p313208,0.5737,"[451.51, 17.38, 544.58, 86.43]",0.9407
i2532-gt,2532,2,mar20-airport-proxy-044,aircraft,aircraft,7,"[265.0, 314.0, 430.0, 461.0]",147.0,medium,m3-f2-i2532-p246303,0.5703,"[277.44, 314.7, 431.93, 460.3]",0.9053
i3706-gt,3706,0,mar20-airport-proxy-018,aircraft,aircraft,9,"[238.0, 323.0, 322.0, 409.0]",84.0,small,m3-f0-i3706-p346502,0.5669,"[238.21, 331.18, 319.6, 408.67]",0.8731
i1686-gt,1686,0,mar20-airport-proxy-036,aircraft,aircraft,16,"[473.0, 76.0, 569.0, 215.0]",96.0,small,m3-f0-i1686-p165913,0.5649,"[475.42, 81.45, 566.77, 211.13]",0.8879
i2925-gt,2925,2,mar20-airport-proxy-051,aircraft,aircraft,19,"[398.0, 295.0, 476.0, 395.0]",78.0,small,m3-f2-i2925-p280524,0.5562,"[392.8, 294.92, 478.3, 395.7]",0.9052
i3724-gt,3724,0,mar20-airport-proxy-018,aircraft,aircraft,9,"[45.0, 449.0, 123.0, 529.0]",78.0,small,m3-f0-i3724-p350106,0.5518,"[43.55, 445.83, 125.39, 544.02]",0.7765
i2577-gt,2577,2,mar20-airport-proxy-051,aircraft,aircraft,17,"[348.0, 538.0, 498.0, 708.0]",150.0,medium,m3-f2-i2577-p251710,0.5488,"[343.31, 543.55, 498.1, 705.66]",0.9254
i3890-gt,3890,0,mar20-airport-proxy-018,aircraft,aircraft,9,"[720.0, 257.0, 840.0, 382.0]",120.0,medium,m3-f0-i3890-p385510,0.5469,"[718.28, 261.99, 842.15, 380.78]",0.922
i3938-gt,3938,0,mar20-airport-proxy-006,aircraft,aircraft,18,"[448.0, 303.0, 479.0, 332.0]",29.0,tiny,m3-f0-i3938-p395708,0.5454,"[445.11, 305.74, 476.97, 334.09]",0.7307
i2299-gt,2299,0,mar20-airport-proxy-018,aircraft,aircraft,9,"[39.0, 411.0, 105.0, 482.0]",66.0,small,m3-f0-i2299-p220812,0.5435,"[39.49, 413.09, 105.95, 483.01]",0.9369
i2023-gt,2023,0,mar20-airport-proxy-018,aircraft,aircraft,9,"[395.0, 42.0, 456.0, 103.0]",61.0,small,m3-f0-i2023-p195908,0.5396,"[392.99, 40.01, 456.23, 103.15]",0.9321
i3803-gt,3803,0,mar20-airport-proxy-018,aircraft,aircraft,9,"[709.0, 21.0, 796.0, 112.0]",87.0,small,m3-f0-i3803-p369606,0.5391,"[705.18, 20.04, 797.17, 113.45]",0.9214
i1972-gt,1972,0,mar20-airport-proxy-018,aircraft,aircraft,9,"[663.0, 679.0, 733.0, 748.0]",69.0,small,m3-f0-i1972-p190802,0.5352,"[662.08, 675.49, 735.57, 749.51]",0.8879
i3706-gt,3706,0,mar20-airport-proxy-018,aircraft,aircraft,9,"[77.0, 108.0, 159.0, 181.0]",73.0,small,m3-f0-i3706-p346503,0.5347,"[80.32, 110.99, 157.57, 182.57]",0.8856
i4160-gt,4160,2,mar20-airport-proxy-013,aircraft,aircraft,18,"[614.0, 71.0, 654.0, 123.0]",40.0,small,m3-f2-i4160-p372321,0.5303,"[614.85, 71.81, 652.94, 123.47]",0.9297
i2387-gt,2387,0,mar20-airport-proxy-041,aircraft,aircraft,20,"[235.0, 153.0, 318.0, 242.0]",83.0,small,m3-f0-i2387-p227701,0.5303,"[239.87, 155.81, 318.33, 234.81]",0.8326
i3381-gt,3381,2,mar20-airport-proxy-051,aircraft,aircraft,16,"[392.0, 292.0, 586.0, 598.0]",194.0,medium,m3-f2-i3381-p326705,0.5298,"[390.58, 297.85, 582.08, 603.71]",0.937
i2924-gt,2924,0,mar20-airport-proxy-036,aircraft,aircraft,16,"[375.0, 418.0, 471.0, 505.0]",87.0,small,m3-f0-i2924-p275704,0.5293,"[372.53, 419.65, 469.65, 502.22]",0.9135
i3725-gt,3725,0,mar20-airport-proxy-018,aircraft,aircraft,9,"[724.0, 611.0, 786.0, 669.0]",58.0,small,m3-f0-i3725-p350407,0.5244,"[723.46, 606.35, 785.91, 671.78]",0.8777
i2041-gt,2041,0,mar20-airport-proxy-022,aircraft,aircraft,4,"[382.0, 322.0, 443.0, 394.0]",61.0,small,m3-f0-i2041-p197709,0.5205,"[386.69, 322.02, 440.65, 393.21]",0.8746
i1964-gt,1964,2,mar20-airport-proxy-015,aircraft,aircraft,23,"[204.0, 599.0, 297.0, 713.0]",93.0,small,m3-f2-i1964-p192902,0.5151,"[204.54, 598.58, 298.58, 714.7]",0.9598
i3780-gt,3780,0,mar20-airport-proxy-018,aircraft,aircraft,9,"[463.0, 277.0, 559.0, 369.0]",92.0,small,m3-f0-i3780-p364201,0.5117,"[461.28, 272.17, 557.47, 371.97]",0.8922
i3541-gt,3541,2,mar20-airport-proxy-013,aircraft,aircraft,8,"[272.0, 64.0, 383.0, 141.0]",77.0,small,m3-f2-i3541-p344105,0.5088,"[275.34, 61.69, 385.6, 139.87]",0.9077
i3706-gt,3706,0,mar20-airport-proxy-018,aircraft,aircraft,9,"[129.0, 180.0, 215.0, 251.0]",71.0,small,m3-f0-i3706-p346504,0.5054,"[130.81, 181.4, 211.96, 257.67]",0.8498
i3073-gt,3073,0,mar20-airport-proxy-036,aircraft,aircraft,16,"[543.0, 103.0, 630.0, 233.0]",87.0,small,m3-f0-i3073-p290109,0.4983,"[542.38, 111.87, 631.84, 230.52]",0.8898
i3786-gt,3786,0,mar20-airport-proxy-018,aircraft,aircraft,9,"[350.0, 550.0, 416.0, 621.0]",66.0,small,m3-f0-i3786-p365107,0.489,"[349.56, 548.39, 416.06, 616.46]",0.9087
i3650-gt,3650,1,mar20-airport-proxy-035,aircraft,aircraft,8,"[243.0, 322.0, 278.0, 374.0]",35.0,small,m3-f1-i3650-p402011,0.4883,"[242.21, 321.41, 278.1, 375.46]",0.9382
i3157-gt,3157,2,mar20-airport-proxy-051,aircraft,aircraft,17,"[155.0, 283.0, 318.0, 445.0]",162.0,medium,m3-f2-i3157-p302120,0.4883,"[158.4, 287.89, 310.74, 449.22]",0.8849
i3481-gt,3481,0,mar20-airport-proxy-046,aircraft,aircraft,14,"[684.0, 244.0, 776.0, 344.0]",92.0,small,m3-f0-i3481-p324016,0.4849,"[683.01, 246.39, 771.68, 341.11]",0.8937
i3741-gt,3741,0,mar20-airport-proxy-018,aircraft,aircraft,9,"[9.0, 517.0, 129.0, 630.0]",113.0,medium,m3-f0-i3741-p354300,0.4841,"[10.16, 509.96, 127.44, 630.66]",0.9163
i3786-gt,3786,0,mar20-airport-proxy-018,aircraft,aircraft,9,"[511.0, 299.0, 577.0, 368.0]",66.0,small,m3-f0-i3786-p365108,0.4758,"[512.67, 299.93, 577.17, 367.26]",0.9487
i2724-gt,2724,1,mar20-airport-proxy-012,aircraft,aircraft,18,"[135.0, 111.0, 248.0, 217.0]",106.0,medium,m3-f1-i2724-p294605,0.4702,"[132.57, 109.13, 243.8, 217.82]",0.92
i2532-gt,2532,2,mar20-airport-proxy-044,aircraft,aircraft,7,"[199.0, 629.0, 365.0, 783.0]",154.0,medium,m3-f2-i2532-p246304,0.4685,"[207.86, 630.13, 365.97, 779.25]",0.9115
i3801-gt,3801,0,mar20-airport-proxy-018,aircraft,aircraft,9,"[91.0, 206.0, 169.0, 287.0]",78.0,small,m3-f0-i3801-p369308,0.468,"[88.23, 200.71, 170.95, 291.09]",0.8451
i4116-gt,4116,1,mar20-airport-proxy-012,aircraft,aircraft,18,"[37.0, 162.0, 93.0, 235.0]",56.0,small,m3-f1-i4116-p452109,0.4661,"[32.6, 161.88, 95.05, 235.66]",0.8873
i1734-gt,1734,1,mar20-airport-proxy-014,aircraft,aircraft,22,"[287.0, 479.0, 370.0, 542.0]",63.0,small,m3-f1-i1734-p179403,0.4644,"[283.67, 480.43, 370.76, 541.54]",0.9258
i1685-gt,1685,0,mar20-airport-proxy-006,aircraft,aircraft,18,"[326.0, 424.0, 360.0, 460.0]",34.0,small,m3-f0-i1685-p165605,0.4604,"[325.23, 417.2, 361.59, 459.93]",0.7851
i1734-gt,1734,1,mar20-airport-proxy-014,aircraft,aircraft,22,"[258.0, 395.0, 339.0, 459.0]",64.0,small,m3-f1-i1734-p179404,0.459,"[255.76, 395.64, 339.74, 456.51]",0.9189
i2637-gt,2637,2,mar20-airport-proxy-051,aircraft,aircraft,19,"[560.0, 221.0, 679.0, 290.0]",69.0,small,m3-f2-i2637-p258314,0.4573,"[560.79, 219.82, 678.27, 293.85]",0.921
i2637-gt,2637,2,mar20-airport-proxy-051,aircraft,aircraft,19,"[526.0, 258.0, 657.0, 333.0]",75.0,small,m3-f2-i2637-p258315,0.4551,"[524.12, 263.26, 640.72, 335.18]",0.7836
i3786-gt,3786,0,mar20-airport-proxy-018,aircraft,aircraft,9,"[585.0, 186.0, 650.0, 253.0]",65.0,small,m3-f0-i3786-p365109,0.4448,"[586.74, 191.7, 652.32, 252.05]",0.8493
i3399-gt,3399,1,mar20-airport-proxy-043,aircraft,aircraft,23,"[275.0, 491.0, 325.0, 528.0]",37.0,small,m3-f1-i3399-p373504,0.4363,"[273.71, 489.88, 321.61, 524.96]",0.8128
i3809-gt,3809,0,mar20-airport-proxy-018,aircraft,aircraft,9,"[640.0, 482.0, 708.0, 548.0]",66.0,small,m3-f0-i3809-p371113,0.4207,"[639.53, 481.05, 705.79, 546.29]",0.9232
i3483-gt,3483,2,mar20-airport-proxy-023,aircraft,aircraft,14,"[250.0, 59.0, 313.0, 115.0]",56.0,small,m3-f2-i3483-p339012,0.4207,"[252.38, 61.86, 304.11, 111.03]",0.7209
i3706-gt,3706,0,mar20-airport-proxy-018,aircraft,aircraft,9,"[425.0, 594.0, 504.0, 675.0]",79.0,small,m3-f0-i3706-p346505,0.4197,"[424.58, 590.89, 509.79, 675.51]",0.8875
i3773-gt,3773,0,mar20-airport-proxy-018,aircraft,aircraft,9,"[642.0, 575.0, 692.0, 627.0]",50.0,small,m3-f0-i3773-p362407,0.4158,"[642.14, 575.94, 691.46, 625.62]",0.9424
i1685-gt,1685,0,mar20-airport-proxy-006,aircraft,aircraft,18,"[437.0, 388.0, 467.0, 427.0]",30.0,tiny,m3-f0-i1685-p165607,0.407,"[433.64, 382.36, 470.2, 427.02]",0.7164
i3077-gt,3077,1,mar20-airport-proxy-043,aircraft,aircraft,23,"[423.0, 302.0, 503.0, 381.0]",79.0,small,m3-f1-i3077-p338703,0.4043,"[421.83, 288.89, 524.27, 381.03]",0.6696
i3890-gt,3890,0,mar20-airport-proxy-018,aircraft,aircraft,23,"[2.0, 256.0, 24.0, 313.0]",22.0,tiny,m3-f0-i3890-p385514,0.4038,"[0.35, 256.56, 27.96, 324.09]",0.6615
i1706-gt,1706,0,mar20-airport-proxy-022,aircraft,aircraft,4,"[687.0, 524.0, 786.0, 659.0]",99.0,medium,m3-f0-i1706-p168014,0.4028,"[685.5, 523.78, 789.5, 660.6]",0.9392
i3820-gt,3820,2,mar20-airport-proxy-013,aircraft,aircraft,18,"[503.0, 470.0, 552.0, 505.0]",35.0,small,m3-f2-i3820-p360612,0.3972,"[500.29, 470.07, 549.71, 506.49]",0.8663
i4116-gt,4116,1,mar20-airport-proxy-012,aircraft,aircraft,18,"[128.0, 178.0, 185.0, 249.0]",57.0,small,m3-f1-i4116-p452110,0.3943,"[122.12, 170.69, 190.57, 268.94]",0.6018
i1802-gt,1802,0,mar20-airport-proxy-018,aircraft,aircraft,9,"[341.0, 122.0, 396.0, 180.0]",55.0,small,m3-f0-i1802-p177013,0.3931,"[339.84, 121.78, 399.22, 183.69]",0.8678
i2017-gt,2017,1,mar20-airport-proxy-042,aircraft,aircraft,22,"[618.0, 323.0, 710.0, 439.0]",92.0,small,m3-f1-i2017-p211507,0.3867,"[614.94, 322.41, 708.5, 438.53]",0.9435
i3820-gt,3820,2,mar20-airport-proxy-013,aircraft,aircraft,18,"[175.0, 307.0, 223.0, 341.0]",34.0,small,m3-f2-i3820-p360613,0.3855,"[174.26, 306.12, 222.23, 342.32]",0.9107
i3650-gt,3650,1,mar20-airport-proxy-035,aircraft,aircraft,8,"[204.0, 345.0, 242.0, 397.0]",38.0,small,m3-f1-i3650-p402012,0.3804,"[204.65, 345.24, 240.27, 396.95]",0.9321
i3763-gt,3763,0,mar20-airport-proxy-018,aircraft,aircraft,9,"[287.0, 149.0, 376.0, 236.0]",87.0,small,m3-f0-i3763-p360003,0.3645,"[286.55, 145.92, 375.56, 237.08]",0.9451
i2034-gt,2034,1,mar20-airport-proxy-043,aircraft,aircraft,23,"[504.0, 221.0, 563.0, 258.0]",37.0,small,m3-f1-i2034-p213603,0.3638,"[502.54, 214.99, 565.43, 266.26]",0.677
i3811-gt,3811,0,mar20-airport-proxy-018,aircraft,aircraft,9,"[337.0, 588.0, 404.0, 657.0]",67.0,small,m3-f0-i3811-p371407,0.3616,"[336.28, 592.6, 403.17, 658.18]",0.8975
i1411-gt,1411,0,mar20-airport-proxy-036,aircraft,aircraft,16,"[420.0, 99.0, 524.0, 161.0]",62.0,small,m3-f0-i1411-p139213,0.3613,"[419.73, 97.29, 519.34, 164.04]",0.8877
i1307-gt,1307,2,mar20-airport-proxy-056,aircraft,aircraft,8,"[136.0, 97.0, 189.0, 171.0]",53.0,small,m3-f2-i1307-p128103,0.3542,"[125.63, 93.24, 201.51, 183.33]",0.5737
i1778-gt,1778,1,mar20-airport-proxy-014,aircraft,aircraft,22,"[154.0, 324.0, 263.0, 444.0]",109.0,medium,m3-f1-i1778-p184500,0.3508,"[156.91, 319.0, 266.28, 447.31]",0.8851
i3815-gt,3815,0,mar20-airport-proxy-018,aircraft,aircraft,15,"[240.0, 345.0, 327.0, 408.0]",63.0,small,m3-f0-i3815-p372613,0.3503,"[239.7, 347.07, 317.33, 405.27]",0.8186
i3774-gt,3774,0,mar20-airport-proxy-018,aircraft,aircraft,9,"[488.0, 272.0, 626.0, 404.0]",132.0,medium,m3-f0-i3774-p362709,0.3464,"[487.94, 269.58, 625.34, 400.34]",0.9499
i3439-gt,3439,2,mar20-airport-proxy-023,aircraft,aircraft,14,"[144.0, 320.0, 254.0, 445.0]",110.0,medium,m3-f2-i3439-p334203,0.3452,"[141.0, 327.28, 253.11, 443.12]",0.8966
i3953-gt,3953,1,mar20-airport-proxy-017,aircraft,aircraft,17,"[829.0, 463.0, 904.0, 544.0]",75.0,small,m3-f1-i3953-p418811,0.343,"[819.26, 460.17, 908.27, 543.28]",0.8081
i1802-gt,1802,0,mar20-airport-proxy-018,aircraft,aircraft,9,"[339.0, 1.0, 394.0, 54.0]",53.0,small,m3-f0-i1802-p177014,0.3401,"[336.57, 0.0, 402.49, 57.03]",0.7754
i3780-gt,3780,0,mar20-airport-proxy-018,aircraft,aircraft,9,"[266.0, 404.0, 357.0, 501.0]",91.0,small,m3-f0-i3780-p364204,0.3389,"[263.09, 400.44, 357.62, 505.81]",0.8862
i2454-gt,2454,2,mar20-airport-proxy-005,aircraft,aircraft,14,"[448.0, 192.0, 695.0, 439.0]",247.0,medium,m3-f2-i2454-p237601,0.3389,"[448.54, 200.59, 685.84, 433.79]",0.9071
i3347-gt,3347,0,mar20-airport-proxy-041,aircraft,aircraft,4,"[155.0, 140.0, 243.0, 214.0]",74.0,small,m3-f0-i3347-p311405,0.3376,"[146.41, 134.03, 239.33, 214.01]",0.8101
i2078-gt,2078,1,mar20-airport-proxy-017,aircraft,aircraft,17,"[325.0, 78.0, 415.0, 168.0]",90.0,small,m3-f1-i2078-p219306,0.3284,"[323.58, 75.27, 417.82, 167.7]",0.9239
i3491-gt,3491,2,mar20-airport-proxy-023,aircraft,aircraft,14,"[115.0, 102.0, 261.0, 223.0]",121.0,medium,m3-f2-i3491-p339903,0.3274,"[120.76, 105.08, 249.77, 219.88]",0.8384
i1632-gt,1632,2,mar20-airport-proxy-023,aircraft,aircraft,10,"[212.0, 623.0, 303.0, 711.0]",88.0,small,m3-f2-i1632-p160510,0.3269,"[216.16, 625.17, 299.46, 705.3]",0.8335
i1736-gt,1736,2,mar20-airport-proxy-051,aircraft,aircraft,16,"[599.0, 186.0, 718.0, 355.0]",119.0,medium,m3-f2-i1736-p170722,0.3206,"[595.41, 183.84, 717.09, 355.22]",0.95
i1694-gt,1694,0,mar20-airport-proxy-022,aircraft,aircraft,22,"[182.0, 527.0, 242.0, 606.0]",60.0,small,m3-f0-i1694-p166217,0.3196,"[180.83, 526.05, 244.56, 605.2]",0.9215
i1725-gt,1725,1,mar20-airport-proxy-014,aircraft,aircraft,22,"[276.0, 560.0, 343.0, 615.0]",55.0,small,m3-f1-i1725-p177905,0.3174,"[271.8, 558.86, 344.63, 614.07]",0.8873
i3794-gt,3794,0,mar20-airport-proxy-018,aircraft,aircraft,9,"[591.0, 556.0, 685.0, 655.0]",94.0,small,m3-f0-i3794-p367509,0.3145,"[591.89, 556.57, 684.67, 650.46]",0.9361
i2366-gt,2366,2,mar20-airport-proxy-015,aircraft,aircraft,22,"[69.0, 310.0, 192.0, 364.0]",54.0,small,m3-f2-i2366-p227703,0.3145,"[69.14, 306.81, 190.23, 366.63]",0.8901
i2023-gt,2023,0,mar20-airport-proxy-018,aircraft,aircraft,9,"[420.0, 175.0, 489.0, 237.0]",62.0,small,m3-f0-i2023-p195914,0.3142,"[418.82, 173.56, 489.77, 235.82]",0.9328
i3768-gt,3768,0,mar20-airport-proxy-018,aircraft,aircraft,23,"[307.0, 654.0, 356.0, 680.0]",26.0,tiny,m3-f0-i3768-p361510,0.3142,"[310.75, 654.83, 355.65, 681.1]",0.8537
i3889-gt,3889,0,mar20-airport-proxy-018,aircraft,aircraft,23,"[221.0, 590.0, 255.0, 599.0]",9.0,tiny,m3-f0-i3889-p385206,0.314,"[218.58, 588.85, 253.28, 599.0]",0.7898
i3740-gt,3740,1,mar20-airport-proxy-016,aircraft,aircraft,15,"[209.0, 253.0, 270.0, 324.0]",61.0,small,m3-f1-i3740-p408909,0.3079,"[212.57, 253.39, 267.11, 318.48]",0.8197
i1681-gt,1681,0,mar20-airport-proxy-041,aircraft,aircraft,20,"[359.0, 544.0, 556.0, 727.0]",183.0,medium,m3-f0-i1681-p165006,0.3052,"[367.53, 542.24, 557.47, 737.45]",0.8926
i3774-gt,3774,0,mar20-airport-proxy-018,aircraft,aircraft,9,"[204.0, 264.0, 342.0, 393.0]",129.0,medium,m3-f0-i3774-p362711,0.3037,"[207.91, 263.38, 338.96, 392.48]",0.9415
i3319-gt,3319,2,mar20-airport-proxy-005,aircraft,aircraft,14,"[185.0, 57.0, 365.0, 214.0]",157.0,medium,m3-f2-i3319-p319503,0.3027,"[193.21, 50.93, 365.77, 215.28]",0.9096
i2700-gt,2700,2,mar20-airport-proxy-005,aircraft,aircraft,14,"[167.0, 246.0, 393.0, 492.0]",226.0,medium,m3-f2-i2700-p264901,0.3027,"[163.96, 245.61, 396.97, 499.32]",0.9404
i3780-gt,3780,0,mar20-airport-proxy-018,aircraft,aircraft,9,"[364.0, 341.0, 457.0, 436.0]",93.0,small,m3-f0-i3780-p364206,0.2981,"[362.79, 336.62, 457.52, 437.99]",0.9201
i4211-gt,4211,2,mar20-airport-proxy-051,aircraft,aircraft,7,"[66.0, 416.0, 410.0, 795.0]",344.0,large,m3-f2-i4211-p381011,0.2976,"[71.68, 417.38, 401.37, 799.8]",0.9434
i3806-gt,3806,0,mar20-airport-proxy-018,aircraft,aircraft,23,"[556.0, 203.0, 592.0, 235.0]",32.0,small,m3-f0-i3806-p370213,0.2937,"[555.76, 200.54, 589.55, 233.45]",0.8222
i3134-gt,3134,1,mar20-airport-proxy-011,aircraft,aircraft,4,"[585.0, 387.0, 649.0, 479.0]",64.0,small,m3-f1-i3134-p346505,0.293,"[583.42, 388.16, 650.17, 479.03]",0.9469
i2089-gt,2089,2,mar20-airport-proxy-015,aircraft,aircraft,22,"[131.0, 209.0, 213.0, 275.0]",66.0,small,m3-f2-i2089-p203109,0.2917,"[130.54, 203.49, 216.33, 275.42]",0.8771
i1839-gt,1839,1,mar20-airport-proxy-038,aircraft,aircraft,18,"[371.0, 727.0, 454.0, 794.0]",67.0,small,m3-f1-i1839-p192307,0.2905,"[373.8, 729.42, 453.54, 792.46]",0.9039
i3774-gt,3774,0,mar20-airport-proxy-018,aircraft,aircraft,9,"[328.0, 261.0, 466.0, 389.0]",128.0,medium,m3-f0-i3774-p362712,0.2903,"[330.22, 255.91, 463.53, 385.89]",0.9076
i1828-gt,1828,0,mar20-airport-proxy-032,aircraft,aircraft,19,"[4.0, 215.0, 217.0, 573.0]",213.0,medium,m3-f0-i1828-p179702,0.2878,"[1.07, 213.87, 233.3, 586.13]",0.8821
i3811-gt,3811,0,mar20-airport-proxy-018,aircraft,aircraft,9,"[590.0, 14.0, 655.0, 83.0]",65.0,small,m3-f0-i3811-p371409,0.2864,"[588.35, 14.94, 656.18, 83.5]",0.9391
i3887-gt,3887,0,mar20-airport-proxy-018,aircraft,aircraft,9,"[12.0, 671.0, 152.0, 823.0]",140.0,medium,m3-f0-i3887-p384607,0.2842,"[10.59, 672.98, 149.64, 819.03]",0.9356
i3381-gt,3381,2,mar20-airport-proxy-051,aircraft,aircraft,16,"[166.0, 314.0, 349.0, 599.0]",183.0,medium,m3-f2-i3381-p326709,0.283,"[164.4, 318.55, 353.17, 603.32]",0.9402
i3724-gt,3724,0,mar20-airport-proxy-018,aircraft,aircraft,9,"[147.0, 388.0, 226.0, 464.0]",76.0,small,m3-f0-i3724-p350116,0.28,"[146.73, 382.86, 231.2, 481.98]",0.7171
i1925-gt,1925,1,mar20-airport-proxy-014,aircraft,aircraft,22,"[157.0, 35.0, 282.0, 121.0]",86.0,small,m3-f1-i1925-p201007,0.2759,"[162.41, 30.49, 282.9, 122.68]",0.8886
i1694-gt,1694,0,mar20-airport-proxy-022,aircraft,aircraft,4,"[339.0, 423.0, 396.0, 494.0]",57.0,small,m3-f0-i1694-p166218,0.2737,"[338.82, 422.27, 397.12, 490.23]",0.9174
i3809-gt,3809,0,mar20-airport-proxy-018,aircraft,aircraft,9,"[661.0, 401.0, 734.0, 468.0]",67.0,small,m3-f0-i3809-p371122,0.2717,"[660.64, 399.8, 732.32, 465.82]",0.9247
i3524-gt,3524,0,mar20-airport-proxy-048,aircraft,aircraft,7,"[452.0, 41.0, 568.0, 155.0]",114.0,medium,m3-f0-i3524-p328503,0.2693,"[448.97, 36.04, 567.43, 155.96]",0.9221
i3177-gt,3177,2,mar20-airport-proxy-015,aircraft,aircraft,4,"[108.0, 309.0, 227.0, 473.0]",119.0,medium,m3-f2-i3177-p304207,0.2693,"[106.49, 302.78, 226.12, 475.34]",0.9319
i2941-gt,2941,2,mar20-airport-proxy-015,aircraft,aircraft,22,"[660.0, 563.0, 764.0, 624.0]",61.0,small,m3-f2-i2941-p282312,0.2681,"[659.33, 556.67, 775.05, 628.49]",0.7632
i1743-gt,1743,1,mar20-airport-proxy-014,aircraft,aircraft,22,"[170.0, 431.0, 318.0, 542.0]",111.0,medium,m3-f1-i1743-p180603,0.2668,"[162.25, 428.85, 321.64, 557.09]",0.8037
i3483-gt,3483,2,mar20-airport-proxy-023,aircraft,aircraft,17,"[37.0, 110.0, 94.0, 165.0]",55.0,small,m3-f2-i3483-p339013,0.2651,"[39.8, 116.04, 85.34, 161.69]",0.6631
i3763-gt,3763,0,mar20-airport-proxy-018,aircraft,aircraft,9,"[190.0, 253.0, 277.0, 343.0]",87.0,small,m3-f0-i3763-p360005,0.2578,"[187.11, 251.07, 278.12, 343.85]",0.9273
i1673-gt,1673,0,mar20-airport-proxy-032,aircraft,aircraft,5,"[41.0, 108.0, 373.0, 574.0]",332.0,large,m3-f0-i1673-p163806,0.2551,"[4.98, 113.28, 383.89, 602.34]",0.8177
i3889-gt,3889,0,mar20-airport-proxy-018,aircraft,aircraft,23,"[221.0, 570.0, 248.0, 585.0]",15.0,tiny,m3-f0-i3889-p385209,0.2539,"[218.71, 567.6, 249.91, 583.6]",0.684
i3786-gt,3786,0,mar20-airport-proxy-018,aircraft,aircraft,9,"[433.0, 422.0, 499.0, 492.0]",66.0,small,m3-f0-i3786-p365111,0.2532,"[432.15, 421.75, 499.88, 488.4]",0.9224
i1802-gt,1802,0,mar20-airport-proxy-018,aircraft,aircraft,9,"[353.0, 737.0, 408.0, 797.0]",55.0,small,m3-f0-i1802-p177018,0.251,"[351.83, 735.42, 420.04, 799.73]",0.7523
i2925-gt,2925,2,mar20-airport-proxy-051,aircraft,aircraft,19,"[470.0, 284.0, 547.0, 391.0]",77.0,small,m3-f2-i2925-p280530,0.2507,"[468.04, 294.58, 546.8, 388.62]",0.8575
i4329-gt,4329,0,mar20-airport-proxy-045,aircraft,aircraft,17,"[230.0, 241.0, 362.0, 370.0]",129.0,medium,m3-f0-i4329-p432907,0.2489,"[230.27, 239.7, 356.05, 363.43]",0.8957
i3725-gt,3725,0,mar20-airport-proxy-018,aircraft,aircraft,9,"[652.0, 547.0, 712.0, 610.0]",60.0,small,m3-f0-i3725-p350409,0.2487,"[648.66, 545.31, 708.37, 609.38]",0.8599
i4320-gt,4320,1,mar20-airport-proxy-017,aircraft,aircraft,17,"[52.0, 693.0, 157.0, 793.0]",100.0,medium,m3-f1-i4320-p470408,0.2474,"[49.71, 684.72, 156.93, 795.75]",0.8809
i3864-gt,3864,2,mar20-airport-proxy-019,aircraft,aircraft,12,"[388.0, 414.0, 574.0, 600.0]",186.0,medium,m3-f2-i3864-p361801,0.2471,"[371.72, 421.28, 575.39, 598.88]",0.8754
i2637-gt,2637,2,mar20-airport-proxy-051,aircraft,aircraft,19,"[532.0, 176.0, 647.0, 244.0]",68.0,small,m3-f2-i2637-p258317,0.2469,"[528.52, 175.27, 657.42, 245.83]",0.8598
i3774-gt,3774,0,mar20-airport-proxy-018,aircraft,aircraft,9,"[187.0, 389.0, 326.0, 522.0]",133.0,medium,m3-f0-i3774-p362715,0.2456,"[188.92, 395.17, 323.97, 518.9]",0.9039
i3711-gt,3711,0,mar20-airport-proxy-018,aircraft,aircraft,9,"[301.0, 504.0, 375.0, 572.0]",68.0,small,m3-f0-i3711-p347712,0.2441,"[299.0, 498.73, 379.13, 573.93]",0.8352
i3375-gt,3375,1,mar20-airport-proxy-017,aircraft,aircraft,17,"[182.0, 209.0, 274.0, 297.0]",88.0,small,m3-f1-i3375-p371108,0.2433,"[176.51, 204.76, 274.27, 297.19]",0.896
i3780-gt,3780,0,mar20-airport-proxy-018,aircraft,aircraft,9,"[177.0, 459.0, 268.0, 556.0]",91.0,small,m3-f0-i3780-p364208,0.2421,"[175.93, 458.06, 268.99, 559.13]",0.9384
i4227-gt,4227,0,mar20-airport-proxy-026,aircraft,aircraft,4,"[508.0, 145.0, 634.0, 237.0]",92.0,small,m3-f0-i4227-p423002,0.2394,"[507.86, 144.36, 634.33, 238.26]",0.9762
i1413-gt,1413,2,mar20-airport-proxy-015,aircraft,aircraft,23,"[44.0, 755.0, 118.0, 800.0]",45.0,small,m3-f2-i1413-p137415,0.2391,"[36.4, 751.61, 117.8, 799.95]",0.8404
i3770-gt,3770,0,mar20-airport-proxy-018,aircraft,aircraft,9,"[381.0, 123.0, 477.0, 214.0]",91.0,small,m3-f0-i3770-p361810,0.2374,"[383.35, 121.24, 479.93, 214.5]",0.9242
i1802-gt,1802,0,mar20-airport-proxy-018,aircraft,aircraft,9,"[346.0, 407.0, 401.0, 464.0]",55.0,small,m3-f0-i1802-p177019,0.233,"[345.02, 404.35, 409.67, 469.09]",0.749
i1605-gt,1605,0,mar20-airport-proxy-022,aircraft,aircraft,4,"[113.0, 100.0, 209.0, 219.0]",96.0,small,m3-f0-i1605-p157511,0.2325,"[104.83, 96.73, 210.79, 221.24]",0.8659
i1651-gt,1651,2,mar20-airport-proxy-021,aircraft,aircraft,20,"[496.0, 468.0, 613.0, 574.0]",106.0,medium,m3-f2-i1651-p162906,0.2319,"[494.58, 465.28, 615.58, 575.34]",0.9313
i2089-gt,2089,2,mar20-airport-proxy-015,aircraft,aircraft,22,"[52.0, 176.0, 132.0, 249.0]",73.0,small,m3-f2-i2089-p203110,0.2307,"[47.34, 168.04, 139.77, 248.75]",0.7781
i1376-gt,1376,0,mar20-airport-proxy-026,aircraft,aircraft,4,"[358.0, 481.0, 439.0, 590.0]",81.0,small,m3-f0-i1376-p135007,0.2233,"[355.35, 479.64, 443.09, 589.89]",0.9109
i3744-gt,3744,1,mar20-airport-proxy-016,aircraft,aircraft,15,"[560.0, 558.0, 605.0, 604.0]",45.0,small,m3-f1-i3744-p409213,0.222,"[561.12, 560.19, 605.29, 605.43]",0.8958
i3706-gt,3706,0,mar20-airport-proxy-018,aircraft,aircraft,9,"[489.0, 681.0, 575.0, 770.0]",86.0,small,m3-f0-i3706-p346509,0.2218,"[488.99, 683.23, 575.85, 771.46]",0.9499
i1802-gt,1802,0,mar20-airport-proxy-018,aircraft,aircraft,9,"[345.0, 327.0, 399.0, 386.0]",54.0,small,m3-f0-i1802-p177020,0.2198,"[343.12, 324.46, 414.7, 390.38]",0.6752
i3803-gt,3803,0,mar20-airport-proxy-018,aircraft,aircraft,9,"[532.0, 118.0, 624.0, 211.0]",92.0,small,m3-f0-i3803-p369609,0.2189,"[532.54, 115.99, 623.71, 211.94]",0.9607
i1802-gt,1802,0,mar20-airport-proxy-018,aircraft,aircraft,9,"[340.0, 61.0, 394.0, 119.0]",54.0,small,m3-f0-i1802-p177021,0.2168,"[338.92, 61.6, 398.19, 123.27]",0.8405
i4265-gt,4265,1,mar20-airport-proxy-042,aircraft,aircraft,22,"[505.0, 300.0, 622.0, 409.0]",109.0,medium,m3-f1-i4265-p465009,0.214,"[503.12, 298.83, 621.09, 410.55]",0.953
i2012-gt,2012,0,mar20-airport-proxy-018,aircraft,aircraft,9,"[440.0, 213.0, 560.0, 336.0]",120.0,medium,m3-f0-i2012-p194703,0.2123,"[436.85, 205.75, 561.77, 333.68]",0.8907
i2089-gt,2089,2,mar20-airport-proxy-015,aircraft,aircraft,22,"[705.0, 432.0, 792.0, 505.0]",73.0,small,m3-f2-i2089-p203111,0.2111,"[700.81, 427.47, 792.16, 506.91]",0.8751
i3760-gt,3760,0,mar20-airport-proxy-018,aircraft,aircraft,9,"[448.0, 175.0, 555.0, 290.0]",107.0,medium,m3-f0-i3760-p359117,0.2098,"[447.31, 177.34, 556.59, 286.33]",0.929
i3953-gt,3953,1,mar20-airport-proxy-017,aircraft,aircraft,17,"[1003.0, 235.0, 1077.0, 309.0]",74.0,small,m3-f1-i3953-p418815,0.2086,"[994.58, 231.24, 1078.04, 310.49]",0.8279
i1706-gt,1706,0,mar20-airport-proxy-022,aircraft,aircraft,4,"[569.0, 521.0, 670.0, 659.0]",101.0,medium,m3-f0-i1706-p168016,0.2081,"[569.58, 521.19, 672.61, 661.62]",0.95
i1445-gt,1445,0,mar20-airport-proxy-018,aircraft,aircraft,9,"[1.0, 418.0, 80.0, 498.0]",79.0,small,m3-f0-i1445-p142210,0.2075,"[0.05, 417.46, 80.18, 499.73]",0.9587
i3889-gt,3889,0,mar20-airport-proxy-018,aircraft,aircraft,23,"[216.0, 553.0, 248.0, 567.0]",14.0,tiny,m3-f0-i3889-p385219,0.2064,"[214.24, 550.44, 245.04, 565.67]",0.6699
i3724-gt,3724,0,mar20-airport-proxy-018,aircraft,aircraft,9,"[405.0, 232.0, 478.0, 307.0]",73.0,small,m3-f0-i3724-p350120,0.2063,"[405.18, 232.06, 479.2, 324.19]",0.7982
i3949-gt,3949,1,mar20-airport-proxy-017,aircraft,aircraft,17,"[485.0, 151.0, 545.0, 215.0]",60.0,small,m3-f1-i3949-p417910,0.2042,"[477.99, 148.58, 545.66, 216.23]",0.8388
i1681-gt,1681,0,mar20-airport-proxy-041,aircraft,aircraft,15,"[279.0, 524.0, 413.0, 660.0]",134.0,medium,m3-f0-i1681-p165013,0.2037,"[286.96, 518.31, 413.82, 661.38]",0.8913
i3760-gt,3760,0,mar20-airport-proxy-018,aircraft,aircraft,9,"[205.0, 553.0, 319.0, 677.0]",114.0,medium,m3-f0-i3760-p359118,0.2018,"[207.37, 554.54, 318.02, 672.02]",0.9195
i2677-gt,2677,2,mar20-airport-proxy-015,aircraft,aircraft,23,"[152.0, 396.0, 255.0, 478.0]",82.0,small,m3-f2-i2677-p262218,0.1996,"[142.63, 396.36, 256.98, 480.98]",0.8656
i3811-gt,3811,0,mar20-airport-proxy-018,aircraft,aircraft,9,"[534.0, 137.0, 600.0, 206.0]",66.0,small,m3-f0-i3811-p371411,0.1991,"[534.45, 138.4, 600.71, 204.57]",0.9427
i1964-gt,1964,2,mar20-airport-proxy-015,aircraft,aircraft,23,"[608.0, 588.0, 698.0, 702.0]",90.0,small,m3-f2-i1964-p192908,0.199,"[606.27, 587.16, 703.1, 708.15]",0.8758
i4202-gt,4202,2,mar20-airport-proxy-023,aircraft,aircraft,14,"[515.0, 510.0, 596.0, 593.0]",81.0,small,m3-f2-i4202-p379506,0.1962,"[521.0, 519.68, 594.63, 591.26]",0.784
i2925-gt,2925,2,mar20-airport-proxy-051,aircraft,aircraft,19,"[481.0, 347.0, 553.0, 451.0]",72.0,small,m3-f2-i2925-p280535,0.1923,"[471.78, 345.7, 557.13, 450.78]",0.8317
i3741-gt,3741,0,mar20-airport-proxy-018,aircraft,aircraft,9,"[134.0, 529.0, 249.0, 638.0]",109.0,medium,m3-f0-i3741-p354314,0.1876,"[132.86, 521.29, 247.02, 639.65]",0.8974
i4116-gt,4116,1,mar20-airport-proxy-012,aircraft,aircraft,18,"[312.0, 207.0, 365.0, 285.0]",53.0,small,m3-f1-i4116-p452113,0.1869,"[302.49, 214.32, 370.94, 283.21]",0.7024
i2721-gt,2721,2,mar20-airport-proxy-013,aircraft,aircraft,18,"[704.0, 184.0, 783.0, 271.0]",79.0,small,m3-f2-i2721-p267022,0.1855,"[699.17, 181.15, 786.77, 268.46]",0.8501
i3949-gt,3949,1,mar20-airport-proxy-017,aircraft,aircraft,17,"[352.0, 331.0, 411.0, 396.0]",59.0,small,m3-f1-i3949-p417912,0.1838,"[345.82, 329.41, 412.54, 398.41]",0.8331
i3725-gt,3725,0,mar20-airport-proxy-018,aircraft,aircraft,9,"[24.0, 21.0, 88.0, 82.0]",61.0,small,m3-f0-i3725-p350410,0.1794,"[21.07, 17.97, 86.65, 82.71]",0.8829
i3809-gt,3809,0,mar20-airport-proxy-018,aircraft,aircraft,9,"[680.0, 329.0, 747.0, 397.0]",67.0,small,m3-f0-i3809-p371129,0.178,"[681.01, 327.49, 749.46, 395.95]",0.9158
i3780-gt,3780,0,mar20-airport-proxy-018,aircraft,aircraft,9,"[85.0, 522.0, 176.0, 618.0]",91.0,small,m3-f0-i3780-p364213,0.1775,"[82.03, 522.36, 176.56, 619.04]",0.9488
i2286-gt,2286,0,mar20-airport-proxy-018,aircraft,aircraft,9,"[22.0, 343.0, 191.0, 507.0]",164.0,medium,m3-f0-i2286-p219607,0.1755,"[11.38, 335.64, 194.87, 535.45]",0.756
i3589-gt,3589,1,mar20-airport-proxy-016,aircraft,aircraft,15,"[297.0, 189.0, 350.0, 236.0]",47.0,small,m3-f1-i3589-p392112,0.1753,"[301.95, 190.17, 351.17, 234.83]",0.8436
i1736-gt,1736,2,mar20-airport-proxy-051,aircraft,aircraft,16,"[432.0, 175.0, 563.0, 361.0]",131.0,medium,m3-f2-i1736-p170733,0.1747,"[430.37, 174.02, 562.6, 357.23]",0.9599
i3724-gt,3724,0,mar20-airport-proxy-018,aircraft,aircraft,9,"[628.0, 95.0, 700.0, 170.0]",72.0,small,m3-f0-i3724-p350122,0.1727,"[628.42, 96.9, 703.61, 181.23]",0.804
i3774-gt,3774,0,mar20-airport-proxy-018,aircraft,aircraft,9,"[636.0, 283.0, 777.0, 412.0]",129.0,medium,m3-f0-i3774-p362722,0.1718,"[636.91, 280.32, 775.59, 412.65]",0.9592
i2261-gt,2261,2,mar20-airport-proxy-023,aircraft,aircraft,14,"[554.0, 188.0, 665.0, 295.0]",107.0,medium,m3-f2-i2261-p220208,0.1685,"[558.89, 189.45, 663.77, 288.67]",0.8762
i2012-gt,2012,0,mar20-airport-proxy-018,aircraft,aircraft,9,"[550.0, 112.0, 663.0, 234.0]",113.0,medium,m3-f0-i2012-p194704,0.1677,"[547.1, 109.85, 662.5, 229.68]",0.921
i1725-gt,1725,1,mar20-airport-proxy-014,aircraft,aircraft,22,"[246.0, 500.0, 317.0, 556.0]",56.0,small,m3-f1-i1725-p177906,0.1663,"[246.24, 501.26, 317.65, 556.47]",0.9574
i3809-gt,3809,0,mar20-airport-proxy-018,aircraft,aircraft,9,"[598.0, 620.0, 667.0, 693.0]",69.0,small,m3-f0-i3809-p371130,0.1653,"[597.39, 620.04, 666.67, 689.33]",0.9368
i3953-gt,3953,1,mar20-airport-proxy-017,aircraft,aircraft,17,"[912.0, 165.0, 988.0, 245.0]",76.0,small,m3-f1-i3953-p418817,0.1649,"[904.53, 161.12, 988.6, 242.8]",0.8406
i3755-gt,3755,0,mar20-airport-proxy-018,aircraft,aircraft,9,"[406.0, 592.0, 489.0, 671.0]",79.0,small,m3-f0-i3755-p357919,0.1644,"[410.64, 594.07, 490.92, 671.56]",0.8931
i3815-gt,3815,0,mar20-airport-proxy-018,aircraft,aircraft,15,"[349.0, 132.0, 437.0, 199.0]",67.0,small,m3-f0-i3815-p372618,0.1637,"[351.71, 136.5, 427.98, 193.97]",0.7434
i4349-gt,4349,1,mar20-airport-proxy-016,aircraft,aircraft,15,"[533.0, 545.0, 627.0, 635.0]",90.0,small,m3-f1-i4349-p473709,0.1633,"[538.06, 544.53, 626.0, 630.47]",0.8841
i1802-gt,1802,0,mar20-airport-proxy-018,aircraft,aircraft,9,"[349.0, 552.0, 403.0, 610.0]",54.0,small,m3-f0-i1802-p177024,0.1622,"[346.48, 548.44, 416.8, 614.84]",0.6708
i2721-gt,2721,2,mar20-airport-proxy-013,aircraft,aircraft,18,"[296.0, 423.0, 387.0, 512.0]",89.0,small,m3-f2-i2721-p267027,0.1619,"[298.24, 429.83, 386.91, 515.48]",0.8666
i3721-gt,3721,0,mar20-airport-proxy-022,aircraft,aircraft,4,"[218.0, 477.0, 274.0, 523.0]",46.0,small,m3-f0-i3721-p349517,0.1604,"[223.35, 480.1, 271.96, 524.58]",0.786
i2969-gt,2969,1,mar20-airport-proxy-042,aircraft,aircraft,22,"[426.0, 193.0, 504.0, 293.0]",78.0,small,m3-f1-i2969-p324610,0.1604,"[425.98, 192.04, 502.93, 293.51]",0.9719
i1961-gt,1961,2,mar20-airport-proxy-051,aircraft,aircraft,17,"[329.0, 601.0, 442.0, 715.0]",113.0,medium,m3-f2-i1961-p192643,0.1598,"[329.0, 597.31, 442.87, 715.97]",0.9534
i3814-gt,3814,0,mar20-airport-proxy-018,aircraft,aircraft,9,"[670.0, 228.0, 750.0, 303.0]",75.0,small,m3-f0-i3814-p372309,0.1559,"[672.58, 226.46, 749.29, 299.32]",0.8942
i2007-gt,2007,2,mar20-airport-proxy-051,aircraft,aircraft,17,"[541.0, 446.0, 747.0, 624.0]",178.0,medium,m3-f2-i2007-p196833,0.1556,"[551.9, 452.69, 731.69, 627.0]",0.8278
i3767-gt,3767,0,mar20-airport-proxy-018,aircraft,aircraft,9,"[735.0, 46.0, 785.0, 94.0]",48.0,small,m3-f0-i3767-p361216,0.1555,"[737.01, 39.72, 787.99, 95.43]",0.7844
i3689-gt,3689,0,mar20-airport-proxy-018,aircraft,aircraft,9,"[164.0, 455.0, 211.0, 507.0]",47.0,small,m3-f0-i3689-p343811,0.155,"[162.26, 454.74, 210.6, 505.42]",0.9232
i1487-gt,1487,2,mar20-airport-proxy-009,aircraft,aircraft,10,"[443.0, 425.0, 513.0, 501.0]",70.0,small,m3-f2-i1487-p144610,0.1531,"[443.05, 421.58, 515.9, 502.19]",0.9047
i2677-gt,2677,2,mar20-airport-proxy-015,aircraft,aircraft,4,"[142.0, 586.0, 244.0, 661.0]",75.0,small,m3-f2-i2677-p262219,0.1515,"[142.09, 587.74, 244.04, 653.66]",0.8778
i1961-gt,1961,2,mar20-airport-proxy-051,aircraft,aircraft,17,"[675.0, 593.0, 791.0, 720.0]",116.0,medium,m3-f2-i1961-p192645,0.1495,"[674.8, 599.02, 790.04, 718.16]",0.9289
i1327-gt,1327,1,mar20-airport-proxy-049,aircraft,aircraft,16,"[525.0, 485.0, 594.0, 556.0]",69.0,small,m3-f1-i1327-p137407,0.1493,"[523.02, 477.47, 596.51, 556.91]",0.8392
i3886-gt,3886,0,mar20-airport-proxy-018,aircraft,aircraft,9,"[445.0, 265.0, 524.0, 341.0]",76.0,small,m3-f0-i3886-p384319,0.147,"[447.74, 267.2, 524.79, 343.87]",0.8957
i3811-gt,3811,0,mar20-airport-proxy-018,aircraft,aircraft,9,"[496.0, 225.0, 565.0, 292.0]",67.0,small,m3-f0-i3811-p371416,0.1462,"[496.73, 226.05, 562.65, 291.14]",0.9281
i1616-gt,1616,1,mar20-airport-proxy-034,aircraft,aircraft,13,"[2.0, 2.0, 286.0, 315.0]",284.0,large,m3-f1-i1616-p167706,0.1448,"[0.0, 0.29, 296.68, 319.04]",0.94
i1828-gt,1828,0,mar20-airport-proxy-032,aircraft,aircraft,19,"[568.0, 239.0, 780.0, 588.0]",212.0,medium,m3-f0-i1828-p179703,0.1445,"[551.56, 230.08, 789.84, 605.08]",0.828
i2012-gt,2012,0,mar20-airport-proxy-018,aircraft,aircraft,9,"[663.0, 12.0, 772.0, 128.0]",109.0,medium,m3-f0-i2012-p194707,0.1432,"[659.74, 12.78, 776.1, 130.0]",0.9152
i1602-gt,1602,1,mar20-airport-proxy-057,aircraft,aircraft,19,"[70.0, 78.0, 162.0, 140.0]",62.0,small,m3-f1-i1602-p166812,0.1412,"[76.56, 80.64, 156.84, 135.77]",0.7758
i2317-gt,2317,0,mar20-airport-proxy-018,aircraft,aircraft,9,"[490.0, 287.0, 554.0, 353.0]",64.0,small,m3-f0-i2317-p222005,0.141,"[489.46, 285.7, 555.63, 351.74]",0.931
i1961-gt,1961,2,mar20-airport-proxy-051,aircraft,aircraft,17,"[507.0, 672.0, 616.0, 794.0]",109.0,medium,m3-f2-i1961-p192647,0.1409,"[501.81, 675.59, 617.72, 799.41]",0.8754
i3767-gt,3767,0,mar20-airport-proxy-018,aircraft,aircraft,9,"[477.0, 348.0, 531.0, 398.0]",50.0,small,m3-f0-i3767-p361219,0.1406,"[480.15, 346.29, 530.0, 397.46]",0.8853
i2286-gt,2286,0,mar20-airport-proxy-018,aircraft,aircraft,9,"[564.0, 290.0, 736.0, 452.0]",162.0,medium,m3-f0-i2286-p219608,0.1387,"[557.71, 285.55, 739.16, 456.64]",0.8976
i1802-gt,1802,0,mar20-airport-proxy-018,aircraft,aircraft,9,"[343.0, 214.0, 397.0, 272.0]",54.0,small,m3-f0-i1802-p177025,0.1384,"[342.68, 212.26, 415.53, 275.63]",0.6783
i3809-gt,3809,0,mar20-airport-proxy-018,aircraft,aircraft,9,"[618.0, 548.0, 688.0, 617.0]",69.0,small,m3-f0-i3809-p371132,0.1373,"[617.94, 549.05, 686.74, 615.8]",0.9493
i3891-gt,3891,0,mar20-airport-proxy-018,aircraft,aircraft,9,"[72.0, 11.0, 189.0, 129.0]",117.0,medium,m3-f0-i3891-p385812,0.1372,"[71.78, 11.72, 188.57, 127.93]",0.9794
i1835-gt,1835,1,mar20-airport-proxy-014,aircraft,aircraft,22,"[177.0, 472.0, 222.0, 527.0]",45.0,small,m3-f1-i1835-p191706,0.137,"[180.98, 472.22, 224.23, 529.61]",0.8294
i1972-gt,1972,0,mar20-airport-proxy-018,aircraft,aircraft,9,"[219.0, 208.0, 292.0, 276.0]",68.0,small,m3-f0-i1972-p190822,0.1362,"[219.24, 202.76, 293.26, 276.93]",0.8985
i3375-gt,3375,1,mar20-airport-proxy-017,aircraft,aircraft,17,"[455.0, 388.0, 547.0, 478.0]",90.0,small,m3-f1-i3375-p371109,0.1343,"[451.54, 383.79, 546.9, 475.59]",0.8959
i3431-gt,3431,0,mar20-airport-proxy-018,aircraft,aircraft,9,"[46.0, 87.0, 212.0, 232.0]",145.0,medium,m3-f0-i3431-p319204,0.1331,"[42.14, 81.74, 211.77, 233.11]",0.9349
i2544-gt,2544,2,mar20-airport-proxy-005,aircraft,aircraft,19,"[318.0, 228.0, 383.0, 277.0]",49.0,small,m3-f2-i2544-p247812,0.1328,"[323.46, 228.47, 378.49, 275.05]",0.8048
i2313-gt,2313,1,mar20-airport-proxy-038,aircraft,aircraft,16,"[132.0, 153.0, 218.0, 257.0]",86.0,small,m3-f1-i2313-p247805,0.132,"[137.26, 155.3, 214.5, 254.08]",0.8531
i3786-gt,3786,0,mar20-airport-proxy-018,aircraft,aircraft,9,"[237.0, 720.0, 303.0, 795.0]",66.0,small,m3-f0-i3786-p365115,0.1311,"[235.74, 723.95, 303.32, 790.11]",0.8639
i1805-gt,1805,2,mar20-airport-proxy-051,aircraft,aircraft,17,"[23.0, 188.0, 193.0, 339.0]",151.0,medium,m3-f2-i1805-p175834,0.13,"[23.44, 183.06, 194.53, 343.12]",0.9327
i1382-gt,1382,0,mar20-airport-proxy-036,aircraft,aircraft,8,"[139.0, 141.0, 227.0, 207.0]",66.0,small,m3-f0-i1382-p135909,0.1298,"[134.01, 138.45, 228.88, 207.64]",0.8848
i1411-gt,1411,0,mar20-airport-proxy-036,aircraft,aircraft,16,"[438.0, 235.0, 545.0, 306.0]",71.0,small,m3-f0-i1411-p139219,0.1294,"[442.09, 234.4, 545.41, 309.35]",0.9094
i1802-gt,1802,0,mar20-airport-proxy-018,aircraft,aircraft,9,"[350.0, 627.0, 405.0, 687.0]",55.0,small,m3-f0-i1802-p177027,0.1271,"[347.9, 626.59, 417.33, 689.82]",0.7516
i3786-gt,3786,0,mar20-airport-proxy-018,aircraft,aircraft,9,"[281.0, 652.0, 349.0, 722.0]",68.0,small,m3-f0-i3786-p365117,0.1262,"[280.27, 653.05, 347.85, 720.39]",0.936
i3768-gt,3768,0,mar20-airport-proxy-018,aircraft,aircraft,23,"[299.0, 625.0, 344.0, 650.0]",25.0,tiny,m3-f0-i3768-p361533,0.1255,"[303.1, 623.73, 350.02, 652.05]",0.7143
i1794-gt,1794,1,mar20-airport-proxy-014,aircraft,aircraft,22,"[206.0, 457.0, 265.0, 506.0]",49.0,small,m3-f1-i1794-p186602,0.1245,"[205.19, 459.15, 264.29, 501.79]",0.8496
i3689-gt,3689,0,mar20-airport-proxy-018,aircraft,aircraft,9,"[207.0, 418.0, 256.0, 466.0]",48.0,small,m3-f0-i3689-p343812,0.1232,"[207.59, 415.65, 256.47, 467.16]",0.9125
i3774-gt,3774,0,mar20-airport-proxy-018,aircraft,aircraft,9,"[324.0, 397.0, 464.0, 530.0]",133.0,medium,m3-f0-i3774-p362728,0.1227,"[324.12, 397.41, 462.6, 530.71]",0.9809
i4079-gt,4079,1,mar20-airport-proxy-049,aircraft,aircraft,7,"[328.0, 590.0, 459.0, 703.0]",113.0,medium,m3-f1-i4079-p450614,0.1221,"[337.07, 586.38, 466.73, 702.63]",0.8507
i4072-gt,4072,1,mar20-airport-proxy-049,aircraft,aircraft,14,"[427.0, 555.0, 499.0, 624.0]",69.0,small,m3-f1-i4072-p448815,0.1213,"[424.83, 552.51, 500.01, 622.1]",0.8999
i1670-gt,1670,2,mar20-airport-proxy-023,aircraft,aircraft,14,"[493.0, 118.0, 589.0, 209.0]",91.0,small,m3-f2-i1670-p165608,0.1212,"[492.7, 119.43, 581.52, 206.15]",0.8761
i2025-gt,2025,0,mar20-airport-proxy-026,aircraft,aircraft,4,"[149.0, 399.0, 238.0, 518.0]",89.0,small,m3-f0-i2025-p196508,0.1197,"[146.68, 397.66, 239.45, 531.25]",0.8545
i1815-gt,1815,0,mar20-airport-proxy-036,aircraft,aircraft,8,"[333.0, 107.0, 416.0, 204.0]",83.0,small,m3-f0-i1815-p177915,0.1182,"[330.64, 108.54, 414.67, 199.07]",0.8946
i3760-gt,3760,0,mar20-airport-proxy-018,aircraft,aircraft,9,"[565.0, 82.0, 673.0, 186.0]",104.0,medium,m3-f0-i3760-p359127,0.1178,"[564.94, 84.62, 672.56, 189.01]",0.9431
i2443-gt,2443,2,mar20-airport-proxy-051,aircraft,aircraft,7,"[16.0, 13.0, 425.0, 477.0]",409.0,large,m3-f2-i2443-p236120,0.1174,"[23.54, 12.5, 415.92, 478.12]",0.9562
i3689-gt,3689,0,mar20-airport-proxy-018,aircraft,aircraft,9,"[111.0, 495.0, 159.0, 547.0]",48.0,small,m3-f0-i3689-p343813,0.1172,"[111.44, 491.48, 159.85, 546.8]",0.909
i3887-gt,3887,0,mar20-airport-proxy-018,aircraft,aircraft,9,"[147.0, 535.0, 291.0, 675.0]",140.0,medium,m3-f0-i3887-p384615,0.116,"[150.28, 529.5, 288.39, 673.29]",0.9129
i3734-gt,3734,0,mar20-airport-proxy-018,aircraft,aircraft,9,"[408.0, 544.0, 498.0, 632.0]",88.0,small,m3-f0-i3734-p352508,0.1147,"[406.13, 543.82, 497.78, 629.61]",0.9493
i1961-gt,1961,2,mar20-airport-proxy-051,aircraft,aircraft,17,"[214.0, 595.0, 327.0, 720.0]",113.0,medium,m3-f2-i1961-p192652,0.1122,"[212.74, 598.83, 326.32, 718.36]",0.9405
i3760-gt,3760,0,mar20-airport-proxy-018,aircraft,aircraft,9,"[668.0, 4.0, 777.0, 103.0]",99.0,medium,m3-f0-i3760-p359128,0.1122,"[667.82, 3.32, 773.58, 105.76]",0.9356
i3541-gt,3541,2,mar20-airport-proxy-013,aircraft,aircraft,8,"[221.0, 595.0, 329.0, 678.0]",83.0,small,m3-f2-i3541-p344125,0.1105,"[218.16, 598.49, 328.71, 676.51]",0.915
i1446-gt,1446,2,mar20-airport-proxy-013,aircraft,aircraft,18,"[332.0, 294.0, 415.0, 389.0]",83.0,small,m3-f2-i1446-p140720,0.1097,"[339.5, 296.34, 417.14, 394.29]",0.8237
i1961-gt,1961,2,mar20-airport-proxy-051,aircraft,aircraft,17,"[96.0, 597.0, 210.0, 715.0]",114.0,medium,m3-f2-i1961-p192653,0.108,"[96.97, 596.09, 210.84, 717.19]",0.9593
i3541-gt,3541,2,mar20-airport-proxy-013,aircraft,aircraft,8,"[250.0, 285.0, 366.0, 368.0]",83.0,small,m3-f2-i3541-p344126,0.108,"[250.2, 291.38, 361.13, 369.56]",0.8673
i3811-gt,3811,0,mar20-airport-proxy-018,aircraft,aircraft,9,"[429.0, 382.0, 495.0, 451.0]",66.0,small,m3-f0-i3811-p371417,0.1071,"[427.22, 383.67, 492.31, 451.49]",0.9059
i3589-gt,3589,1,mar20-airport-proxy-016,aircraft,aircraft,15,"[152.0, 650.0, 228.0, 709.0]",59.0,small,m3-f1-i3589-p392123,0.1067,"[152.83, 650.95, 223.14, 710.77]",0.8857
i1676-gt,1676,2,mar20-airport-proxy-013,aircraft,aircraft,18,"[314.0, 130.0, 416.0, 204.0]",74.0,small,m3-f2-i1676-p165920,0.1065,"[310.06, 130.83, 413.38, 203.54]",0.9222
i3708-gt,3708,0,mar20-airport-proxy-018,aircraft,aircraft,9,"[567.0, 363.0, 644.0, 434.0]",71.0,small,m3-f0-i3708-p346813,0.1061,"[570.61, 363.7, 645.02, 434.35]",0.9272
i3776-gt,3776,0,mar20-airport-proxy-018,aircraft,aircraft,9,"[279.0, 679.0, 388.0, 793.0]",109.0,medium,m3-f0-i3776-p363307,0.1056,"[276.03, 677.0, 391.16, 792.53]",0.9268
i1761-gt,1761,0,mar20-airport-proxy-037,aircraft,aircraft,12,"[190.0, 624.0, 282.0, 706.0]",82.0,small,m3-f0-i1761-p172810,0.105,"[185.69, 626.86, 267.82, 709.86]",0.7509
i4360-gt,4360,1,mar20-airport-proxy-042,aircraft,aircraft,22,"[283.0, 1.0, 470.0, 122.0]",121.0,medium,m3-f1-i4360-p475507,0.105,"[281.79, 0.05, 469.78, 122.61]",0.9798
i3658-gt,3658,1,mar20-airport-proxy-035,aircraft,aircraft,8,"[106.0, 171.0, 167.0, 213.0]",42.0,small,m3-f1-i3658-p403216,0.1028,"[107.76, 170.37, 168.99, 212.24]",0.9107
i4350-gt,4350,2,mar20-airport-proxy-015,aircraft,aircraft,22,"[281.0, 477.0, 408.0, 531.0]",54.0,small,m3-f2-i4350-p395706,0.1023,"[288.28, 475.9, 391.41, 533.47]",0.7707
i1734-gt,1734,1,mar20-airport-proxy-014,aircraft,aircraft,22,"[357.0, 533.0, 440.0, 594.0]",61.0,small,m3-f1-i1734-p179406,0.1013,"[354.77, 530.27, 441.56, 593.27]",0.9048
i3744-gt,3744,1,mar20-airport-proxy-016,aircraft,aircraft,15,"[602.0, 568.0, 645.0, 614.0]",43.0,small,m3-f1-i3744-p409225,0.1002,"[602.86, 573.8, 645.58, 613.7]",0.8401
i1968-gt,1968,0,mar20-airport-proxy-045,aircraft,aircraft,10,"[584.0, 667.0, 731.0, 800.0]",133.0,medium,m3-f0-i1968-p189911,0.0983,"[573.05, 667.29, 723.83, 799.9]",0.8829
i3815-gt,3815,0,mar20-airport-proxy-018,aircraft,aircraft,15,"[260.0, 294.0, 346.0, 360.0]",66.0,small,m3-f0-i3815-p372624,0.0964,"[263.7, 297.92, 338.26, 355.2]",0.7524
i4072-gt,4072,1,mar20-airport-proxy-049,aircraft,aircraft,14,"[655.0, 551.0, 720.0, 616.0]",65.0,small,m3-f1-i4072-p448816,0.0959,"[652.9, 551.45, 712.88, 616.35]",0.8526
i3661-gt,3661,2,mar20-airport-proxy-051,aircraft,aircraft,17,"[203.0, 42.0, 331.0, 155.0]",113.0,medium,m3-f2-i3661-p353441,0.0944,"[205.52, 42.33, 336.67, 159.23]",0.9029
i2476-gt,2476,2,mar20-airport-proxy-015,aircraft,aircraft,22,"[52.0, 199.0, 179.0, 251.0]",52.0,small,m3-f2-i2476-p240009,0.093,"[58.94, 197.02, 165.28, 253.76]",0.778
i2721-gt,2721,2,mar20-airport-proxy-013,aircraft,aircraft,18,"[706.0, 304.0, 788.0, 386.0]",82.0,small,m3-f2-i2721-p267039,0.092,"[704.25, 304.22, 786.38, 387.96]",0.9352
i2286-gt,2286,0,mar20-airport-proxy-018,aircraft,aircraft,9,"[348.0, 309.0, 518.0, 477.0]",168.0,medium,m3-f0-i2286-p219611,0.0916,"[336.13, 304.15, 516.21, 479.05]",0.8888
i3012-gt,3012,1,mar20-airport-proxy-017,aircraft,aircraft,14,"[639.0, 400.0, 776.0, 552.0]",137.0,medium,m3-f1-i3012-p329706,0.0914,"[633.2, 402.73, 779.3, 556.64]",0.8946
i1597-gt,1597,0,mar20-airport-proxy-036,aircraft,aircraft,16,"[516.0, 205.0, 615.0, 305.0]",99.0,medium,m3-f0-i1597-p155727,0.0912,"[513.16, 204.74, 610.28, 299.95]",0.878
i2721-gt,2721,2,mar20-airport-proxy-013,aircraft,aircraft,18,"[708.0, 667.0, 794.0, 750.0]",83.0,small,m3-f2-i2721-p267041,0.0906,"[704.96, 666.19, 794.26, 752.56]",0.9253
i2351-gt,2351,2,mar20-airport-proxy-005,aircraft,aircraft,19,"[264.0, 363.0, 390.0, 465.0]",102.0,medium,m3-f2-i2351-p227101,0.0903,"[265.82, 366.97, 387.3, 454.13]",0.8239
i1736-gt,1736,2,mar20-airport-proxy-051,aircraft,aircraft,16,"[514.0, 121.0, 643.0, 300.0]",129.0,medium,m3-f2-i1736-p170742,0.0898,"[514.6, 123.05, 646.34, 303.52]",0.941
i4072-gt,4072,1,mar20-airport-proxy-049,aircraft,aircraft,14,"[705.0, 617.0, 774.0, 684.0]",67.0,small,m3-f1-i4072-p448817,0.0896,"[708.37, 614.83, 770.07, 681.63]",0.8383
i3689-gt,3689,0,mar20-airport-proxy-018,aircraft,aircraft,9,"[354.0, 297.0, 400.0, 348.0]",46.0,small,m3-f0-i3689-p343818,0.0895,"[351.66, 297.06, 399.9, 345.13]",0.8975
i3767-gt,3767,0,mar20-airport-proxy-018,aircraft,aircraft,9,"[563.0, 251.0, 612.0, 301.0]",49.0,small,m3-f0-i3767-p361230,0.0893,"[563.11, 248.49, 613.45, 299.56]",0.8969
i3812-gt,3812,0,mar20-airport-proxy-018,aircraft,aircraft,9,"[113.0, 9.0, 212.0, 102.0]",93.0,small,m3-f0-i3812-p371713,0.089,"[115.45, 9.47, 213.06, 97.07]",0.9094
i3889-gt,3889,0,mar20-airport-proxy-018,aircraft,aircraft,23,"[215.0, 530.0, 239.0, 544.0]",14.0,tiny,m3-f0-i3889-p385248,0.0887,"[210.99, 527.88, 242.19, 544.94]",0.6311
i1876-gt,1876,1,mar20-airport-proxy-042,aircraft,aircraft,22,"[96.0, 281.0, 162.0, 328.0]",47.0,small,m3-f1-i1876-p195326,0.088,"[94.7, 281.46, 160.96, 328.31]",0.9499
i2662-gt,2662,2,mar20-airport-proxy-040,aircraft,aircraft,4,"[349.0, 409.0, 436.0, 521.0]",87.0,small,m3-f2-i2662-p261009,0.088,"[346.63, 406.2, 438.92, 519.58]",0.9087
i2656-gt,2656,0,mar20-airport-proxy-041,aircraft,aircraft,15,"[108.0, 168.0, 252.0, 251.0]",83.0,small,m3-f0-i2656-p250210,0.0879,"[103.52, 174.54, 251.17, 257.1]",0.8296
i2394-gt,2394,0,mar20-airport-proxy-018,aircraft,aircraft,20,"[664.0, 75.0, 717.0, 133.0]",53.0,small,m3-f0-i2394-p228323,0.0874,"[661.61, 76.24, 712.38, 129.48]",0.8047
i2255-gt,2255,0,mar20-airport-proxy-018,aircraft,aircraft,9,"[555.0, 70.0, 623.0, 141.0]",68.0,small,m3-f0-i2255-p216312,0.0873,"[553.14, 69.64, 625.27, 143.43]",0.9072
i3273-gt,3273,0,mar20-airport-proxy-045,aircraft,aircraft,17,"[599.0, 617.0, 755.0, 786.0]",156.0,medium,m3-f0-i3273-p305104,0.0873,"[600.93, 623.88, 753.76, 787.06]",0.9341
i3658-gt,3658,1,mar20-airport-proxy-035,aircraft,aircraft,8,"[107.0, 226.0, 170.0, 271.0]",45.0,small,m3-f1-i3658-p403218,0.0871,"[107.69, 227.5, 167.31, 268.98]",0.8723
i2993-gt,2993,1,mar20-airport-proxy-030,aircraft,aircraft,21,"[23.0, 429.0, 260.0, 666.0]",237.0,medium,m3-f1-i2993-p327604,0.0857,"[24.12, 425.2, 247.56, 672.46]",0.9058
i1966-gt,1966,1,mar20-airport-proxy-035,aircraft,aircraft,8,"[582.0, 209.0, 660.0, 300.0]",78.0,small,m3-f1-i1966-p206412,0.0856,"[591.65, 209.01, 652.1, 293.33]",0.7182
i1681-gt,1681,0,mar20-airport-proxy-041,aircraft,aircraft,15,"[147.0, 177.0, 289.0, 288.0]",111.0,medium,m3-f0-i1681-p165033,0.0839,"[148.24, 174.41, 286.52, 293.95]",0.906
i1725-gt,1725,1,mar20-airport-proxy-014,aircraft,aircraft,22,"[219.0, 426.0, 284.0, 477.0]",51.0,small,m3-f1-i1725-p177908,0.0834,"[213.36, 424.26, 285.55, 478.59]",0.8451
i1961-gt,1961,2,mar20-airport-proxy-051,aircraft,aircraft,17,"[562.0, 590.0, 675.0, 718.0]",113.0,medium,m3-f2-i1961-p192660,0.083,"[560.35, 597.07, 673.24, 718.55]",0.9135
i3902-gt,3902,2,mar20-airport-proxy-021,aircraft,aircraft,15,"[54.0, 82.0, 111.0, 124.0]",42.0,small,m3-f2-i3902-p367217,0.0828,"[57.67, 79.27, 113.92, 123.85]",0.8362
i3431-gt,3431,0,mar20-airport-proxy-018,aircraft,aircraft,9,"[353.0, 430.0, 512.0, 584.0]",154.0,medium,m3-f0-i3431-p319209,0.0823,"[349.85, 427.15, 513.43, 594.73]",0.8933
i3718-gt,3718,2,mar20-airport-proxy-015,aircraft,aircraft,4,"[124.0, 225.0, 199.0, 314.0]",75.0,small,m3-f2-i3718-p357017,0.0823,"[127.17, 226.86, 197.83, 312.21]",0.9034
i3789-gt,3789,0,mar20-airport-proxy-018,aircraft,aircraft,9,"[474.0, 495.0, 547.0, 564.0]",69.0,small,m3-f0-i3789-p366009,0.0821,"[477.71, 494.82, 549.63, 566.89]",0.8789
i3012-gt,3012,1,mar20-airport-proxy-017,aircraft,aircraft,14,"[41.0, 312.0, 187.0, 462.0]",146.0,medium,m3-f1-i3012-p329707,0.0809,"[37.11, 307.23, 183.01, 464.65]",0.9039
i2473-gt,2473,1,mar20-airport-proxy-038,aircraft,aircraft,18,"[112.0, 436.0, 187.0, 500.0]",64.0,small,m3-f1-i2473-p267615,0.0804,"[115.97, 443.38, 186.38, 498.8]",0.8129
i3689-gt,3689,0,mar20-airport-proxy-018,aircraft,aircraft,9,"[305.0, 339.0, 349.0, 388.0]",44.0,small,m3-f0-i3689-p343820,0.0802,"[302.53, 336.76, 350.6, 385.9]",0.8406
i1736-gt,1736,2,mar20-airport-proxy-051,aircraft,aircraft,16,"[109.0, 164.0, 225.0, 355.0]",116.0,medium,m3-f2-i1736-p170744,0.0795,"[99.02, 169.48, 224.41, 359.81]",0.87
i3815-gt,3815,0,mar20-airport-proxy-018,aircraft,aircraft,15,"[289.0, 246.0, 377.0, 307.0]",61.0,small,m3-f0-i3815-p372626,0.0793,"[291.24, 248.95, 367.36, 306.13]",0.8108
i1925-gt,1925,1,mar20-airport-proxy-014,aircraft,aircraft,22,"[240.0, 312.0, 356.0, 404.0]",92.0,small,m3-f1-i1925-p201017,0.0785,"[237.4, 315.54, 360.26, 405.17]",0.8984
i3723-gt,3723,0,mar20-airport-proxy-018,aircraft,aircraft,9,"[33.0, 715.0, 89.0, 771.0]",56.0,small,m3-f0-i3723-p349818,0.0782,"[33.59, 714.97, 89.94, 769.41]",0.9453
i3723-gt,3723,0,mar20-airport-proxy-018,aircraft,aircraft,9,"[465.0, 23.0, 521.0, 77.0]",54.0,small,m3-f0-i3723-p349819,0.0779,"[467.26, 22.71, 520.24, 76.66]",0.9353
i3776-gt,3776,0,mar20-airport-proxy-018,aircraft,aircraft,9,"[91.0, 154.0, 197.0, 256.0]",102.0,medium,m3-f0-i3776-p363310,0.0779,"[89.45, 150.93, 198.44, 258.45]",0.9227
i3481-gt,3481,0,mar20-airport-proxy-046,aircraft,aircraft,14,"[104.0, 425.0, 199.0, 520.0]",95.0,small,m3-f0-i3481-p324023,0.0776,"[107.4, 427.2, 198.27, 524.37]",0.8951
i3938-gt,3938,0,mar20-airport-proxy-006,aircraft,aircraft,18,"[416.0, 264.0, 443.0, 297.0]",27.0,tiny,m3-f0-i3938-p395713,0.0775,"[414.92, 265.43, 444.6, 296.46]",0.8601
i3718-gt,3718,2,mar20-airport-proxy-015,aircraft,aircraft,4,"[243.0, 154.0, 316.0, 246.0]",73.0,small,m3-f2-i3718-p357018,0.0772,"[246.31, 159.59, 308.76, 245.09]",0.795
i3693-gt,3693,0,mar20-airport-proxy-018,aircraft,aircraft,9,"[202.0, 227.0, 278.0, 302.0]",75.0,small,m3-f0-i3693-p344409,0.076,"[200.61, 225.68, 275.95, 300.88]",0.9257
i1961-gt,1961,2,mar20-airport-proxy-051,aircraft,aircraft,17,"[442.0, 599.0, 556.0, 712.0]",113.0,medium,m3-f2-i1961-p192663,0.0756,"[444.58, 597.71, 557.76, 717.14]",0.9117
i1706-gt,1706,0,mar20-airport-proxy-022,aircraft,aircraft,4,"[456.0, 528.0, 557.0, 663.0]",101.0,medium,m3-f0-i1706-p168027,0.0756,"[455.13, 526.17, 559.72, 665.23]",0.9375
i3871-gt,3871,2,mar20-airport-proxy-040,aircraft,aircraft,4,"[436.0, 436.0, 480.0, 476.0]",40.0,small,m3-f2-i3871-p363022,0.0753,"[437.23, 435.62, 481.59, 478.25]",0.8816
i3658-gt,3658,1,mar20-airport-proxy-035,aircraft,aircraft,8,"[104.0, 277.0, 166.0, 318.0]",41.0,small,m3-f1-i3658-p403222,0.0733,"[104.3, 276.72, 164.65, 320.15]",0.9203
i1310-gt,1310,1,mar20-airport-proxy-042,aircraft,aircraft,22,"[534.0, 244.0, 597.0, 334.0]",63.0,small,m3-f1-i1310-p135008,0.0731,"[531.98, 238.89, 598.49, 335.72]",0.8805
i1413-gt,1413,2,mar20-airport-proxy-015,aircraft,aircraft,23,"[42.0, 592.0, 114.0, 649.0]",57.0,small,m3-f2-i1413-p137418,0.0726,"[33.28, 591.48, 115.84, 649.93]",0.8504
i3708-gt,3708,0,mar20-airport-proxy-018,aircraft,aircraft,9,"[663.0, 211.0, 740.0, 281.0]",70.0,small,m3-f0-i3708-p346818,0.0721,"[666.82, 212.5, 739.43, 278.91]",0.8945
i2658-gt,2658,1,mar20-airport-proxy-017,aircraft,aircraft,17,"[410.0, 433.0, 491.0, 513.0]",80.0,small,m3-f1-i2658-p285908,0.0717,"[408.3, 424.17, 496.39, 514.89]",0.8109
i3200-gt,3200,0,mar20-airport-proxy-032,aircraft,aircraft,17,"[65.0, 80.0, 585.0, 646.0]",520.0,large,m3-f0-i3200-p299104,0.0715,"[76.95, 79.49, 588.28, 658.79]",0.9491
i1706-gt,1706,0,mar20-airport-proxy-022,aircraft,aircraft,4,"[337.0, 536.0, 438.0, 662.0]",101.0,medium,m3-f0-i1706-p168029,0.0715,"[335.79, 529.98, 440.77, 663.77]",0.9061
i3708-gt,3708,0,mar20-airport-proxy-018,aircraft,aircraft,9,"[714.0, 131.0, 789.0, 200.0]",69.0,small,m3-f0-i3708-p346819,0.0712,"[715.72, 132.69, 787.4, 199.34]",0.9232
i2041-gt,2041,0,mar20-airport-proxy-022,aircraft,aircraft,4,"[264.0, 299.0, 322.0, 372.0]",58.0,small,m3-f0-i2041-p197715,0.0704,"[268.29, 302.08, 320.78, 369.8]",0.8396
i2726-gt,2726,0,mar20-airport-proxy-037,aircraft,aircraft,5,"[465.0, 162.0, 554.0, 240.0]",78.0,small,m3-f0-i2726-p255005,0.0702,"[468.02, 161.82, 549.17, 239.75]",0.9069
i2313-gt,2313,1,mar20-airport-proxy-038,aircraft,aircraft,16,"[314.0, 655.0, 392.0, 766.0]",78.0,small,m3-f1-i2313-p247806,0.0696,"[316.5, 661.91, 394.43, 761.52]",0.8449
i3888-gt,3888,0,mar20-airport-proxy-018,aircraft,aircraft,23,"[683.0, 320.0, 708.0, 369.0]",25.0,tiny,m3-f0-i3888-p384926,0.0695,"[682.54, 318.93, 706.51, 366.68]",0.8629
i2074-gt,2074,1,mar20-airport-proxy-017,aircraft,aircraft,17,"[560.0, 453.0, 668.0, 557.0]",104.0,medium,m3-f1-i2074-p218410,0.0694,"[556.49, 455.03, 668.51, 559.03]",0.9279
i2089-gt,2089,2,mar20-airport-proxy-015,aircraft,aircraft,22,"[629.0, 391.0, 715.0, 466.0]",75.0,small,m3-f2-i2089-p203116,0.0689,"[632.54, 391.16, 717.46, 459.62]",0.8529
i2074-gt,2074,1,mar20-airport-proxy-017,aircraft,aircraft,17,"[654.0, 666.0, 767.0, 774.0]",108.0,medium,m3-f1-i2074-p218411,0.0689,"[653.42, 666.6, 767.68, 777.93]",0.949
i3776-gt,3776,0,mar20-airport-proxy-018,aircraft,aircraft,9,"[180.0, 411.0, 292.0, 524.0]",112.0,medium,m3-f0-i3776-p363312,0.0688,"[181.05, 408.35, 296.68, 524.46]",0.9256
i3693-gt,3693,0,mar20-airport-proxy-018,aircraft,aircraft,9,"[48.0, 672.0, 125.0, 748.0]",76.0,small,m3-f0-i3693-p344410,0.0687,"[47.75, 671.48, 123.24, 748.05]",0.9671
i1736-gt,1736,2,mar20-airport-proxy-051,aircraft,aircraft,16,"[269.0, 193.0, 403.0, 351.0]",134.0,medium,m3-f2-i1736-p170747,0.0685,"[260.5, 185.99, 398.88, 350.73]",0.8723
i3770-gt,3770,0,mar20-airport-proxy-018,aircraft,aircraft,20,"[182.0, 679.0, 269.0, 772.0]",87.0,small,m3-f0-i3770-p361838,0.0681,"[179.69, 682.69, 271.48, 773.56]",0.897
i2074-gt,2074,1,mar20-airport-proxy-017,aircraft,aircraft,17,"[605.0, 561.0, 715.0, 665.0]",104.0,medium,m3-f1-i2074-p218413,0.0674,"[603.71, 559.72, 715.82, 666.85]",0.9525
i3741-gt,3741,0,mar20-airport-proxy-018,aircraft,aircraft,9,"[567.0, 558.0, 689.0, 668.0]",110.0,medium,m3-f0-i3741-p354340,0.067,"[565.82, 548.83, 687.3, 669.92]",0.8883
i3757-gt,3757,0,mar20-airport-proxy-018,aircraft,aircraft,9,"[500.0, 531.0, 565.0, 594.0]",63.0,small,m3-f0-i3757-p358518,0.0668,"[497.09, 530.0, 563.84, 595.0]",0.9119
i1382-gt,1382,0,mar20-airport-proxy-036,aircraft,aircraft,8,"[391.0, 524.0, 482.0, 593.0]",69.0,small,m3-f0-i1382-p135915,0.0668,"[392.58, 523.58, 486.33, 595.17]",0.9047
i3871-gt,3871,2,mar20-airport-proxy-040,aircraft,aircraft,4,"[569.0, 410.0, 617.0, 451.0]",41.0,small,m3-f2-i3871-p363028,0.0652,"[569.61, 410.03, 610.56, 452.11]",0.8333
i1446-gt,1446,2,mar20-airport-proxy-013,aircraft,aircraft,18,"[240.0, 285.0, 319.0, 388.0]",79.0,small,m3-f2-i1446-p140741,0.0636,"[239.33, 287.35, 318.09, 395.46]",0.894
i2187-gt,2187,1,mar20-airport-proxy-043,aircraft,aircraft,22,"[459.0, 574.0, 577.0, 680.0]",106.0,medium,m3-f1-i2187-p233106,0.0636,"[464.26, 561.77, 592.77, 669.48]",0.6907
i1736-gt,1736,2,mar20-airport-proxy-051,aircraft,aircraft,16,"[476.0, 585.0, 606.0, 780.0]",130.0,medium,m3-f2-i1736-p170754,0.0627,"[480.76, 583.59, 593.46, 779.69]",0.8601
i1338-gt,1338,0,mar20-airport-proxy-022,aircraft,aircraft,4,"[702.0, 406.0, 800.0, 536.0]",98.0,medium,m3-f0-i1338-p131415,0.0621,"[701.56, 404.0, 800.0, 535.06]",0.9734
i2357-gt,2357,0,mar20-airport-proxy-018,aircraft,aircraft,20,"[451.0, 215.0, 519.0, 289.0]",68.0,small,m3-f0-i2357-p224732,0.062,"[446.57, 213.66, 523.16, 292.44]",0.834
i3767-gt,3767,0,mar20-airport-proxy-018,aircraft,aircraft,9,"[81.0, 533.0, 141.0, 588.0]",55.0,small,m3-f0-i3767-p361247,0.0619,"[82.23, 531.23, 139.06, 586.74]",0.8982
i1961-gt,1961,2,mar20-airport-proxy-051,aircraft,aircraft,17,"[624.0, 678.0, 732.0, 794.0]",108.0,medium,m3-f2-i1961-p192673,0.0613,"[618.41, 676.51, 733.94, 800.0]",0.8782
i2041-gt,2041,0,mar20-airport-proxy-022,aircraft,aircraft,4,"[443.0, 331.0, 498.0, 403.0]",55.0,small,m3-f0-i2041-p197717,0.0609,"[443.29, 332.57, 498.9, 402.98]",0.9575
i3789-gt,3789,0,mar20-airport-proxy-018,aircraft,aircraft,9,"[261.0, 286.0, 332.0, 351.0]",65.0,small,m3-f0-i3789-p366010,0.0608,"[260.82, 284.79, 331.37, 355.83]",0.9052
i1736-gt,1736,2,mar20-airport-proxy-051,aircraft,aircraft,16,"[320.0, 586.0, 459.0, 771.0]",139.0,medium,m3-f2-i1736-p170756,0.06,"[320.61, 590.67, 458.3, 774.17]",0.9495
i3271-gt,3271,0,mar20-airport-proxy-026,aircraft,aircraft,4,"[374.0, 307.0, 535.0, 423.0]",116.0,medium,m3-f0-i3271-p304518,0.0599,"[367.77, 305.81, 533.79, 420.75]",0.9282
i3384-gt,3384,0,mar20-airport-proxy-041,aircraft,aircraft,20,"[151.0, 618.0, 290.0, 765.0]",139.0,medium,m3-f0-i3384-p315009,0.0595,"[166.41, 649.88, 296.48, 749.34]",0.5832
i1681-gt,1681,0,mar20-airport-proxy-041,aircraft,aircraft,15,"[586.0, 45.0, 730.0, 148.0]",103.0,medium,m3-f0-i1681-p165050,0.0593,"[580.22, 46.97, 713.53, 155.96]",0.782
i3541-gt,3541,2,mar20-airport-proxy-013,aircraft,aircraft,8,"[244.0, 357.0, 351.0, 446.0]",89.0,small,m3-f2-i3541-p344133,0.0591,"[243.26, 370.92, 353.61, 443.92]",0.7997
i3871-gt,3871,2,mar20-airport-proxy-040,aircraft,aircraft,4,"[480.0, 429.0, 523.0, 467.0]",38.0,small,m3-f2-i3871-p363031,0.0591,"[481.01, 427.16, 521.27, 469.94]",0.8376
i1382-gt,1382,0,mar20-airport-proxy-036,aircraft,aircraft,8,"[141.0, 343.0, 241.0, 405.0]",62.0,small,m3-f0-i1382-p135919,0.059,"[145.46, 343.73, 239.7, 407.45]",0.898
i2826-gt,2826,0,mar20-airport-proxy-022,aircraft,aircraft,4,"[16.0, 249.0, 90.0, 332.0]",74.0,small,m3-f0-i2826-p265515,0.0588,"[14.18, 251.05, 90.21, 330.2]",0.9294
i3947-gt,3947,1,mar20-airport-proxy-017,aircraft,aircraft,17,"[135.0, 529.0, 230.0, 619.0]",90.0,small,m3-f1-i3947-p417606,0.0586,"[129.6, 523.56, 232.98, 623.2]",0.83
i1706-gt,1706,0,mar20-airport-proxy-022,aircraft,aircraft,4,"[116.0, 533.0, 220.0, 661.0]",104.0,medium,m3-f0-i1706-p168030,0.0583,"[112.84, 528.12, 221.53, 661.72]",0.9168
i2045-gt,2045,0,mar20-airport-proxy-041,aircraft,aircraft,15,"[495.0, 430.0, 607.0, 494.0]",64.0,small,m3-f0-i2045-p198316,0.0581,"[489.36, 430.88, 596.58, 499.58]",0.7893
i3789-gt,3789,0,mar20-airport-proxy-018,aircraft,aircraft,9,"[638.0, 599.0, 707.0, 667.0]",68.0,small,m3-f0-i3789-p366012,0.058,"[640.62, 599.07, 710.94, 668.9]",0.8853
i1338-gt,1338,0,mar20-airport-proxy-022,aircraft,aircraft,4,"[597.0, 414.0, 698.0, 545.0]",101.0,medium,m3-f0-i1338-p131416,0.0578,"[593.65, 409.77, 700.88, 543.36]",0.9016
i2925-gt,2925,2,mar20-airport-proxy-051,aircraft,aircraft,19,"[558.0, 394.0, 631.0, 502.0]",73.0,small,m3-f2-i2925-p280557,0.0576,"[546.26, 347.02, 633.42, 506.88]",0.5658
i3776-gt,3776,0,mar20-airport-proxy-018,aircraft,aircraft,9,"[49.0, 33.0, 158.0, 143.0]",109.0,medium,m3-f0-i3776-p363318,0.0576,"[49.32, 35.01, 158.69, 140.48]",0.9502
i3264-gt,3264,1,mar20-airport-proxy-049,aircraft,aircraft,17,"[422.0, 471.0, 571.0, 598.0]",127.0,medium,m3-f1-i3264-p361507,0.0573,"[425.2, 460.21, 574.8, 613.23]",0.7947
i1961-gt,1961,2,mar20-airport-proxy-051,aircraft,aircraft,17,"[270.0, 671.0, 382.0, 800.0]",112.0,medium,m3-f2-i1961-p192679,0.0572,"[268.55, 675.05, 382.62, 799.17]",0.9454
i2783-gt,2783,2,mar20-airport-proxy-023,aircraft,aircraft,14,"[208.0, 572.0, 326.0, 683.0]",111.0,medium,m3-f2-i2783-p271206,0.0572,"[212.79, 574.51, 323.14, 681.74]",0.9034
i3947-gt,3947,1,mar20-airport-proxy-017,aircraft,aircraft,17,"[442.0, 521.0, 531.0, 611.0]",89.0,small,m3-f1-i3947-p417607,0.0572,"[435.76, 514.17, 537.21, 616.15]",0.7743
i1791-gt,1791,0,mar20-airport-proxy-036,aircraft,aircraft,18,"[683.0, 155.0, 769.0, 236.0]",81.0,small,m3-f0-i1791-p176414,0.057,"[683.96, 161.5, 766.82, 237.92]",0.8665
i3733-gt,3733,0,mar20-airport-proxy-018,aircraft,aircraft,9,"[640.0, 7.0, 718.0, 82.0]",75.0,small,m3-f0-i3733-p352211,0.057,"[638.01, 7.35, 715.11, 80.98]",0.9224
i3741-gt,3741,0,mar20-airport-proxy-018,aircraft,aircraft,9,"[260.0, 536.0, 373.0, 639.0]",103.0,medium,m3-f0-i3741-p354347,0.0566,"[256.98, 521.78, 374.66, 648.54]",0.7803
i1327-gt,1327,1,mar20-airport-proxy-049,aircraft,aircraft,16,"[644.0, 567.0, 705.0, 638.0]",61.0,small,m3-f1-i1327-p137412,0.0565,"[641.33, 562.28, 711.01, 640.06]",0.7991
i2481-gt,2481,1,mar20-airport-proxy-042,aircraft,aircraft,22,"[498.0, 701.0, 583.0, 776.0]",75.0,small,m3-f1-i2481-p268526,0.0559,"[496.26, 702.05, 580.3, 775.29]",0.927
i1961-gt,1961,2,mar20-airport-proxy-051,aircraft,aircraft,17,"[387.0, 672.0, 499.0, 794.0]",112.0,medium,m3-f2-i1961-p192683,0.0555,"[383.54, 673.19, 500.05, 799.46]",0.9115
i4128-gt,4128,1,mar20-airport-proxy-012,aircraft,aircraft,16,"[358.0, 329.0, 399.0, 383.0]",41.0,small,m3-f1-i4128-p455427,0.0553,"[359.01, 326.93, 398.22, 386.4]",0.872
i1382-gt,1382,0,mar20-airport-proxy-036,aircraft,aircraft,8,"[143.0, 281.0, 237.0, 345.0]",64.0,small,m3-f0-i1382-p135922,0.0548,"[145.04, 275.83, 237.96, 342.92]",0.8685
i1961-gt,1961,2,mar20-airport-proxy-051,aircraft,aircraft,17,"[38.0, 676.0, 149.0, 798.0]",111.0,medium,m3-f2-i1961-p192685,0.0545,"[37.99, 674.12, 151.76, 798.54]",0.9567
i1695-gt,1695,0,mar20-airport-proxy-006,aircraft,aircraft,18,"[262.0, 293.0, 426.0, 404.0]",111.0,medium,m3-f0-i1695-p166503,0.0543,"[273.38, 291.73, 425.32, 408.06]",0.887
i1736-gt,1736,2,mar20-airport-proxy-051,aircraft,aircraft,16,"[163.0, 574.0, 302.0, 762.0]",139.0,medium,m3-f2-i1736-p170760,0.0533,"[167.97, 569.87, 300.0, 766.85]",0.9087
i1706-gt,1706,0,mar20-airport-proxy-022,aircraft,aircraft,4,"[223.0, 528.0, 324.0, 654.0]",101.0,medium,m3-f0-i1706-p168032,0.0532,"[222.8, 522.41, 326.81, 654.93]",0.9233
i3728-gt,3728,0,mar20-airport-proxy-018,aircraft,aircraft,9,"[445.0, 489.0, 528.0, 578.0]",83.0,small,m3-f0-i3728-p351021,0.0521,"[443.24, 490.55, 527.86, 574.29]",0.9209
i2255-gt,2255,0,mar20-airport-proxy-018,aircraft,aircraft,9,"[427.0, 193.0, 497.0, 263.0]",70.0,small,m3-f0-i2255-p216318,0.0514,"[425.89, 191.97, 498.78, 264.99]",0.9206
i3723-gt,3723,0,mar20-airport-proxy-018,aircraft,aircraft,9,"[119.0, 697.0, 178.0, 756.0]",59.0,small,m3-f0-i3723-p349835,0.0511,"[120.7, 697.27, 178.71, 755.08]",0.9405
i2481-gt,2481,1,mar20-airport-proxy-042,aircraft,aircraft,22,"[668.0, 141.0, 732.0, 224.0]",64.0,small,m3-f1-i2481-p268529,0.051,"[667.48, 141.41, 730.96, 225.59]",0.9531
i3792-gt,3792,0,mar20-airport-proxy-018,aircraft,aircraft,9,"[629.0, 437.0, 696.0, 498.0]",61.0,small,m3-f0-i3792-p366928,0.0509,"[626.83, 432.98, 697.39, 497.49]",0.8838
i2069-gt,2069,0,mar20-airport-proxy-022,aircraft,aircraft,4,"[390.0, 404.0, 433.0, 449.0]",43.0,small,m3-f0-i2069-p200426,0.0507,"[389.33, 401.86, 439.58, 451.27]",0.7794
i3700-gt,3700,2,mar20-airport-proxy-015,aircraft,aircraft,22,"[492.0, 373.0, 606.0, 454.0]",81.0,small,m3-f2-i3700-p356433,0.0505,"[489.65, 375.51, 596.29, 454.96]",0.8598
i4280-gt,4280,2,mar20-airport-proxy-051,aircraft,aircraft,17,"[1.0, 605.0, 65.0, 711.0]",64.0,small,m3-f2-i4280-p389487,0.0499,"[0.0, 606.3, 71.26, 709.33]",0.8754
i3805-gt,3805,0,mar20-airport-proxy-018,aircraft,aircraft,9,"[302.0, 706.0, 381.0, 791.0]",79.0,small,m3-f0-i3805-p369923,0.0499,"[298.9, 708.86, 382.35, 788.01]",0.8848
i3792-gt,3792,0,mar20-airport-proxy-018,aircraft,aircraft,9,"[4.0, 347.0, 64.0, 404.0]",57.0,small,m3-f0-i3792-p366929,0.0498,"[1.37, 343.36, 71.19, 406.25]",0.7788
i1446-gt,1446,2,mar20-airport-proxy-013,aircraft,aircraft,18,"[123.0, 280.0, 206.0, 383.0]",83.0,small,m3-f2-i1446-p140760,0.0497,"[123.66, 285.94, 199.78, 391.41]",0.8041
i3599-gt,3599,0,mar20-airport-proxy-036,aircraft,aircraft,16,"[381.0, 354.0, 448.0, 420.0]",66.0,small,m3-f0-i3599-p336003,0.0495,"[379.93, 354.39, 448.97, 421.39]",0.9449
i4280-gt,4280,2,mar20-airport-proxy-051,aircraft,aircraft,17,"[276.0, 605.0, 379.0, 711.0]",103.0,medium,m3-f2-i4280-p389489,0.0492,"[276.2, 604.98, 374.98, 709.86]",0.9486
i1972-gt,1972,0,mar20-airport-proxy-018,aircraft,aircraft,9,"[107.0, 84.0, 178.0, 156.0]",71.0,small,m3-f0-i1972-p190853,0.0492,"[105.64, 81.84, 179.13, 157.03]",0.9251
i3794-gt,3794,0,mar20-airport-proxy-018,aircraft,aircraft,9,"[650.0, 455.0, 752.0, 557.0]",102.0,medium,m3-f0-i3794-p367516,0.0491,"[650.59, 456.98, 751.76, 555.52]",0.9582
i3155-gt,3155,2,mar20-airport-proxy-023,aircraft,aircraft,14,"[73.0, 526.0, 162.0, 616.0]",89.0,small,m3-f2-i3155-p301816,0.049,"[77.15, 531.74, 161.91, 613.57]",0.866
i3728-gt,3728,0,mar20-airport-proxy-018,aircraft,aircraft,9,"[224.0, 612.0, 313.0, 704.0]",89.0,small,m3-f0-i3728-p351024,0.0481,"[225.37, 614.58, 311.74, 703.39]",0.937
i1736-gt,1736,2,mar20-airport-proxy-051,aircraft,aircraft,16,"[337.0, 119.0, 471.0, 308.0]",134.0,medium,m3-f2-i1736-p170768,0.0477,"[337.7, 122.8, 466.21, 311.57]",0.923
i2783-gt,2783,2,mar20-airport-proxy-023,aircraft,aircraft,14,"[232.0, 424.0, 343.0, 537.0]",111.0,medium,m3-f2-i2783-p271208,0.0476,"[234.13, 430.08, 342.43, 532.42]",0.8837
i1676-gt,1676,2,mar20-airport-proxy-013,aircraft,aircraft,18,"[308.0, 11.0, 420.0, 96.0]",85.0,small,m3-f2-i1676-p165934,0.0473,"[306.35, 6.74, 416.7, 84.08]",0.7857
i3776-gt,3776,0,mar20-airport-proxy-018,aircraft,aircraft,9,"[127.0, 257.0, 238.0, 371.0]",111.0,medium,m3-f0-i3776-p363320,0.047,"[125.54, 260.5, 246.92, 369.19]",0.8753
i3700-gt,3700,2,mar20-airport-proxy-015,aircraft,aircraft,22,"[468.0, 540.0, 578.0, 628.0]",88.0,small,m3-f2-i3700-p356439,0.0469,"[468.65, 548.73, 574.32, 627.05]",0.8549
i3720-gt,3720,0,mar20-airport-proxy-018,aircraft,aircraft,9,"[455.0, 323.0, 532.0, 404.0]",77.0,small,m3-f0-i3720-p349214,0.0467,"[456.23, 322.83, 528.15, 394.75]",0.8258
i3889-gt,3889,0,mar20-airport-proxy-018,aircraft,aircraft,9,"[142.0, 87.0, 229.0, 164.0]",77.0,small,m3-f0-i3889-p385271,0.0465,"[146.02, 93.3, 213.9, 158.23]",0.6579
i3658-gt,3658,1,mar20-airport-proxy-035,aircraft,aircraft,8,"[211.0, 337.0, 269.0, 381.0]",44.0,small,m3-f1-i3658-p403233,0.0465,"[210.94, 337.06, 271.09, 381.3]",0.9564
i3792-gt,3792,0,mar20-airport-proxy-018,aircraft,aircraft,9,"[516.0, 419.0, 585.0, 484.0]",65.0,small,m3-f0-i3792-p366930,0.0463,"[517.7, 417.85, 585.42, 482.15]",0.926
i1736-gt,1736,2,mar20-airport-proxy-051,aircraft,aircraft,16,"[191.0, 112.0, 309.0, 283.0]",118.0,medium,m3-f2-i1736-p170772,0.046,"[184.81, 107.18, 312.06, 281.3]",0.8936
i4200-gt,4200,1,mar20-airport-proxy-049,aircraft,aircraft,16,"[45.0, 95.0, 96.0, 173.0]",51.0,small,m3-f1-i4200-p459917,0.0458,"[43.46, 91.46, 94.43, 170.07]",0.8681
i1961-gt,1961,2,mar20-airport-proxy-051,aircraft,aircraft,17,"[154.0, 678.0, 265.0, 794.0]",111.0,medium,m3-f2-i1961-p192702,0.0444,"[152.73, 675.49, 266.8, 798.73]",0.916
i3650-gt,3650,1,mar20-airport-proxy-035,aircraft,aircraft,8,"[380.0, 250.0, 420.0, 303.0]",40.0,small,m3-f1-i3650-p402015,0.0443,"[381.74, 247.53, 419.04, 302.47]",0.8848
i1791-gt,1791,0,mar20-airport-proxy-036,aircraft,aircraft,18,"[243.0, 128.0, 332.0, 211.0]",83.0,small,m3-f0-i1791-p176418,0.0443,"[243.92, 131.52, 329.13, 208.33]",0.8859
i2856-gt,2856,0,mar20-airport-proxy-022,aircraft,aircraft,4,"[341.0, 438.0, 417.0, 525.0]",76.0,small,m3-f0-i2856-p269423,0.0443,"[342.77, 441.53, 419.73, 518.63]",0.8389
i4280-gt,4280,2,mar20-airport-proxy-051,aircraft,aircraft,17,"[680.0, 607.0, 787.0, 714.0]",107.0,medium,m3-f2-i4280-p389504,0.0442,"[681.1, 606.45, 782.18, 712.3]",0.9251
i3693-gt,3693,0,mar20-airport-proxy-018,aircraft,aircraft,9,"[169.0, 306.0, 249.0, 381.0]",75.0,small,m3-f0-i3693-p344416,0.0441,"[173.07, 308.23, 247.63, 382.4]",0.8889
i4280-gt,4280,2,mar20-airport-proxy-051,aircraft,aircraft,17,"[580.0, 605.0, 676.0, 709.0]",96.0,small,m3-f2-i4280-p389505,0.0441,"[580.13, 607.81, 678.47, 710.94]",0.9306
i2225-gt,2225,2,mar20-airport-proxy-023,aircraft,aircraft,14,"[600.0, 178.0, 686.0, 266.0]",86.0,small,m3-f2-i2225-p216018,0.0441,"[607.79, 185.64, 682.06, 258.11]",0.7111
i3306-gt,3306,1,mar20-airport-proxy-042,aircraft,aircraft,22,"[239.0, 475.0, 327.0, 599.0]",88.0,small,m3-f1-i3306-p364812,0.0434,"[238.75, 475.2, 327.27, 598.24]",0.9865
i4280-gt,4280,2,mar20-airport-proxy-051,aircraft,aircraft,17,"[376.0, 607.0, 482.0, 708.0]",101.0,medium,m3-f2-i4280-p389507,0.0433,"[377.73, 605.91, 476.17, 710.5]",0.899
i4130-gt,4130,1,mar20-airport-proxy-012,aircraft,aircraft,16,"[401.0, 74.0, 449.0, 104.0]",30.0,tiny,m3-f1-i4130-p456027,0.043,"[398.2, 72.03, 449.92, 107.44]",0.7864
i1736-gt,1736,2,mar20-airport-proxy-051,aircraft,aircraft,16,"[10.0, 584.0, 151.0, 761.0]",141.0,medium,m3-f2-i1736-p170774,0.0426,"[11.38, 583.84, 145.56, 761.47]",0.9484
i3700-gt,3700,2,mar20-airport-proxy-015,aircraft,aircraft,22,"[454.0, 624.0, 573.0, 707.0]",83.0,small,m3-f2-i3700-p356446,0.0425,"[456.49, 628.32, 565.38, 707.62]",0.8615
i3308-gt,3308,2,mar20-airport-proxy-040,aircraft,aircraft,22,"[530.0, 610.0, 623.0, 713.0]",93.0,small,m3-f2-i3308-p317408,0.0424,"[529.54, 608.15, 622.8, 712.16]",0.9676
i2766-gt,2766,1,mar20-airport-proxy-017,aircraft,aircraft,17,"[302.0, 649.0, 400.0, 750.0]",98.0,medium,m3-f1-i2766-p300306,0.0423,"[296.24, 647.51, 406.1, 751.71]",0.8646
i1791-gt,1791,0,mar20-airport-proxy-036,aircraft,aircraft,18,"[326.0, 525.0, 415.0, 607.0]",82.0,small,m3-f0-i1791-p176422,0.0421,"[325.37, 530.05, 411.74, 604.32]",0.867
i2505-gt,2505,2,mar20-airport-proxy-023,aircraft,aircraft,14,"[372.0, 664.0, 459.0, 757.0]",87.0,small,m3-f2-i2505-p243009,0.0421,"[375.27, 671.97, 452.08, 753.81]",0.7769
i2766-gt,2766,1,mar20-airport-proxy-017,aircraft,aircraft,17,"[578.0, 477.0, 676.0, 574.0]",97.0,medium,m3-f1-i2766-p300307,0.0418,"[574.22, 473.88, 680.47, 576.9]",0.8684
i1736-gt,1736,2,mar20-airport-proxy-051,aircraft,aircraft,16,"[631.0, 593.0, 770.0, 789.0]",139.0,medium,m3-f2-i1736-p170776,0.0417,"[633.94, 601.17, 763.72, 786.33]",0.882
i1777-gt,1777,0,mar20-airport-proxy-041,aircraft,aircraft,20,"[401.0, 514.0, 638.0, 750.0]",236.0,medium,m3-f0-i1777-p174305,0.0414,"[395.9, 505.18, 634.57, 751.07]",0.9265
i3708-gt,3708,0,mar20-airport-proxy-018,aircraft,aircraft,9,"[514.0, 450.0, 589.0, 519.0]",69.0,small,m3-f0-i3708-p346838,0.0413,"[516.7, 450.9, 590.33, 520.97]",0.9099
i2074-gt,2074,1,mar20-airport-proxy-017,aircraft,aircraft,17,"[244.0, 647.0, 349.0, 761.0]",105.0,medium,m3-f1-i2074-p218421,0.0413,"[241.41, 644.87, 349.22, 762.94]",0.9404
i3792-gt,3792,0,mar20-airport-proxy-018,aircraft,aircraft,9,"[292.0, 386.0, 357.0, 449.0]",63.0,small,m3-f0-i3792-p366933,0.0408,"[293.8, 382.71, 360.89, 448.54]",0.867
i3767-gt,3767,0,mar20-airport-proxy-018,aircraft,aircraft,9,"[618.0, 185.0, 666.0, 237.0]",48.0,small,m3-f0-i3767-p361277,0.0403,"[617.58, 183.23, 668.36, 234.74]",0.8764
i1382-gt,1382,0,mar20-airport-proxy-036,aircraft,aircraft,8,"[691.0, 110.0, 786.0, 177.0]",67.0,small,m3-f0-i1382-p135926,0.0401,"[688.33, 109.67, 778.86, 179.2]",0.8691
i3889-gt,3889,0,mar20-airport-proxy-018,aircraft,aircraft,9,"[159.0, 239.0, 246.0, 316.0]",77.0,small,m3-f0-i3889-p385284,0.04,"[166.53, 244.79, 235.62, 309.46]",0.667
i3792-gt,3792,0,mar20-airport-proxy-018,aircraft,aircraft,9,"[440.0, 411.0, 508.0, 473.0]",62.0,small,m3-f0-i3792-p366936,0.0399,"[439.28, 407.98, 506.03, 472.49]",0.91
i3739-gt,3739,0,mar20-airport-proxy-018,aircraft,aircraft,9,"[278.0, 107.0, 351.0, 183.0]",73.0,small,m3-f0-i3739-p354036,0.0397,"[278.78, 108.79, 355.59, 180.08]",0.8762
i3743-gt,3743,0,mar20-airport-proxy-018,aircraft,aircraft,9,"[181.0, 179.0, 247.0, 243.0]",64.0,small,m3-f0-i3743-p354944,0.0396,"[181.32, 178.37, 247.97, 241.94]",0.9553
i4104-gt,4104,0,mar20-airport-proxy-045,aircraft,aircraft,14,"[507.0, 115.0, 582.0, 186.0]",71.0,small,m3-f0-i4104-p407725,0.0395,"[507.39, 114.93, 574.21, 188.68]",0.8611
i2017-gt,2017,1,mar20-airport-proxy-042,aircraft,aircraft,22,"[211.0, 560.0, 320.0, 659.0]",99.0,medium,m3-f1-i2017-p211546,0.0389,"[214.01, 558.59, 322.71, 661.72]",0.9118
i3720-gt,3720,0,mar20-airport-proxy-018,aircraft,aircraft,9,"[457.0, 560.0, 541.0, 640.0]",80.0,small,m3-f0-i3720-p349220,0.0388,"[464.94, 564.09, 539.75, 635.13]",0.7908
i3759-gt,3759,1,mar20-airport-proxy-016,aircraft,aircraft,15,"[217.0, 554.0, 273.0, 603.0]",49.0,small,m3-f1-i3759-p409522,0.0386,"[216.82, 553.39, 273.8, 605.98]",0.9157
i3308-gt,3308,2,mar20-airport-proxy-040,aircraft,aircraft,22,"[631.0, 682.0, 729.0, 790.0]",98.0,medium,m3-f2-i3308-p317410,0.0381,"[628.86, 682.96, 726.61, 788.13]",0.9303
i4200-gt,4200,1,mar20-airport-proxy-049,aircraft,aircraft,16,"[181.0, 554.0, 252.0, 611.0]",57.0,small,m3-f1-i4200-p459920,0.0378,"[177.44, 546.95, 250.68, 609.3]",0.8095
i3887-gt,3887,0,mar20-airport-proxy-018,aircraft,aircraft,9,"[532.0, 139.0, 670.0, 278.0]",138.0,medium,m3-f0-i3887-p384642,0.0378,"[531.53, 144.05, 667.74, 277.5]",0.9412
i3734-gt,3734,0,mar20-airport-proxy-018,aircraft,aircraft,9,"[527.0, 691.0, 614.0, 785.0]",87.0,small,m3-f0-i3734-p352550,0.0375,"[524.27, 693.63, 614.01, 781.37]",0.9067
i1418-gt,1418,2,mar20-airport-proxy-051,aircraft,aircraft,8,"[595.0, 223.0, 754.0, 459.0]",159.0,medium,m3-f2-i1418-p138035,0.0368,"[590.67, 212.6, 760.89, 453.03]",0.8734
i3693-gt,3693,0,mar20-airport-proxy-018,aircraft,aircraft,9,"[143.0, 383.0, 222.0, 462.0]",79.0,small,m3-f0-i3693-p344420,0.0366,"[145.73, 385.25, 221.46, 459.28]",0.8982
i3700-gt,3700,2,mar20-airport-proxy-015,aircraft,aircraft,22,"[479.0, 456.0, 592.0, 537.0]",81.0,small,m3-f2-i3700-p356460,0.0363,"[478.27, 460.08, 585.01, 537.57]",0.8796
i1832-gt,1832,0,mar20-airport-proxy-048,aircraft,aircraft,14,"[399.0, 365.0, 515.0, 488.0]",116.0,medium,m3-f0-i1832-p180303,0.0363,"[396.88, 362.94, 518.75, 489.4]",0.9257
i3009-gt,3009,1,mar20-airport-proxy-038,aircraft,aircraft,18,"[437.0, 709.0, 488.0, 764.0]",51.0,small,m3-f1-i3009-p329439,0.0363,"[439.29, 708.79, 486.49, 765.43]",0.9005
i1670-gt,1670,2,mar20-airport-proxy-023,aircraft,aircraft,14,"[331.0, 650.0, 408.0, 736.0]",77.0,small,m3-f2-i1670-p165613,0.0362,"[337.6, 661.72, 406.15, 732.03]",0.7279
i4086-gt,4086,0,mar20-airport-proxy-045,aircraft,aircraft,14,"[921.0, 342.0, 989.0, 405.0]",63.0,small,m3-f0-i4086-p403557,0.0359,"[916.44, 342.13, 988.03, 398.03]",0.8255
i4280-gt,4280,2,mar20-airport-proxy-051,aircraft,aircraft,17,"[173.0, 605.0, 276.0, 711.0]",103.0,medium,m3-f2-i4280-p389529,0.0357,"[176.12, 605.42, 274.66, 707.86]",0.9245
i2966-gt,2966,2,mar20-airport-proxy-013,aircraft,aircraft,8,"[499.0, 233.0, 607.0, 389.0]",108.0,medium,m3-f2-i2966-p285901,0.0356,"[498.93, 228.17, 607.32, 388.62]",0.9641
i3792-gt,3792,0,mar20-airport-proxy-018,aircraft,aircraft,9,"[210.0, 375.0, 279.0, 436.0]",61.0,small,m3-f0-i3792-p366942,0.0353,"[209.67, 372.97, 278.61, 437.96]",0.9292
i3789-gt,3789,0,mar20-airport-proxy-018,aircraft,aircraft,9,"[162.0, 19.0, 244.0, 95.0]",76.0,small,m3-f0-i3789-p366024,0.0353,"[164.75, 17.6, 243.07, 91.87]",0.9
i4280-gt,4280,2,mar20-airport-proxy-051,aircraft,aircraft,17,"[481.0, 606.0, 581.0, 712.0]",100.0,medium,m3-f2-i4280-p389536,0.035,"[478.52, 606.15, 577.73, 711.04]",0.9342
i2225-gt,2225,2,mar20-airport-proxy-023,aircraft,aircraft,14,"[680.0, 88.0, 765.0, 169.0]",81.0,small,m3-f2-i2225-p216021,0.0349,"[687.33, 96.19, 761.89, 167.87]",0.7762
i1791-gt,1791,0,mar20-airport-proxy-036,aircraft,aircraft,18,"[479.0, 369.0, 561.0, 449.0]",80.0,small,m3-f0-i1791-p176429,0.0345,"[472.46, 369.41, 561.91, 445.43]",0.8748
i3789-gt,3789,0,mar20-airport-proxy-018,aircraft,aircraft,9,"[561.0, 548.0, 635.0, 617.0]",69.0,small,m3-f0-i3789-p366025,0.0344,"[562.94, 550.44, 632.37, 619.87]",0.8711
i4225-gt,4225,1,mar20-airport-proxy-017,aircraft,aircraft,17,"[110.0, 622.0, 277.0, 786.0]",164.0,medium,m3-f1-i4225-p462007,0.0342,"[113.53, 630.81, 275.73, 793.41]",0.8805
i4093-gt,4093,0,mar20-airport-proxy-045,aircraft,aircraft,14,"[49.0, 122.0, 114.0, 180.0]",58.0,small,m3-f0-i4093-p405023,0.034,"[46.31, 112.13, 117.34, 182.98]",0.7491
i2856-gt,2856,0,mar20-airport-proxy-022,aircraft,aircraft,4,"[474.0, 542.0, 550.0, 626.0]",76.0,small,m3-f0-i2856-p269428,0.034,"[473.97, 542.65, 549.46, 629.22]",0.9488
i1736-gt,1736,2,mar20-airport-proxy-051,aircraft,aircraft,16,"[21.0, 116.0, 142.0, 293.0]",121.0,medium,m3-f2-i1736-p170797,0.0338,"[19.63, 102.49, 143.46, 289.89]",0.8923
i3871-gt,3871,2,mar20-airport-proxy-040,aircraft,aircraft,4,"[524.0, 419.0, 565.0, 462.0]",41.0,small,m3-f2-i3871-p363043,0.0338,"[523.02, 418.88, 565.45, 462.14]",0.9602
i3767-gt,3767,0,mar20-airport-proxy-018,aircraft,aircraft,9,"[37.0, 582.0, 94.0, 643.0]",57.0,small,m3-f0-i3767-p361294,0.0337,"[37.6, 578.64, 95.9, 640.89]",0.8776
i4280-gt,4280,2,mar20-airport-proxy-051,aircraft,aircraft,17,"[76.0, 608.0, 179.0, 711.0]",103.0,medium,m3-f2-i4280-p389553,0.0328,"[75.34, 605.47, 173.88, 707.81]",0.8943
i1670-gt,1670,2,mar20-airport-proxy-023,aircraft,aircraft,14,"[248.0, 728.0, 328.0, 800.0]",72.0,small,m3-f2-i1670-p165619,0.0326,"[254.54, 739.01, 322.02, 800.0]",0.7145
i3743-gt,3743,0,mar20-airport-proxy-018,aircraft,aircraft,9,"[151.0, 304.0, 214.0, 370.0]",63.0,small,m3-f0-i3743-p354955,0.0319,"[150.07, 306.32, 215.16, 368.68]",0.9161
i3616-gt,3616,0,mar20-airport-proxy-037,aircraft,aircraft,5,"[229.0, 578.0, 319.0, 665.0]",87.0,small,m3-f0-i3616-p337215,0.0319,"[227.83, 580.98, 315.92, 660.42]",0.8715
i1418-gt,1418,2,mar20-airport-proxy-051,aircraft,aircraft,8,"[4.0, 204.0, 148.0, 441.0]",144.0,medium,m3-f2-i1418-p138038,0.0315,"[0.44, 201.37, 155.42, 441.21]",0.9181
i1791-gt,1791,0,mar20-airport-proxy-036,aircraft,aircraft,18,"[382.0, 472.0, 469.0, 555.0]",83.0,small,m3-f0-i1791-p176431,0.0314,"[376.98, 473.75, 464.43, 550.46]",0.8313
i3347-gt,3347,0,mar20-airport-proxy-041,aircraft,aircraft,4,"[441.0, 366.0, 511.0, 443.0]",70.0,small,m3-f0-i3347-p311425,0.0314,"[439.21, 368.68, 522.51, 446.17]",0.7832
i3799-gt,3799,0,mar20-airport-proxy-018,aircraft,aircraft,9,"[480.0, 390.0, 544.0, 456.0]",64.0,small,m3-f0-i3799-p368719,0.0312,"[477.81, 391.7, 545.63, 454.39]",0.8989
i4104-gt,4104,0,mar20-airport-proxy-045,aircraft,aircraft,14,"[516.0, 202.0, 589.0, 271.0]",69.0,small,m3-f0-i4104-p407734,0.0311,"[513.61, 201.62, 580.52, 277.53]",0.7861
i3771-gt,3771,0,mar20-airport-proxy-018,aircraft,aircraft,9,"[80.0, 44.0, 175.0, 138.0]",94.0,small,m3-f0-i3771-p362137,0.0305,"[74.8, 43.19, 174.61, 139.53]",0.9214
i1791-gt,1791,0,mar20-airport-proxy-036,aircraft,aircraft,18,"[74.0, 297.0, 168.0, 379.0]",82.0,small,m3-f0-i1791-p176433,0.0304,"[82.84, 301.59, 169.7, 376.54]",0.8146
i1916-gt,1916,1,mar20-airport-proxy-014,aircraft,aircraft,22,"[396.0, 465.0, 517.0, 630.0]",121.0,medium,m3-f1-i1916-p199275,0.0304,"[391.02, 459.38, 524.61, 631.25]",0.8695
i1791-gt,1791,0,mar20-airport-proxy-036,aircraft,aircraft,18,"[576.0, 264.0, 665.0, 343.0]",79.0,small,m3-f0-i1791-p176435,0.0302,"[577.34, 265.89, 660.94, 341.92]",0.9039
i1418-gt,1418,2,mar20-airport-proxy-051,aircraft,aircraft,8,"[298.0, 290.0, 461.0, 515.0]",163.0,medium,m3-f2-i1418-p138039,0.0301,"[294.58, 293.07, 460.11, 517.87]",0.949
i3741-gt,3741,0,mar20-airport-proxy-018,aircraft,aircraft,9,"[381.0, 545.0, 495.0, 653.0]",108.0,medium,m3-f0-i3741-p354378,0.03,"[376.61, 534.86, 495.26, 654.98]",0.8639
i1791-gt,1791,0,mar20-airport-proxy-036,aircraft,aircraft,18,"[529.0, 316.0, 616.0, 400.0]",84.0,small,m3-f0-i1791-p176436,0.0299,"[530.74, 318.99, 609.89, 396.24]",0.8366
i3761-gt,3761,0,mar20-airport-proxy-018,aircraft,aircraft,9,"[228.0, 291.0, 287.0, 354.0]",59.0,small,m3-f0-i3761-p359454,0.0298,"[225.24, 294.38, 285.69, 350.54]",0.8367
i3870-gt,3870,2,mar20-airport-proxy-040,aircraft,aircraft,4,"[493.0, 270.0, 542.0, 310.0]",40.0,small,m3-f2-i3870-p362727,0.0298,"[491.86, 274.59, 542.96, 308.14]",0.8097
i2056-gt,2056,1,mar20-airport-proxy-035,aircraft,aircraft,8,"[516.0, 13.0, 581.0, 72.0]",59.0,small,m3-f1-i2056-p216013,0.0296,"[515.33, 20.98, 580.76, 67.83]",0.7848
i4280-gt,4280,2,mar20-airport-proxy-051,aircraft,aircraft,17,"[331.0, 677.0, 426.0, 782.0]",95.0,small,m3-f2-i4280-p389573,0.0295,"[326.17, 673.44, 426.95, 780.47]",0.8991
i1791-gt,1791,0,mar20-airport-proxy-036,aircraft,aircraft,18,"[431.0, 420.0, 511.0, 508.0]",80.0,small,m3-f0-i1791-p176439,0.0295,"[423.14, 421.58, 510.45, 501.86]",0.8314
i4083-gt,4083,0,mar20-airport-proxy-045,aircraft,aircraft,14,"[454.0, 453.0, 532.0, 540.0]",78.0,small,m3-f0-i4083-p402615,0.0295,"[451.59, 450.02, 532.01, 533.91]",0.874
i2735-gt,2735,0,mar20-airport-proxy-041,aircraft,aircraft,20,"[417.0, 514.0, 498.0, 600.0]",81.0,small,m3-f0-i2735-p255615,0.0294,"[411.45, 509.86, 502.61, 597.17]",0.8227
i3708-gt,3708,0,mar20-airport-proxy-018,aircraft,aircraft,9,"[433.0, 573.0, 514.0, 651.0]",78.0,small,m3-f0-i3708-p346856,0.0294,"[437.48, 576.66, 520.34, 649.12]",0.8182
i3743-gt,3743,0,mar20-airport-proxy-018,aircraft,aircraft,9,"[212.0, 47.0, 277.0, 112.0]",65.0,small,m3-f0-i3743-p354967,0.0293,"[209.33, 47.41, 277.78, 110.3]",0.9202
i2637-gt,2637,2,mar20-airport-proxy-051,aircraft,aircraft,19,"[521.0, 353.0, 651.0, 437.0]",84.0,small,m3-f2-i2637-p258349,0.0291,"[520.8, 357.3, 660.45, 436.45]",0.8807
i3870-gt,3870,2,mar20-airport-proxy-040,aircraft,aircraft,4,"[422.0, 382.0, 468.0, 419.0]",37.0,small,m3-f2-i3870-p362728,0.029,"[419.69, 385.91, 470.02, 419.27]",0.8188
i2465-gt,2465,0,mar20-airport-proxy-041,aircraft,aircraft,20,"[555.0, 116.0, 690.0, 252.0]",135.0,medium,m3-f0-i2465-p233131,0.0289,"[546.19, 108.11, 684.28, 248.54]",0.831
i1418-gt,1418,2,mar20-airport-proxy-051,aircraft,aircraft,8,"[206.0, 213.0, 365.0, 439.0]",159.0,medium,m3-f2-i1418-p138040,0.0287,"[196.39, 215.53, 353.22, 436.43]",0.8545
i2826-gt,2826,0,mar20-airport-proxy-022,aircraft,aircraft,4,"[145.0, 353.0, 221.0, 434.0]",76.0,small,m3-f0-i2826-p265533,0.0287,"[144.07, 353.71, 219.41, 437.3]",0.922
i3805-gt,3805,0,mar20-airport-proxy-018,aircraft,aircraft,9,"[221.0, 531.0, 297.0, 611.0]",76.0,small,m3-f0-i3805-p369936,0.0287,"[220.53, 532.25, 296.26, 607.59]",0.9273
i3885-gt,3885,0,mar20-airport-proxy-018,aircraft,aircraft,9,"[343.0, 441.0, 424.0, 520.0]",79.0,small,m3-f0-i3885-p384029,0.0285,"[349.32, 440.41, 424.12, 518.19]",0.8934
i3886-gt,3886,0,mar20-airport-proxy-018,aircraft,aircraft,9,"[227.0, 505.0, 311.0, 584.0]",79.0,small,m3-f0-i3886-p384412,0.0284,"[226.98, 503.13, 310.65, 582.62]",0.9557
i4068-gt,4068,2,mar20-airport-proxy-008,aircraft,aircraft,18,"[10.0, 119.0, 37.0, 153.0]",27.0,tiny,m3-f2-i4068-p370512,0.0284,"[10.76, 122.03, 37.93, 155.5]",0.801
i1568-gt,1568,0,mar20-airport-proxy-046,aircraft,aircraft,14,"[643.0, 470.0, 768.0, 603.0]",125.0,medium,m3-f0-i1568-p153026,0.0283,"[642.14, 466.26, 767.24, 601.71]",0.951
i3743-gt,3743,0,mar20-airport-proxy-018,aircraft,aircraft,9,"[118.0, 445.0, 185.0, 514.0]",67.0,small,m3-f0-i3743-p354973,0.0281,"[116.36, 449.29, 183.25, 513.21]",0.8821
i3718-gt,3718,2,mar20-airport-proxy-015,aircraft,aircraft,4,"[416.0, 45.0, 495.0, 140.0]",79.0,small,m3-f2-i3718-p357048,0.0281,"[417.92, 47.17, 493.8, 137.7]",0.9153
i3789-gt,3789,0,mar20-airport-proxy-018,aircraft,aircraft,9,"[708.0, 644.0, 779.0, 711.0]",67.0,small,m3-f0-i3789-p366038,0.0278,"[711.79, 644.53, 778.05, 710.94]",0.925
i4280-gt,4280,2,mar20-airport-proxy-051,aircraft,aircraft,17,"[631.0, 673.0, 733.0, 781.0]",102.0,medium,m3-f2-i4280-p389585,0.0275,"[629.69, 673.83, 728.12, 780.08]",0.9251
i4280-gt,4280,2,mar20-airport-proxy-051,aircraft,aircraft,17,"[521.0, 673.0, 629.0, 778.0]",105.0,medium,m3-f2-i4280-p389586,0.0274,"[529.35, 674.22, 628.47, 778.91]",0.9
i3685-gt,3685,2,mar20-airport-proxy-040,aircraft,aircraft,23,"[524.0, 118.0, 625.0, 247.0]",101.0,medium,m3-f2-i3685-p355835,0.0274,"[519.14, 114.7, 630.86, 246.24]",0.8768
i4280-gt,4280,2,mar20-airport-proxy-051,aircraft,aircraft,17,"[129.0, 670.0, 223.0, 779.0]",94.0,small,m3-f2-i4280-p389588,0.0273,"[125.68, 671.24, 224.12, 778.76]",0.9425
i1602-gt,1602,1,mar20-airport-proxy-057,aircraft,aircraft,19,"[139.0, 569.0, 235.0, 632.0]",63.0,small,m3-f1-i1602-p166861,0.0273,"[130.66, 571.22, 231.84, 641.28]",0.753
i3792-gt,3792,0,mar20-airport-proxy-018,aircraft,aircraft,9,"[98.0, 361.0, 157.0, 420.0]",59.0,small,m3-f0-i3792-p366961,0.0272,"[95.21, 354.71, 162.21, 417.94]",0.771
i3815-gt,3815,0,mar20-airport-proxy-018,aircraft,aircraft,9,"[179.0, 404.0, 283.0, 506.0]",102.0,medium,m3-f0-i3815-p372673,0.0271,"[181.45, 405.96, 283.79, 506.54]",0.9458
i4178-gt,4178,1,mar20-airport-proxy-017,aircraft,aircraft,4,"[413.0, 299.0, 491.0, 395.0]",78.0,small,m3-f1-i4178-p457806,0.027,"[410.82, 295.36, 489.97, 403.08]",0.8567
i1791-gt,1791,0,mar20-airport-proxy-036,aircraft,aircraft,18,"[182.0, 188.0, 278.0, 275.0]",87.0,small,m3-f0-i1791-p176445,0.0267,"[186.47, 191.7, 272.12, 267.29]",0.7751
i1791-gt,1791,0,mar20-airport-proxy-036,aircraft,aircraft,18,"[623.0, 211.0, 710.0, 294.0]",83.0,small,m3-f0-i1791-p176446,0.0267,"[621.34, 213.33, 708.35, 291.36]",0.906
i3756-gt,3756,0,mar20-airport-proxy-036,aircraft,aircraft,18,"[279.0, 307.0, 332.0, 356.0]",49.0,small,m3-f0-i3756-p358241,0.0266,"[274.22, 305.76, 333.59, 355.18]",0.8575
i4280-gt,4280,2,mar20-airport-proxy-051,aircraft,aircraft,17,"[30.0, 670.0, 125.0, 780.0]",95.0,small,m3-f2-i4280-p389595,0.0263,"[23.14, 673.14, 123.05, 780.76]",0.8831
i3723-gt,3723,0,mar20-airport-proxy-018,aircraft,aircraft,9,"[208.0, 680.0, 265.0, 732.0]",52.0,small,m3-f0-i3723-p349874,0.0263,"[210.99, 678.59, 267.53, 732.35]",0.8791
i2643-gt,2643,2,mar20-airport-proxy-005,aircraft,aircraft,7,"[432.0, 312.0, 621.0, 485.0]",173.0,medium,m3-f2-i2643-p259221,0.0263,"[435.01, 328.08, 616.55, 486.77]",0.8628
i3888-gt,3888,0,mar20-airport-proxy-018,aircraft,aircraft,23,"[654.0, 318.0, 682.0, 368.0]",28.0,tiny,m3-f0-i3888-p384966,0.0261,"[656.94, 316.51, 678.58, 363.89]",0.6931
i3693-gt,3693,0,mar20-airport-proxy-018,aircraft,aircraft,9,"[107.0, 486.0, 189.0, 566.0]",80.0,small,m3-f0-i3693-p344438,0.026,"[110.62, 491.5, 184.11, 563.96]",0.8117
i4280-gt,4280,2,mar20-airport-proxy-051,aircraft,aircraft,17,"[225.0, 669.0, 325.0, 778.0]",100.0,medium,m3-f2-i4280-p389597,0.0259,"[226.03, 672.95, 324.37, 778.61]",0.9426
i1769-gt,1769,1,mar20-airport-proxy-014,aircraft,aircraft,22,"[34.0, 118.0, 111.0, 182.0]",64.0,small,m3-f1-i1769-p183043,0.0258,"[35.25, 117.21, 111.33, 186.01]",0.9123
i3756-gt,3756,0,mar20-airport-proxy-036,aircraft,aircraft,18,"[211.0, 45.0, 270.0, 94.0]",49.0,small,m3-f0-i3756-p358247,0.0257,"[206.74, 43.92, 268.65, 92.7]",0.87
i3870-gt,3870,2,mar20-airport-proxy-040,aircraft,aircraft,4,"[449.0, 340.0, 493.0, 378.0]",38.0,small,m3-f2-i3870-p362737,0.0256,"[445.92, 343.59, 495.33, 378.78]",0.7983
i3708-gt,3708,0,mar20-airport-proxy-018,aircraft,aircraft,9,"[370.0, 678.0, 445.0, 755.0]",75.0,small,m3-f0-i3708-p346861,0.0251,"[370.12, 682.25, 447.07, 756.03]",0.9072
i1916-gt,1916,1,mar20-airport-proxy-014,aircraft,aircraft,22,"[534.0, 456.0, 652.0, 622.0]",118.0,medium,m3-f1-i1916-p199305,0.0248,"[533.11, 451.76, 656.74, 620.12]",0.9206
i3885-gt,3885,0,mar20-airport-proxy-018,aircraft,aircraft,9,"[117.0, 597.0, 193.0, 674.0]",76.0,small,m3-f0-i3885-p384037,0.0246,"[118.24, 599.73, 191.33, 669.8]",0.8752
i3799-gt,3799,0,mar20-airport-proxy-018,aircraft,aircraft,9,"[531.0, 460.0, 595.0, 524.0]",64.0,small,m3-f0-i3799-p368733,0.0245,"[529.17, 459.67, 594.26, 521.58]",0.921
i3756-gt,3756,0,mar20-airport-proxy-036,aircraft,aircraft,18,"[515.0, 58.0, 571.0, 104.0]",46.0,small,m3-f0-i3756-p358263,0.0242,"[511.21, 56.12, 570.04, 104.72]",0.8719
i3872-gt,3872,2,mar20-airport-proxy-040,aircraft,aircraft,4,"[372.0, 414.0, 451.0, 490.0]",76.0,small,m3-f2-i3872-p363313,0.0242,"[373.44, 415.8, 455.99, 493.44]",0.8644
i3814-gt,3814,0,mar20-airport-proxy-018,aircraft,aircraft,9,"[499.0, 98.0, 569.0, 161.0]",63.0,small,m3-f0-i3814-p372348,0.0241,"[502.42, 91.72, 568.68, 161.79]",0.8557
i3888-gt,3888,0,mar20-airport-proxy-018,aircraft,aircraft,9,"[7.0, 265.0, 95.0, 360.0]",88.0,small,m3-f0-i3888-p384974,0.0238,"[3.03, 271.01, 100.66, 361.77]",0.834
i4095-gt,4095,0,mar20-airport-proxy-045,aircraft,aircraft,14,"[129.0, 423.0, 198.0, 496.0]",69.0,small,m3-f0-i4095-p405643,0.0237,"[124.46, 418.42, 200.22, 498.73]",0.8278
i2631-gt,2631,2,mar20-airport-proxy-015,aircraft,aircraft,23,"[196.0, 1.0, 281.0, 77.0]",76.0,small,m3-f2-i2631-p257438,0.0236,"[196.51, 0.0, 289.43, 80.18]",0.8575
i1736-gt,1736,2,mar20-airport-proxy-051,aircraft,aircraft,16,"[685.0, 112.0, 800.0, 292.0]",115.0,medium,m3-f2-i1736-p170834,0.0232,"[678.22, 115.19, 799.9, 289.89]",0.9173
i3750-gt,3750,0,mar20-airport-proxy-018,aircraft,aircraft,9,"[541.0, 532.0, 590.0, 582.0]",49.0,small,m3-f0-i3750-p356432,0.0231,"[541.26, 529.17, 590.77, 580.98]",0.9085
i3184-gt,3184,1,mar20-airport-proxy-034,aircraft,aircraft,16,"[185.0, 478.0, 248.0, 563.0]",63.0,small,m3-f1-i3184-p351370,0.023,"[185.42, 484.16, 251.68, 558.81]",0.8298
i1445-gt,1445,0,mar20-airport-proxy-018,aircraft,aircraft,9,"[187.0, 579.0, 262.0, 654.0]",75.0,small,m3-f0-i1445-p142292,0.023,"[184.4, 574.63, 262.87, 662.08]",0.8197
i3756-gt,3756,0,mar20-airport-proxy-036,aircraft,aircraft,18,"[97.0, 156.0, 160.0, 207.0]",51.0,small,m3-f0-i3756-p358278,0.0227,"[98.49, 155.9, 158.74, 205.04]",0.9179
i3888-gt,3888,0,mar20-airport-proxy-018,aircraft,aircraft,9,"[218.0, 269.0, 306.0, 364.0]",88.0,small,m3-f0-i3888-p384980,0.0227,"[213.6, 277.82, 306.01, 367.35]",0.8381
i1791-gt,1791,0,mar20-airport-proxy-036,aircraft,aircraft,18,"[130.0, 245.0, 221.0, 327.0]",82.0,small,m3-f0-i1791-p176457,0.0223,"[134.06, 245.92, 222.58, 322.05]",0.8728
i3888-gt,3888,0,mar20-airport-proxy-018,aircraft,aircraft,9,"[115.0, 268.0, 203.0, 363.0]",88.0,small,m3-f0-i3888-p384982,0.0221,"[111.8, 273.78, 206.5, 364.21]",0.8654
i2012-gt,2012,0,mar20-airport-proxy-018,aircraft,aircraft,9,"[198.0, 425.0, 308.0, 541.0]",110.0,medium,m3-f0-i2012-p194769,0.0215,"[194.38, 419.47, 312.16, 543.53]",0.8732
i1923-gt,1923,1,mar20-airport-proxy-043,aircraft,aircraft,23,"[705.0, 427.0, 758.0, 510.0]",53.0,small,m3-f1-i1923-p200830,0.0211,"[701.29, 429.08, 758.86, 527.17]",0.745
i3805-gt,3805,0,mar20-airport-proxy-018,aircraft,aircraft,9,"[263.0, 620.0, 338.0, 705.0]",75.0,small,m3-f0-i3805-p369948,0.0211,"[261.4, 623.49, 340.55, 700.73]",0.8653
i3889-gt,3889,0,mar20-airport-proxy-018,aircraft,aircraft,9,"[191.0, 449.0, 274.0, 523.0]",74.0,small,m3-f0-i3889-p385353,0.0208,"[196.2, 456.51, 263.8, 520.96]",0.7095
i1983-gt,1983,0,mar20-airport-proxy-018,aircraft,aircraft,9,"[521.0, 204.0, 581.0, 265.0]",60.0,small,m3-f0-i1983-p192670,0.0204,"[519.22, 199.93, 584.54, 267.36]",0.8309
i3888-gt,3888,0,mar20-airport-proxy-018,aircraft,aircraft,9,"[322.0, 271.0, 410.0, 366.0]",88.0,small,m3-f0-i3888-p384986,0.0204,"[320.7, 280.1, 409.76, 368.33]",0.8686
i3886-gt,3886,0,mar20-airport-proxy-018,aircraft,aircraft,9,"[306.0, 419.0, 385.0, 495.0]",76.0,small,m3-f0-i3886-p384445,0.0203,"[305.19, 419.21, 387.7, 496.56]",0.9358
i2544-gt,2544,2,mar20-airport-proxy-005,aircraft,aircraft,19,"[82.0, 711.0, 154.0, 761.0]",50.0,small,m3-f2-i2544-p247861,0.0203,"[84.55, 711.36, 160.57, 760.51]",0.8701
i2465-gt,2465,0,mar20-airport-proxy-041,aircraft,aircraft,20,"[672.0, 658.0, 795.0, 795.0]",123.0,medium,m3-f0-i2465-p233149,0.0203,"[667.19, 647.22, 800.0, 791.06]",0.8355
i2387-gt,2387,0,mar20-airport-proxy-041,aircraft,aircraft,20,"[290.0, 702.0, 375.0, 792.0]",85.0,small,m3-f0-i2387-p227745,0.0201,"[287.89, 706.42, 371.48, 784.2]",0.8111
i1835-gt,1835,1,mar20-airport-proxy-014,aircraft,aircraft,22,"[537.0, 259.0, 581.0, 316.0]",44.0,small,m3-f1-i1835-p191785,0.0201,"[536.17, 255.7, 580.79, 314.88]",0.9059
i1601-gt,1601,0,mar20-airport-proxy-048,aircraft,aircraft,7,"[302.0, 166.0, 449.0, 324.0]",147.0,medium,m3-f0-i1601-p156627,0.0201,"[307.32, 166.26, 450.49, 320.07]",0.9291
i3872-gt,3872,2,mar20-airport-proxy-040,aircraft,aircraft,4,"[623.0, 366.0, 697.0, 447.0]",74.0,small,m3-f2-i3872-p363315,0.02,"[620.39, 365.93, 702.09, 447.15]",0.9033
i3886-gt,3886,0,mar20-airport-proxy-018,aircraft,aircraft,9,"[379.0, 341.0, 458.0, 417.0]",76.0,small,m3-f0-i3886-p384450,0.0199,"[378.43, 342.53, 458.91, 417.36]",0.9577
i3695-gt,3695,1,mar20-airport-proxy-049,aircraft,aircraft,7,"[362.0, 641.0, 458.0, 729.0]",88.0,small,m3-f1-i3695-p407200,0.0199,"[368.77, 643.31, 460.13, 734.03]",0.8411
i1451-gt,1451,1,mar20-airport-proxy-030,aircraft,aircraft,12,"[382.0, 594.0, 490.0, 715.0]",108.0,medium,m3-f1-i1451-p150630,0.0199,"[372.02, 593.21, 496.73, 716.16]",0.8523
i3756-gt,3756,0,mar20-airport-proxy-036,aircraft,aircraft,18,"[346.0, 232.0, 400.0, 282.0]",50.0,small,m3-f0-i3756-p358309,0.0196,"[338.06, 229.08, 401.78, 283.81]",0.7741
i3870-gt,3870,2,mar20-airport-proxy-040,aircraft,aircraft,4,"[471.0, 305.0, 520.0, 344.0]",39.0,small,m3-f2-i3870-p362752,0.0196,"[470.04, 309.69, 520.37, 342.56]",0.824
i1983-gt,1983,0,mar20-airport-proxy-018,aircraft,aircraft,9,"[106.0, 615.0, 165.0, 677.0]",59.0,small,m3-f0-i1983-p192675,0.0194,"[103.04, 612.67, 167.77, 678.59]",0.8573
i3707-gt,3707,1,mar20-airport-proxy-038,aircraft,aircraft,18,"[425.0, 351.0, 537.0, 446.0]",95.0,small,m3-f1-i3707-p408329,0.0194,"[430.83, 356.35, 530.98, 443.99]",0.8249
i3872-gt,3872,2,mar20-airport-proxy-040,aircraft,aircraft,4,"[535.0, 386.0, 612.0, 462.0]",76.0,small,m3-f2-i3872-p363317,0.0193,"[534.59, 384.43, 614.16, 463.3]",0.9324
i2012-gt,2012,0,mar20-airport-proxy-018,aircraft,aircraft,9,"[319.0, 318.0, 432.0, 437.0]",113.0,medium,m3-f0-i2012-p194774,0.0193,"[316.54, 312.68, 434.51, 435.84]",0.9083
i1601-gt,1601,0,mar20-airport-proxy-048,aircraft,aircraft,7,"[66.0, 637.0, 197.0, 785.0]",131.0,medium,m3-f0-i1601-p156638,0.0192,"[60.89, 635.6, 200.63, 791.75]",0.8885
i3756-gt,3756,0,mar20-airport-proxy-036,aircraft,aircraft,18,"[380.0, 198.0, 435.0, 246.0]",48.0,small,m3-f0-i3756-p358320,0.0191,"[371.58, 193.43, 436.23, 245.63]",0.7717
i3050-gt,3050,2,mar20-airport-proxy-015,aircraft,aircraft,23,"[379.0, 274.0, 475.0, 352.0]",78.0,small,m3-f2-i3050-p291988,0.0189,"[376.76, 266.85, 485.74, 356.59]",0.7656
i3888-gt,3888,0,mar20-airport-proxy-018,aircraft,aircraft,23,"[634.0, 320.0, 650.0, 364.0]",16.0,tiny,m3-f0-i3888-p384995,0.0189,"[631.05, 319.22, 653.86, 364.44]",0.6824
i3872-gt,3872,2,mar20-airport-proxy-040,aircraft,aircraft,4,"[454.0, 401.0, 530.0, 478.0]",76.0,small,m3-f2-i3872-p363318,0.0187,"[451.94, 396.18, 533.32, 477.71]",0.8758
i3805-gt,3805,0,mar20-airport-proxy-018,aircraft,aircraft,9,"[88.0, 249.0, 163.0, 325.0]",75.0,small,m3-f0-i3805-p369956,0.0187,"[86.94, 251.12, 159.94, 319.19]",0.8483
i3799-gt,3799,0,mar20-airport-proxy-018,aircraft,aircraft,9,"[637.0, 610.0, 704.0, 679.0]",67.0,small,m3-f0-i3799-p368760,0.0185,"[638.75, 612.57, 701.88, 673.36]",0.8302
i3725-gt,3725,0,mar20-airport-proxy-018,aircraft,aircraft,9,"[252.0, 214.0, 313.0, 272.0]",58.0,small,m3-f0-i3725-p350546,0.0184,"[250.85, 210.77, 314.77, 274.0]",0.8754
i3756-gt,3756,0,mar20-airport-proxy-036,aircraft,aircraft,18,"[476.0, 92.0, 532.0, 140.0]",48.0,small,m3-f0-i3756-p358330,0.0183,"[474.22, 89.7, 532.03, 139.21]",0.9095
i3756-gt,3756,0,mar20-airport-proxy-036,aircraft,aircraft,18,"[446.0, 127.0, 502.0, 175.0]",48.0,small,m3-f0-i3756-p358333,0.0182,"[441.41, 123.19, 500.78, 174.07]",0.8238
i3886-gt,3886,0,mar20-airport-proxy-018,aircraft,aircraft,9,"[503.0, 195.0, 582.0, 271.0]",76.0,small,m3-f0-i3886-p384464,0.0179,"[508.13, 202.4, 587.22, 272.28]",0.784
i3805-gt,3805,0,mar20-airport-proxy-018,aircraft,aircraft,9,"[130.0, 341.0, 206.0, 416.0]",75.0,small,m3-f0-i3805-p369965,0.0179,"[126.98, 340.26, 205.83, 412.87]",0.912
i1916-gt,1916,1,mar20-airport-proxy-014,aircraft,aircraft,22,"[667.0, 449.0, 786.0, 619.0]",119.0,medium,m3-f1-i1916-p199392,0.0179,"[662.94, 448.19, 789.4, 618.99]",0.9365
i3184-gt,3184,1,mar20-airport-proxy-034,aircraft,aircraft,16,"[220.0, 402.0, 282.0, 483.0]",62.0,small,m3-f1-i3184-p351413,0.0178,"[212.65, 403.2, 279.15, 481.96]",0.8317
i3815-gt,3815,0,mar20-airport-proxy-018,aircraft,aircraft,9,"[60.0, 603.0, 162.0, 706.0]",102.0,medium,m3-f0-i3815-p372738,0.0177,"[58.64, 607.42, 166.75, 709.77]",0.8732
i3725-gt,3725,0,mar20-airport-proxy-018,aircraft,aircraft,9,"[134.0, 116.0, 200.0, 178.0]",62.0,small,m3-f0-i3725-p350551,0.0176,"[136.33, 115.16, 193.16, 178.39]",0.8467
i2034-gt,2034,1,mar20-airport-proxy-043,aircraft,aircraft,23,"[375.0, 607.0, 441.0, 642.0]",35.0,small,m3-f1-i2034-p213743,0.0176,"[377.37, 609.27, 442.94, 640.73]",0.8445
i3798-gt,3798,0,mar20-airport-proxy-018,aircraft,aircraft,15,"[437.0, 272.0, 501.0, 326.0]",54.0,small,m3-f0-i3798-p368505,0.0175,"[439.4, 273.66, 497.31, 325.56]",0.8697
i3756-gt,3756,0,mar20-airport-proxy-036,aircraft,aircraft,18,"[314.0, 269.0, 370.0, 317.0]",48.0,small,m3-f0-i3756-p358350,0.0175,"[306.88, 266.48, 369.68, 317.9]",0.8238
i1642-gt,1642,1,mar20-airport-proxy-043,aircraft,aircraft,23,"[714.0, 321.0, 800.0, 430.0]",86.0,small,m3-f1-i1642-p169951,0.0173,"[717.58, 320.75, 798.83, 436.28]",0.8942
i3756-gt,3756,0,mar20-airport-proxy-036,aircraft,aircraft,18,"[168.0, 82.0, 232.0, 132.0]",50.0,small,m3-f0-i3756-p358356,0.0172,"[170.36, 83.91, 229.64, 130.93]",0.871
i2045-gt,2045,0,mar20-airport-proxy-041,aircraft,aircraft,15,"[101.0, 14.0, 207.0, 67.0]",53.0,small,m3-f0-i2045-p198415,0.017,"[100.1, 13.7, 201.66, 75.61]",0.8119
i3889-gt,3889,0,mar20-airport-proxy-018,aircraft,aircraft,9,"[168.0, 314.0, 255.0, 391.0]",77.0,small,m3-f0-i3889-p385414,0.0165,"[176.3, 321.97, 245.25, 387.01]",0.6695
i3725-gt,3725,0,mar20-airport-proxy-018,aircraft,aircraft,9,"[445.0, 375.0, 502.0, 437.0]",57.0,small,m3-f0-i3725-p350566,0.0163,"[442.75, 373.39, 506.47, 437.55]",0.8644
i4272-gt,4272,1,mar20-airport-proxy-058,aircraft,aircraft,15,"[715.0, 426.0, 800.0, 520.0]",85.0,small,m3-f1-i4272-p465355,0.0163,"[713.13, 429.57, 800.0, 521.22]",0.9301
i3888-gt,3888,0,mar20-airport-proxy-018,aircraft,aircraft,9,"[414.0, 274.0, 502.0, 369.0]",88.0,small,m3-f0-i3888-p385018,0.016,"[409.56, 282.06, 499.86, 371.59]",0.8312
i1983-gt,1983,0,mar20-airport-proxy-018,aircraft,aircraft,9,"[167.0, 558.0, 225.0, 619.0]",58.0,small,m3-f0-i1983-p192708,0.0159,"[163.7, 555.27, 227.42, 619.54]",0.8639
i2631-gt,2631,2,mar20-airport-proxy-015,aircraft,aircraft,23,"[272.0, 464.0, 361.0, 540.0]",76.0,small,m3-f2-i2631-p257471,0.0157,"[269.58, 459.69, 371.04, 545.78]",0.7744
i2753-gt,2753,2,mar20-airport-proxy-051,aircraft,aircraft,16,"[577.0, 104.0, 683.0, 261.0]",106.0,medium,m3-f2-i2753-p269696,0.0157,"[575.49, 115.28, 679.98, 257.57]",0.8692
i1496-gt,1496,0,mar20-airport-proxy-026,aircraft,aircraft,4,"[563.0, 93.0, 660.0, 191.0]",97.0,medium,m3-f0-i1496-p148299,0.0155,"[564.58, 88.13, 660.42, 191.16]",0.9324
i3725-gt,3725,0,mar20-airport-proxy-018,aircraft,aircraft,9,"[193.0, 161.0, 261.0, 225.0]",64.0,small,m3-f0-i3725-p350575,0.0155,"[194.12, 162.84, 254.71, 226.42]",0.8487
i3888-gt,3888,0,mar20-airport-proxy-018,aircraft,aircraft,9,"[505.0, 275.0, 593.0, 370.0]",88.0,small,m3-f0-i3888-p385024,0.0155,"[502.97, 286.05, 594.92, 373.47]",0.8199
i3756-gt,3756,0,mar20-airport-proxy-036,aircraft,aircraft,18,"[413.0, 162.0, 467.0, 210.0]",48.0,small,m3-f0-i3756-p358398,0.0154,"[408.35, 158.72, 467.43, 210.82]",0.8421
i2563-gt,2563,2,mar20-airport-proxy-015,aircraft,aircraft,23,"[35.0, 635.0, 113.0, 697.0]",62.0,small,m3-f2-i2563-p249969,0.0152,"[22.97, 632.89, 114.62, 700.71]",0.778
i3046-gt,3046,1,mar20-airport-proxy-043,aircraft,aircraft,23,"[468.0, 661.0, 537.0, 788.0]",69.0,small,m3-f1-i3046-p334043,0.0151,"[467.87, 661.43, 539.94, 799.51]",0.875
i3223-gt,3223,1,mar20-airport-proxy-030,aircraft,aircraft,8,"[12.0, 661.0, 92.0, 764.0]",80.0,small,m3-f1-i3223-p356493,0.015,"[6.08, 662.65, 92.02, 762.35]",0.9031
i1305-gt,1305,1,mar20-airport-proxy-043,aircraft,aircraft,22,"[537.0, 680.0, 622.0, 800.0]",85.0,small,m3-f1-i1305-p134217,0.0149,"[539.55, 683.54, 621.39, 800.0]",0.9343
i1424-gt,1424,1,mar20-airport-proxy-016,aircraft,aircraft,15,"[539.0, 151.0, 681.0, 262.0]",111.0,medium,m3-f1-i1424-p147672,0.0147,"[537.06, 149.85, 679.35, 263.04]",0.9564
i3756-gt,3756,0,mar20-airport-proxy-036,aircraft,aircraft,18,"[132.0, 119.0, 195.0, 168.0]",49.0,small,m3-f0-i3756-p358425,0.0145,"[131.18, 116.31, 194.41, 167.48]",0.9177
i2900-gt,2900,0,mar20-airport-proxy-022,aircraft,aircraft,4,"[305.0, 430.0, 402.0, 516.0]",86.0,small,m3-f0-i2900-p273476,0.0143,"[304.39, 431.74, 410.45, 515.92]",0.8969
i3750-gt,3750,0,mar20-airport-proxy-018,aircraft,aircraft,9,"[468.0, 604.0, 518.0, 660.0]",50.0,small,m3-f0-i3750-p356450,0.0142,"[468.38, 607.1, 518.33, 661.65]",0.905
i4272-gt,4272,1,mar20-airport-proxy-058,aircraft,aircraft,15,"[1.0, 380.0, 95.0, 474.0]",94.0,small,m3-f1-i4272-p465390,0.0137,"[0.1, 380.64, 94.14, 473.27]",0.9672
i2012-gt,2012,0,mar20-airport-proxy-018,aircraft,aircraft,9,"[67.0, 538.0, 182.0, 657.0]",115.0,medium,m3-f0-i2012-p194799,0.0137,"[65.89, 532.46, 185.48, 657.25]",0.9171
i3113-gt,3113,1,mar20-airport-proxy-043,aircraft,aircraft,23,"[277.0, 699.0, 378.0, 747.0]",48.0,small,m3-f1-i3113-p343106,0.0137,"[280.69, 699.88, 378.69, 747.0]",0.9395
i3771-gt,3771,0,mar20-airport-proxy-018,aircraft,aircraft,9,"[631.0, 600.0, 733.0, 696.0]",96.0,medium,m3-f0-i3771-p362201,0.0136,"[630.32, 598.14, 736.08, 698.73]",0.9205
i1983-gt,1983,0,mar20-airport-proxy-018,aircraft,aircraft,9,"[402.0, 322.0, 461.0, 382.0]",59.0,small,m3-f0-i1983-p192750,0.0134,"[398.37, 317.83, 463.69, 383.83]",0.821
i1897-gt,1897,1,mar20-airport-proxy-024,aircraft,aircraft,8,"[199.0, 100.0, 272.0, 175.0]",73.0,small,m3-f1-i1897-p197469,0.0134,"[199.73, 99.56, 267.46, 175.83]",0.9134
i4075-gt,4075,1,mar20-airport-proxy-049,aircraft,aircraft,16,"[269.0, 250.0, 353.0, 318.0]",68.0,small,m3-f1-i4075-p449825,0.0134,"[267.67, 244.03, 355.85, 319.86]",0.8543
i3798-gt,3798,0,mar20-airport-proxy-018,aircraft,aircraft,15,"[391.0, 333.0, 450.0, 389.0]",56.0,small,m3-f0-i3798-p368591,0.0133,"[391.28, 335.77, 448.56, 388.45]",0.9133
i3798-gt,3798,0,mar20-airport-proxy-018,aircraft,aircraft,15,"[557.0, 122.0, 616.0, 175.0]",53.0,small,m3-f0-i3798-p368589,0.0133,"[557.06, 122.39, 614.04, 172.53]",0.9138
i3725-gt,3725,0,mar20-airport-proxy-018,aircraft,aircraft,9,"[338.0, 285.0, 398.0, 347.0]",60.0,small,m3-f0-i3725-p350604,0.0133,"[335.67, 281.4, 401.83, 349.85]",0.8213
i3740-gt,3740,1,mar20-airport-proxy-016,aircraft,aircraft,15,"[183.0, 206.0, 241.0, 272.0]",58.0,small,m3-f1-i3740-p409062,0.0132,"[184.99, 207.69, 240.01, 271.61]",0.9188
i4272-gt,4272,1,mar20-airport-proxy-058,aircraft,aircraft,15,"[609.0, 419.0, 710.0, 513.0]",94.0,small,m3-f1-i4272-p465405,0.0129,"[608.2, 418.29, 710.55, 515.31]",0.9561
i1550-gt,1550,1,mar20-airport-proxy-034,aircraft,aircraft,16,"[593.0, 574.0, 699.0, 654.0]",80.0,small,m3-f1-i1550-p161051,0.0129,"[592.77, 575.29, 701.76, 653.61]",0.9527
i3223-gt,3223,1,mar20-airport-proxy-030,aircraft,aircraft,8,"[71.0, 509.0, 146.0, 612.0]",75.0,small,m3-f1-i3223-p356544,0.0129,"[68.65, 508.47, 145.21, 607.93]",0.9181
i3173-gt,3173,1,mar20-airport-proxy-057,aircraft,aircraft,19,"[21.0, 272.0, 106.0, 323.0]",51.0,small,m3-f1-i3173-p350628,0.0128,"[27.91, 274.77, 110.18, 323.28]",0.8261
i1977-gt,1977,2,mar20-airport-proxy-044,aircraft,aircraft,7,"[142.0, 3.0, 368.0, 199.0]",196.0,medium,m3-f2-i1977-p193557,0.0128,"[141.7, 0.0, 371.97, 196.53]",0.9547
i1550-gt,1550,1,mar20-airport-proxy-034,aircraft,aircraft,16,"[256.0, 608.0, 374.0, 686.0]",78.0,small,m3-f1-i1550-p161074,0.0125,"[263.67, 607.3, 367.58, 689.58]",0.84
i3223-gt,3223,1,mar20-airport-proxy-030,aircraft,aircraft,8,"[125.0, 347.0, 201.0, 450.0]",76.0,small,m3-f1-i3223-p356558,0.0124,"[126.25, 341.75, 200.12, 450.44]",0.9225
i4272-gt,4272,1,mar20-airport-proxy-058,aircraft,aircraft,15,"[507.0, 416.0, 607.0, 508.0]",92.0,small,m3-f1-i4272-p465416,0.0123,"[505.96, 413.94, 606.54, 506.37]",0.9468
i1550-gt,1550,1,mar20-airport-proxy-034,aircraft,aircraft,16,"[530.0, 466.0, 643.0, 543.0]",77.0,small,m3-f1-i1550-p161089,0.0123,"[533.64, 463.6, 638.23, 541.09]",0.8773
i1431-gt,1431,2,mar20-airport-proxy-015,aircraft,aircraft,4,"[214.0, 481.0, 311.0, 584.0]",97.0,medium,m3-f2-i1431-p139348,0.0123,"[209.77, 475.54, 313.28, 586.96]",0.8662
i3368-gt,3368,0,mar20-airport-proxy-041,aircraft,aircraft,20,"[412.0, 76.0, 546.0, 222.0]",134.0,medium,m3-f0-i3368-p314527,0.0122,"[412.35, 72.12, 546.24, 200.93]",0.8301
i2008-gt,2008,2,mar20-airport-proxy-004,aircraft,aircraft,6,"[320.0, 281.0, 390.0, 353.0]",70.0,small,m3-f2-i2008-p197245,0.0121,"[323.85, 278.42, 395.68, 350.49]",0.8179
i3798-gt,3798,0,mar20-airport-proxy-018,aircraft,aircraft,15,"[530.0, 157.0, 588.0, 211.0]",54.0,small,m3-f0-i3798-p368633,0.0121,"[527.98, 159.86, 586.08, 210.45]",0.8772
i1841-gt,1841,0,mar20-airport-proxy-055,aircraft,aircraft,7,"[539.0, 574.0, 708.0, 763.0]",169.0,medium,m3-f0-i1841-p181026,0.0121,"[538.53, 573.34, 709.13, 771.19]",0.9463
i1431-gt,1431,2,mar20-airport-proxy-015,aircraft,aircraft,4,"[146.0, 537.0, 248.0, 645.0]",102.0,medium,m3-f2-i1431-p139356,0.0119,"[146.14, 535.45, 247.41, 648.14]",0.9518
i1841-gt,1841,0,mar20-airport-proxy-055,aircraft,aircraft,7,"[18.0, 586.0, 193.0, 775.0]",175.0,medium,m3-f0-i1841-p181033,0.0119,"[17.63, 589.84, 192.14, 780.47]",0.9456
i3750-gt,3750,0,mar20-airport-proxy-018,aircraft,aircraft,9,"[589.0, 476.0, 639.0, 528.0]",50.0,small,m3-f0-i3750-p356468,0.0119,"[590.58, 475.9, 639.89, 528.78]",0.9361
i2138-gt,2138,2,mar20-airport-proxy-015,aircraft,aircraft,23,"[175.0, 653.0, 294.0, 748.0]",95.0,small,m3-f2-i2138-p208074,0.0117,"[176.95, 650.93, 297.66, 749.85]",0.917
i2872-gt,2872,2,mar20-airport-proxy-004,aircraft,aircraft,21,"[495.0, 95.0, 682.0, 273.0]",178.0,medium,m3-f2-i2872-p276587,0.0117,"[490.19, 97.75, 684.81, 278.22]",0.9195
i3740-gt,3740,1,mar20-airport-proxy-016,aircraft,aircraft,15,"[479.0, 390.0, 539.0, 468.0]",60.0,small,m3-f1-i3740-p409111,0.0116,"[479.64, 393.77, 535.99, 462.48]",0.8272
i3846-gt,3846,0,mar20-airport-proxy-037,aircraft,aircraft,12,"[682.0, 219.0, 739.0, 279.0]",57.0,small,m3-f0-i3846-p379083,0.0116,"[682.74, 218.24, 736.79, 279.03]",0.9366
i3045-gt,3045,1,mar20-airport-proxy-030,aircraft,aircraft,13,"[418.0, 354.0, 671.0, 584.0]",230.0,medium,m3-f1-i3045-p333866,0.0116,"[419.63, 351.86, 674.9, 582.52]",0.9633
i4336-gt,4336,1,mar20-airport-proxy-007,aircraft,aircraft,6,"[378.0, 475.0, 435.0, 535.0]",57.0,small,m3-f1-i4336-p472453,0.0113,"[375.55, 474.26, 436.39, 538.66]",0.873
i4267-gt,4267,2,mar20-airport-proxy-009,aircraft,aircraft,6,"[256.0, 295.0, 475.0, 498.0]",203.0,medium,m3-f2-i4267-p388258,0.0113,"[247.75, 295.72, 487.57, 497.97]",0.9101
i2445-gt,2445,2,mar20-airport-proxy-040,aircraft,aircraft,4,"[538.0, 249.0, 625.0, 363.0]",87.0,small,m3-f2-i2445-p236879,0.0112,"[506.05, 233.11, 630.66, 366.89]",0.5949
i2043-gt,2043,0,mar20-airport-proxy-041,aircraft,aircraft,15,"[550.0, 25.0, 678.0, 143.0]",118.0,medium,m3-f0-i2043-p198200,0.0112,"[547.17, 0.0, 675.49, 142.97]",0.7939
i3223-gt,3223,1,mar20-airport-proxy-030,aircraft,aircraft,8,"[228.0, 33.0, 303.0, 135.0]",75.0,small,m3-f1-i3223-p356603,0.011,"[229.47, 29.83, 302.95, 132.96]",0.9319
i1977-gt,1977,2,mar20-airport-proxy-044,aircraft,aircraft,7,"[63.0, 401.0, 286.0, 603.0]",202.0,medium,m3-f2-i1977-p193575,0.0109,"[57.23, 404.3, 291.02, 602.73]",0.9378
i3534-gt,3534,1,mar20-airport-proxy-012,aircraft,aircraft,8,"[323.0, 80.0, 404.0, 140.0]",60.0,small,m3-f1-i3534-p386520,0.0109,"[327.15, 81.35, 397.07, 141.7]",0.8237
i3257-gt,3257,0,mar20-airport-proxy-055,aircraft,aircraft,7,"[206.0, 500.0, 396.0, 734.0]",190.0,medium,m3-f0-i3257-p303165,0.0109,"[200.15, 504.0, 395.95, 733.5]",0.9517
i2028-gt,2028,1,mar20-airport-proxy-043,aircraft,aircraft,22,"[491.0, 90.0, 543.0, 161.0]",52.0,small,m3-f1-i2028-p212694,0.0108,"[490.6, 91.11, 543.77, 163.57]",0.9292
i3769-gt,3769,2,mar20-airport-proxy-015,aircraft,aircraft,23,"[564.0, 41.0, 624.0, 113.0]",60.0,small,m3-f2-i3769-p359042,0.0108,"[562.06, 31.69, 625.44, 115.87]",0.8097
i2772-gt,2772,2,mar20-airport-proxy-005,aircraft,aircraft,21,"[254.0, 281.0, 433.0, 457.0]",176.0,medium,m3-f2-i2772-p270317,0.0108,"[252.98, 288.09, 433.74, 459.18]",0.9391
i1977-gt,1977,2,mar20-airport-proxy-044,aircraft,aircraft,7,"[105.0, 202.0, 326.0, 404.0]",202.0,medium,m3-f2-i1977-p193584,0.0106,"[105.27, 204.15, 332.62, 400.93]",0.9454
i2656-gt,2656,0,mar20-airport-proxy-041,aircraft,aircraft,15,"[29.0, 258.0, 180.0, 341.0]",83.0,small,m3-f0-i2656-p250382,0.0106,"[18.36, 259.86, 182.81, 351.86]",0.7951
i2822-gt,2822,0,mar20-airport-proxy-026,aircraft,aircraft,4,"[337.0, 368.0, 439.0, 497.0]",102.0,medium,m3-f0-i2822-p265077,0.0106,"[331.49, 369.53, 444.29, 496.88]",0.8938
i2349-gt,2349,0,mar20-airport-proxy-018,aircraft,aircraft,9,"[1.0, 578.0, 155.0, 739.0]",154.0,medium,m3-f0-i2349-p223917,0.0105,"[0.38, 579.84, 156.08, 742.5]",0.957
i1727-gt,1727,0,mar20-airport-proxy-041,aircraft,aircraft,20,"[443.0, 555.0, 576.0, 700.0]",133.0,medium,m3-f0-i1727-p169086,0.0104,"[454.49, 551.42, 579.1, 686.87]",0.7955
i1497-gt,1497,2,mar20-airport-proxy-009,aircraft,aircraft,10,"[410.0, 418.0, 447.0, 454.0]",36.0,small,m3-f2-i1497-p145395,0.0104,"[406.46, 416.86, 449.74, 455.45]",0.7975
i1548-gt,1548,2,mar20-airport-proxy-044,aircraft,aircraft,7,"[393.0, 42.0, 565.0, 194.0]",152.0,medium,m3-f2-i1548-p150761,0.0103,"[398.44, 43.99, 569.53, 193.31]",0.9273
i3873-gt,3873,2,mar20-airport-proxy-040,aircraft,aircraft,4,"[287.0, 207.0, 405.0, 297.0]",90.0,small,m3-f2-i3873-p363671,0.0103,"[293.56, 207.57, 395.61, 300.97]",0.8278
i3467-gt,3467,0,mar20-airport-proxy-036,aircraft,aircraft,8,"[603.0, 509.0, 704.0, 588.0]",79.0,small,m3-f0-i3467-p322745,0.0103,"[607.08, 512.99, 703.08, 585.45]",0.8718
i3206-gt,3206,2,mar20-airport-proxy-015,aircraft,aircraft,23,"[664.0, 70.0, 756.0, 151.0]",81.0,small,m3-f2-i3206-p307795,0.0102,"[662.26, 67.6, 757.28, 155.05]",0.8968
i3806-gt,3806,0,mar20-airport-proxy-018,aircraft,aircraft,9,"[294.0, 427.0, 370.0, 505.0]",76.0,small,m3-f0-i3806-p370410,0.0102,"[293.53, 423.49, 373.27, 504.64]",0.908
i3875-gt,3875,0,mar20-airport-proxy-026,aircraft,aircraft,4,"[508.0, 446.0, 574.0, 500.0]",54.0,small,m3-f0-i3875-p383972,0.0101,"[507.79, 446.02, 575.02, 497.73]",0.9407
i2476-gt,2476,2,mar20-airport-proxy-015,aircraft,aircraft,22,"[656.0, 407.0, 784.0, 463.0]",56.0,small,m3-f2-i2476-p240219,0.01,"[656.4, 405.64, 779.54, 463.11]",0.9384
i2656-gt,2656,0,mar20-airport-proxy-041,aircraft,aircraft,15,"[109.0, 53.0, 262.0, 141.0]",88.0,small,m3-f0-i2656-p250407,0.0098,"[110.79, 53.74, 254.05, 145.87]",0.8827
i2969-gt,2969,1,mar20-airport-proxy-042,aircraft,aircraft,22,"[406.0, 589.0, 520.0, 669.0]",80.0,small,m3-f1-i2969-p324884,0.0097,"[405.47, 588.87, 522.66, 671.29]",0.9442
i2043-gt,2043,0,mar20-airport-proxy-041,aircraft,aircraft,15,"[93.0, 487.0, 220.0, 622.0]",127.0,medium,m3-f0-i2043-p198260,0.0096,"[96.83, 484.57, 219.38, 625.59]",0.9252
i3660-gt,3660,2,mar20-airport-proxy-056,aircraft,aircraft,8,"[237.0, 16.0, 315.0, 116.0]",78.0,small,m3-f2-i3660-p353297,0.0096,"[240.89, 11.18, 329.42, 125.73]",0.7038
i2656-gt,2656,0,mar20-airport-proxy-041,aircraft,aircraft,15,"[550.0, 733.0, 695.0, 800.0]",67.0,small,m3-f0-i2656-p250420,0.0095,"[530.42, 734.03, 682.86, 800.0]",0.7963
i3801-gt,3801,0,mar20-airport-proxy-018,aircraft,aircraft,9,"[8.0, 158.0, 89.0, 237.0]",79.0,small,m3-f0-i3801-p369507,0.0095,"[7.4, 155.1, 89.09, 237.67]",0.9487
i1548-gt,1548,2,mar20-airport-proxy-044,aircraft,aircraft,7,"[370.0, 199.0, 540.0, 344.0]",145.0,medium,m3-f2-i1548-p150784,0.0094,"[374.27, 195.21, 539.79, 341.5]",0.9332
i4350-gt,4350,2,mar20-airport-proxy-015,aircraft,aircraft,22,"[63.0, 398.0, 190.0, 455.0]",57.0,small,m3-f2-i4350-p395846,0.0094,"[65.67, 396.7, 183.54, 456.42]",0.8888
i4265-gt,4265,1,mar20-airport-proxy-042,aircraft,aircraft,22,"[167.0, 681.0, 278.0, 800.0]",111.0,medium,m3-f1-i4265-p465243,0.0092,"[167.58, 679.44, 277.73, 799.46]",0.9753
i1548-gt,1548,2,mar20-airport-proxy-044,aircraft,aircraft,7,"[277.0, 643.0, 445.0, 788.0]",145.0,medium,m3-f2-i1548-p150795,0.0091,"[285.64, 638.96, 447.95, 789.16]",0.9015
i3710-gt,3710,0,mar20-airport-proxy-018,aircraft,aircraft,20,"[30.0, 254.0, 131.0, 347.0]",93.0,small,m3-f0-i3710-p347601,0.0091,"[30.18, 253.3, 130.96, 349.83]",0.9614
i1870-gt,1870,1,mar20-airport-proxy-043,aircraft,aircraft,22,"[388.0, 528.0, 459.0, 628.0]",71.0,small,m3-f1-i1870-p195231,0.0091,"[385.03, 525.88, 461.06, 622.56]",0.8678
i3347-gt,3347,0,mar20-airport-proxy-041,aircraft,aircraft,4,"[147.0, 351.0, 230.0, 424.0]",73.0,small,m3-f0-i3347-p311618,0.009,"[143.46, 350.34, 230.76, 421.53]",0.9119
i4350-gt,4350,2,mar20-airport-proxy-015,aircraft,aircraft,22,"[407.0, 518.0, 532.0, 576.0]",58.0,small,m3-f2-i4350-p395868,0.0089,"[407.03, 516.24, 523.44, 575.95]",0.9048
i2532-gt,2532,2,mar20-airport-proxy-044,aircraft,aircraft,7,"[292.0, 161.0, 461.0, 316.0]",155.0,medium,m3-f2-i2532-p246456,0.0089,"[301.17, 165.67, 462.89, 314.79]",0.9002
i3328-gt,3328,2,mar20-airport-proxy-015,aircraft,aircraft,23,"[378.0, 86.0, 435.0, 159.0]",57.0,small,m3-f2-i3328-p321258,0.0087,"[378.27, 77.15, 437.35, 159.57]",0.847
i2618-gt,2618,0,mar20-airport-proxy-055,aircraft,aircraft,7,"[383.0, 485.0, 528.0, 641.0]",145.0,medium,m3-f0-i2618-p246191,0.0087,"[384.81, 485.06, 528.47, 645.41]",0.9572
i3280-gt,3280,0,mar20-airport-proxy-045,aircraft,aircraft,10,"[237.0, 613.0, 404.0, 800.0]",167.0,medium,m3-f0-i3280-p306110,0.0087,"[230.57, 615.87, 404.59, 800.0]",0.9455
i1832-gt,1832,0,mar20-airport-proxy-048,aircraft,aircraft,17,"[497.0, 185.0, 610.0, 300.0]",113.0,medium,m3-f0-i1832-p180381,0.0087,"[494.68, 181.54, 610.01, 300.49]",0.9473
i3726-gt,3726,0,mar20-airport-proxy-036,aircraft,aircraft,8,"[607.0, 53.0, 674.0, 104.0]",51.0,small,m3-f0-i3726-p350995,0.0086,"[611.11, 59.55, 674.83, 107.35]",0.7624
i3824-gt,3824,1,mar20-airport-proxy-017,aircraft,aircraft,4,"[407.0, 193.0, 505.0, 268.0]",75.0,small,m3-f1-i3824-p413051,0.0086,"[405.66, 194.31, 505.27, 266.63]",0.9492
i3663-gt,3663,2,mar20-airport-proxy-044,aircraft,aircraft,7,"[300.0, 652.0, 471.0, 793.0]",141.0,medium,m3-f2-i3663-p354210,0.0086,"[297.07, 654.69, 470.12, 800.0]",0.9146
i1502-gt,1502,0,mar20-airport-proxy-036,aircraft,aircraft,8,"[372.0, 633.0, 437.0, 717.0]",65.0,small,m3-f0-i1502-p148730,0.0086,"[376.64, 639.48, 429.61, 713.65]",0.7197
i1832-gt,1832,0,mar20-airport-proxy-048,aircraft,aircraft,17,"[294.0, 551.0, 417.0, 682.0]",123.0,medium,m3-f0-i1832-p180394,0.0085,"[293.95, 548.83, 418.55, 681.64]",0.9684
i1725-gt,1725,1,mar20-airport-proxy-014,aircraft,aircraft,22,"[193.0, 370.0, 260.0, 421.0]",51.0,small,m3-f1-i1725-p178143,0.0085,"[186.43, 370.26, 259.93, 422.07]",0.887
i2618-gt,2618,0,mar20-airport-proxy-055,aircraft,aircraft,7,"[94.0, 425.0, 234.0, 583.0]",140.0,medium,m3-f0-i2618-p246204,0.0084,"[93.16, 426.81, 234.77, 593.51]",0.9166
i1302-gt,1302,0,mar20-airport-proxy-041,aircraft,aircraft,20,"[20.0, 333.0, 137.0, 445.0]",112.0,medium,m3-f0-i1302-p128932,0.0084,"[0.0, 310.55, 148.1, 443.36]",0.6501
i2536-gt,2536,0,mar20-airport-proxy-033,aircraft,aircraft,19,"[466.0, 208.0, 548.0, 317.0]",82.0,small,m3-f0-i2536-p239572,0.0084,"[470.63, 216.97, 548.12, 309.59]",0.8008
i3409-gt,3409,0,mar20-airport-proxy-033,aircraft,aircraft,23,"[58.0, 380.0, 150.0, 499.0]",92.0,small,m3-f0-i3409-p317689,0.0083,"[46.44, 372.95, 149.46, 501.27]",0.8193
i3719-gt,3719,2,mar20-airport-proxy-015,aircraft,aircraft,4,"[125.0, 667.0, 179.0, 742.0]",54.0,small,m3-f2-i3719-p357599,0.0083,"[126.1, 666.75, 178.78, 741.85]",0.9705
i3347-gt,3347,0,mar20-airport-proxy-041,aircraft,aircraft,4,"[229.0, 409.0, 314.0, 475.0]",66.0,small,m3-f0-i3347-p311656,0.0083,"[241.31, 399.56, 313.77, 470.75]",0.7109
i4175-gt,4175,0,mar20-airport-proxy-026,aircraft,aircraft,4,"[498.0, 461.0, 604.0, 572.0]",106.0,medium,m3-f0-i4175-p418974,0.0083,"[495.95, 464.79, 598.58, 571.14]",0.8926
i2532-gt,2532,2,mar20-airport-proxy-044,aircraft,aircraft,7,"[317.0, 14.0, 490.0, 168.0]",154.0,medium,m3-f2-i2532-p246494,0.0082,"[317.97, 12.16, 498.44, 161.28]",0.8979
i1497-gt,1497,2,mar20-airport-proxy-009,aircraft,aircraft,10,"[388.0, 376.0, 426.0, 416.0]",38.0,small,m3-f2-i1497-p145496,0.0082,"[384.5, 378.82, 438.01, 414.39]",0.6524
i2387-gt,2387,0,mar20-airport-proxy-041,aircraft,aircraft,20,"[503.0, 609.0, 580.0, 691.0]",77.0,small,m3-f0-i2387-p227965,0.008,"[497.29, 600.34, 581.62, 689.5]",0.812
i3347-gt,3347,0,mar20-airport-proxy-041,aircraft,aircraft,4,"[504.0, 288.0, 576.0, 358.0]",70.0,small,m3-f0-i3347-p311697,0.0079,"[503.47, 288.21, 573.88, 357.89]",0.959
i3801-gt,3801,0,mar20-airport-proxy-018,aircraft,aircraft,9,"[174.0, 256.0, 255.0, 335.0]",79.0,small,m3-f0-i3801-p369571,0.0079,"[174.95, 250.71, 257.08, 337.57]",0.8772
i2465-gt,2465,0,mar20-airport-proxy-041,aircraft,aircraft,20,"[587.0, 262.0, 715.0, 404.0]",128.0,medium,m3-f0-i2465-p233303,0.0079,"[578.17, 258.45, 717.14, 398.19]",0.8646
i2250-gt,2250,0,mar20-airport-proxy-036,aircraft,aircraft,8,"[370.0, 47.0, 447.0, 149.0]",77.0,small,m3-f0-i2250-p215989,0.0078,"[363.75, 63.77, 442.5, 149.12]",0.736
i2924-gt,2924,0,mar20-airport-proxy-036,aircraft,aircraft,16,"[319.0, 352.0, 423.0, 444.0]",92.0,small,m3-f0-i2924-p275912,0.0077,"[324.1, 352.86, 422.78, 444.02]",0.9398
i1548-gt,1548,2,mar20-airport-proxy-044,aircraft,aircraft,7,"[338.0, 340.0, 504.0, 492.0]",152.0,medium,m3-f2-i1548-p150881,0.0076,"[338.72, 350.2, 510.5, 495.12]",0.8782
i2324-gt,2324,2,mar20-airport-proxy-009,aircraft,aircraft,10,"[408.0, 488.0, 505.0, 592.0]",97.0,medium,m3-f2-i2324-p225521,0.0075,"[400.81, 499.63, 497.63, 587.87]",0.7375
i2584-gt,2584,0,mar20-airport-proxy-026,aircraft,aircraft,4,"[125.0, 233.0, 219.0, 313.0]",80.0,small,m3-f0-i2584-p242944,0.0075,"[132.18, 230.79, 220.56, 319.6]",0.8245
i3663-gt,3663,2,mar20-airport-proxy-044,aircraft,aircraft,7,"[388.0, 205.0, 564.0, 357.0]",152.0,medium,m3-f2-i3663-p354276,0.0074,"[397.8, 209.47, 560.01, 354.98]",0.8823
i3663-gt,3663,2,mar20-airport-proxy-044,aircraft,aircraft,7,"[332.0, 505.0, 496.0, 654.0]",149.0,medium,m3-f2-i3663-p354284,0.0073,"[337.3, 506.98, 501.76, 650.83]",0.9036
i3663-gt,3663,2,mar20-airport-proxy-044,aircraft,aircraft,7,"[365.0, 350.0, 530.0, 505.0]",155.0,medium,m3-f2-i3663-p354295,0.0071,"[363.48, 359.13, 528.71, 503.37]",0.9154
i2064-gt,2064,2,mar20-airport-proxy-056,aircraft,aircraft,8,"[572.0, 345.0, 660.0, 452.0]",88.0,small,m3-f2-i2064-p201874,0.007,"[572.44, 349.07, 660.38, 451.71]",0.9506
i1641-gt,1641,0,mar20-airport-proxy-045,aircraft,aircraft,14,"[560.0, 144.0, 706.0, 283.0]",139.0,medium,m3-f0-i1641-p160799,0.007,"[558.11, 141.46, 705.18, 281.98]",0.9571
i4320-gt,4320,1,mar20-airport-proxy-017,aircraft,aircraft,17,"[461.0, 281.0, 562.0, 382.0]",101.0,medium,m3-f1-i4320-p470692,0.007,"[457.03, 275.78, 562.5, 383.59]",0.8971
i2618-gt,2618,0,mar20-airport-proxy-055,aircraft,aircraft,7,"[271.0, 91.0, 426.0, 254.0]",155.0,medium,m3-f0-i2618-p246285,0.0069,"[272.71, 89.75, 428.08, 257.71]",0.9474
i2618-gt,2618,0,mar20-airport-proxy-055,aircraft,aircraft,7,"[243.0, 458.0, 382.0, 618.0]",139.0,medium,m3-f0-i2618-p246295,0.0068,"[240.77, 456.35, 383.84, 619.43]",0.9532
i3381-gt,3381,2,mar20-airport-proxy-051,aircraft,aircraft,16,"[55.0, 399.0, 251.0, 684.0]",196.0,medium,m3-f2-i3381-p326905,0.0068,"[56.64, 398.05, 249.22, 685.55]",0.9741
i1869-gt,1869,2,mar20-airport-proxy-015,aircraft,aircraft,4,"[108.0, 2.0, 204.0, 67.0]",65.0,small,m3-f2-i1869-p182631,0.0067,"[104.59, 0.71, 203.81, 66.63]",0.9398
i2050-gt,2050,0,mar20-airport-proxy-045,aircraft,aircraft,14,"[125.0, 339.0, 255.0, 472.0]",130.0,medium,m3-f0-i2050-p198846,0.0064,"[127.69, 342.48, 252.98, 471.58]",0.9355
i3873-gt,3873,2,mar20-airport-proxy-040,aircraft,aircraft,4,"[258.0, 303.0, 369.0, 383.0]",80.0,small,m3-f2-i3873-p363836,0.0058,"[258.92, 301.46, 363.56, 379.41]",0.8844
i3691-gt,3691,2,mar20-airport-proxy-040,aircraft,aircraft,4,"[318.0, 214.0, 403.0, 334.0]",85.0,small,m3-f2-i3691-p356313,0.0053,"[319.58, 214.7, 402.29, 334.13]",0.9664
i1709-gt,1709,2,mar20-airport-proxy-005,aircraft,aircraft,19,"[231.0, 531.0, 355.0, 621.0]",90.0,small,m3-f2-i1709-p169176,0.005,"[223.78, 525.32, 369.97, 624.68]",0.7683
i3691-gt,3691,2,mar20-airport-proxy-040,aircraft,aircraft,4,"[494.0, 239.0, 574.0, 355.0]",80.0,small,m3-f2-i3691-p356368,0.0049,"[491.36, 245.65, 573.49, 356.69]",0.8953
i3691-gt,3691,2,mar20-airport-proxy-040,aircraft,aircraft,4,"[408.0, 221.0, 494.0, 345.0]",86.0,small,m3-f2-i3691-p356370,0.0049,"[411.67, 231.98, 492.24, 345.36]",0.8515
