gt_uid,annotation_uid,image_id,fold,source_group,coarse,class_name,category_id,gt_bbox_xyxy,gt_short_edge,size_bin,m3_proposal_uid,m3_score,m3_bbox_xyxy,iou
ann_573fa700b00e,ann_573fa700b00e,4467,1,site_N22.33-E120.62,vehicle,vehicle,24,"[595.0, 173.0, 633.0, 227.0]",38.0,small,m3-f1-i4467-p482409,0.812,"[598.19, 175.31, 628.76, 225.47]",0.7471
ann_c9f9393da6de,ann_c9f9393da6de,4426,0,site_N24.15-E120.73,vehicle,vehicle,24,"[672.0, 236.0, 715.0, 283.0]",43.0,small,m3-f0-i4426-p446702,0.7778,"[671.7, 238.06, 716.09, 281.37]",0.895
ann_2dd9e74b3690,ann_2dd9e74b3690,4431,0,site_N24.95-E121.51,vehicle,vehicle,24,"[0.0, 437.0, 45.0, 479.0]",42.0,small,m3-f0-i4431-p447604,0.7749,"[1.62, 437.04, 44.06, 478.78]",0.9373
ann_6cdf8cd9b2d2,ann_6cdf8cd9b2d2,4445,2,site_N35.84-E139.41,vehicle,vehicle,24,"[460.0, 143.0, 490.0, 166.0]",23.0,tiny,m3-f2-i4445-p405303,0.3804,"[461.33, 143.18, 486.8, 164.97]",0.8044
ann_faa9030d8438,ann_faa9030d8438,4421,2,site_N23.00-E120.33,vehicle,vehicle,24,"[110.0, 671.0, 148.0, 705.0]",34.0,small,m3-f2-i4421-p403502,0.3364,"[114.26, 668.82, 141.72, 705.79]",0.6796
ann_778302d05a3f,ann_778302d05a3f,4458,1,site_N31.32-E31.05,vehicle,vehicle,24,"[463.0, 795.0, 509.0, 860.0]",46.0,small,m3-f1-i4458-p480605,0.3152,"[459.89, 794.5, 508.67, 854.32]",0.8469
ann_7edc21259eee,ann_7edc21259eee,4466,1,site_N22.33-E120.62,vehicle,vehicle,24,"[448.0, 51.0, 501.0, 107.0]",53.0,small,m3-f1-i4466-p482164,0.1848,"[442.42, 46.27, 499.77, 102.27]",0.7528
ann_ba870ab8b6f4,ann_ba870ab8b6f4,4478,0,site_N24.21-E120.59,vehicle,vehicle,24,"[409.0, 631.0, 439.0, 685.0]",30.0,tiny,m3-f0-i4478-p451811,0.1539,"[407.99, 632.51, 449.82, 694.64]",0.5955
ann_955243385180,ann_955243385180,4462,0,site_N36.03-E128.13,vehicle,vehicle,24,"[360.0, 104.0, 408.0, 183.0]",48.0,small,m3-f0-i4462-p449102,0.1311,"[362.56, 97.56, 398.57, 167.21]",0.5657
ann_9e477b5ec144,ann_9e477b5ec144,4481,2,site_N25.20-E121.42,vehicle,vehicle,24,"[234.0, 506.0, 267.0, 545.0]",33.0,small,m3-f2-i4481-p408004,0.1276,"[235.44, 505.3, 267.74, 539.72]",0.7975
ann_30f55834a0e1,ann_30f55834a0e1,4451,1,site_N35.89-E126.62,vehicle,vehicle,24,"[688.0, 49.0, 737.0, 140.0]",49.0,small,m3-f1-i4451-p479704,0.1222,"[690.22, 51.83, 737.13, 133.62]",0.8562
ann_e15646c8038c,ann_e15646c8038c,4464,0,site_N36.03-E128.13,vehicle,vehicle,24,"[845.0, 565.0, 890.0, 605.0]",40.0,small,m3-f0-i4464-p449728,0.1152,"[842.65, 545.86, 884.4, 633.64]",0.4053
ann_77df154f4f63,ann_77df154f4f63,4477,0,site_N24.21-E120.59,vehicle,vehicle,24,"[-0.0, 210.0, 24.0, 255.0]",24.0,tiny,m3-f0-i4477-p451519,0.1065,"[0.0, 204.08, 23.99, 244.16]",0.6707
ann_4570c70c314c,ann_4570c70c314c,4451,1,site_N35.89-E126.62,vehicle,vehicle,24,"[607.0, 293.0, 650.0, 359.0]",43.0,small,m3-f1-i4451-p479706,0.0789,"[607.56, 288.61, 650.16, 353.87]",0.8513
ann_ded9bfdd6b9c,ann_ded9bfdd6b9c,4450,1,site_N35.89-E126.62,vehicle,vehicle,24,"[728.0, 770.0, 819.0, 818.0]",48.0,small,m3-f1-i4450-p479415,0.0748,"[722.6, 771.6, 818.12, 819.22]",0.8831
ann_791be30f51aa,ann_791be30f51aa,4419,2,site_N23.00-E120.33,vehicle,vehicle,24,"[342.0, 322.0, 369.0, 346.0]",24.0,tiny,m3-f2-i4419-p402952,0.0739,"[341.58, 320.41, 372.97, 345.8]",0.8008
ann_f4d111ffce01,ann_f4d111ffce01,4445,2,site_N35.84-E139.41,vehicle,vehicle,24,"[126.0, 220.0, 144.0, 232.0]",12.0,tiny,m3-f2-i4445-p405311,0.0667,"[127.81, 223.21, 144.78, 234.46]",0.538
ann_67fd78bbb3d6,ann_67fd78bbb3d6,4434,0,site_N25.02-E121.33,vehicle,vehicle,24,"[562.0, 266.0, 590.0, 332.0]",28.0,tiny,m3-f0-i4434-p448539,0.0644,"[563.5, 282.6, 585.23, 332.64]",0.5765
ann_b3f4fbd05837,ann_b3f4fbd05837,4434,0,site_N25.02-E121.33,vehicle,vehicle,24,"[543.0, 265.0, 570.0, 331.0]",27.0,tiny,m3-f0-i4434-p448545,0.0577,"[543.47, 284.56, 570.1, 332.43]",0.6751
ann_ecd5fbb43585,ann_ecd5fbb43585,4449,1,site_N35.89-E126.62,vehicle,vehicle,24,"[159.0, 761.0, 244.0, 804.0]",43.0,small,m3-f1-i4449-p479145,0.0559,"[159.44, 768.07, 235.63, 801.66]",0.7002
ann_dd162252eb9d,ann_dd162252eb9d,4469,1,site_N23.66-E119.55,vehicle,vehicle,24,"[378.0, 331.0, 413.0, 413.0]",35.0,small,m3-f1-i4469-p483028,0.0523,"[381.61, 332.56, 408.09, 407.92]",0.6953
ann_a69c66b4f0e9,ann_a69c66b4f0e9,4434,0,site_N25.02-E121.33,vehicle,vehicle,24,"[609.0, 325.0, 630.0, 364.0]",21.0,tiny,m3-f0-i4434-p448562,0.0497,"[610.3, 327.05, 633.35, 360.69]",0.7114
ann_a2095c6391c8,ann_a2095c6391c8,4477,0,site_N24.21-E120.59,vehicle,vehicle,24,"[539.0, 124.0, 592.0, 162.0]",38.0,small,m3-f0-i4477-p451540,0.0475,"[543.0, 123.27, 574.09, 168.31]",0.5291
ann_bd5d7705b3a9,ann_bd5d7705b3a9,4469,1,site_N23.66-E119.55,vehicle,vehicle,24,"[366.0, 610.0, 388.0, 642.0]",22.0,tiny,m3-f1-i4469-p483042,0.0452,"[366.13, 609.21, 386.65, 642.36]",0.9023
ann_b30edbdacca0,ann_b30edbdacca0,4434,0,site_N25.02-E121.33,vehicle,vehicle,24,"[523.0, 258.0, 551.0, 324.0]",28.0,tiny,m3-f0-i4434-p448618,0.0375,"[525.17, 273.33, 554.12, 318.62]",0.588
ann_a646efd4c301,ann_a646efd4c301,4450,1,site_N35.89-E126.62,vehicle,vehicle,24,"[326.0, 44.0, 375.0, 134.0]",49.0,small,m3-f1-i4450-p479447,0.0359,"[326.23, 42.19, 380.42, 135.9]",0.861
ann_287d6c8eb184,ann_287d6c8eb184,4451,1,site_N35.89-E126.62,vehicle,vehicle,24,"[438.0, 88.0, 490.0, 185.0]",52.0,small,m3-f1-i4451-p479725,0.0351,"[446.17, 87.7, 491.62, 179.27]",0.7684
ann_e17add10ca72,ann_e17add10ca72,4463,0,site_N36.03-E128.13,vehicle,vehicle,24,"[368.0, 201.0, 405.0, 267.0]",37.0,small,m3-f0-i4463-p449415,0.0324,"[368.67, 200.91, 403.88, 262.27]",0.8824
ann_179ad55c0173,ann_179ad55c0173,4451,1,site_N35.89-E126.62,vehicle,vehicle,24,"[767.0, 480.0, 810.0, 546.0]",43.0,small,m3-f1-i4451-p479734,0.0321,"[766.65, 473.73, 818.01, 541.41]",0.7188
ann_eb9b4fb5be25,ann_eb9b4fb5be25,4451,1,site_N35.89-E126.62,vehicle,vehicle,24,"[479.0, 292.0, 528.0, 382.0]",49.0,small,m3-f1-i4451-p479736,0.0316,"[482.23, 297.89, 521.48, 382.38]",0.746
ann_c052edf4bbad,ann_c052edf4bbad,4469,1,site_N23.66-E119.55,vehicle,vehicle,24,"[452.0, 105.0, 479.0, 141.0]",27.0,tiny,m3-f1-i4469-p483096,0.0313,"[452.37, 104.81, 476.63, 137.77]",0.8142
ann_43cb5b0a23f3,ann_43cb5b0a23f3,4450,1,site_N35.89-E126.62,vehicle,vehicle,24,"[614.0, 232.0, 657.0, 298.0]",43.0,small,m3-f1-i4450-p479471,0.0307,"[610.13, 224.84, 662.53, 296.36]",0.7247
ann_f35cf0bebac2,ann_f35cf0bebac2,4434,0,site_N25.02-E121.33,vehicle,vehicle,24,"[579.0, 270.0, 607.0, 336.0]",28.0,tiny,m3-f0-i4434-p448678,0.0295,"[573.76, 282.58, 604.85, 337.05]",0.6392
ann_f3a930817d0a,ann_f3a930817d0a,4450,1,site_N35.89-E126.62,vehicle,vehicle,24,"[733.0, 813.0, 776.0, 879.0]",43.0,small,m3-f1-i4450-p479491,0.0266,"[730.43, 816.31, 777.78, 877.34]",0.8456
ann_edf96fb9ac6f,ann_edf96fb9ac6f,4469,1,site_N23.66-E119.55,vehicle,vehicle,24,"[184.0, 839.0, 239.0, 856.0]",17.0,tiny,m3-f1-i4469-p483133,0.0266,"[188.42, 838.94, 231.26, 855.59]",0.7582
ann_38434e293be1,ann_38434e293be1,4450,1,site_N35.89-E126.62,vehicle,vehicle,24,"[790.0, 799.0, 833.0, 865.0]",43.0,small,m3-f1-i4450-p479497,0.026,"[789.01, 800.05, 828.18, 860.2]",0.7925
ann_e422a772dd72,ann_e422a772dd72,4434,0,site_N25.02-E121.33,vehicle,vehicle,24,"[506.0, 252.0, 535.0, 318.0]",29.0,tiny,m3-f0-i4434-p448691,0.0259,"[511.3, 269.98, 546.9, 314.94]",0.435
ann_e0c3edb586b9,ann_e0c3edb586b9,4468,1,site_N22.33-E120.62,vehicle,vehicle,24,"[546.0, 667.0, 579.0, 703.0]",33.0,small,m3-f1-i4468-p482915,0.0251,"[544.83, 664.21, 587.21, 731.5]",0.4166
ann_e92c6fbc2a87,ann_e92c6fbc2a87,4445,2,site_N35.84-E139.41,vehicle,vehicle,24,"[75.0, 228.0, 101.0, 243.0]",15.0,tiny,m3-f2-i4445-p405330,0.025,"[77.24, 234.39, 98.65, 246.63]",0.3943
ann_e0eed6cc74bb,ann_e0eed6cc74bb,4466,1,site_N22.33-E120.62,vehicle,vehicle,24,"[24.0, 355.0, 81.0, 405.0]",50.0,small,m3-f1-i4466-p482374,0.024,"[28.36, 359.34, 78.04, 411.47]",0.7155
ann_39a30e24cf99,ann_39a30e24cf99,4450,1,site_N35.89-E126.62,vehicle,vehicle,24,"[291.0, 285.0, 334.0, 352.0]",43.0,small,m3-f1-i4450-p479507,0.024,"[290.27, 288.89, 333.75, 352.72]",0.9122
ann_f99c32986cb8,ann_f99c32986cb8,4462,0,site_N36.03-E128.13,vehicle,vehicle,24,"[715.0, 125.0, 752.0, 191.0]",37.0,small,m3-f0-i4462-p449133,0.0237,"[715.51, 127.74, 749.62, 189.98]",0.8694
ann_f37b9b53d284,ann_f37b9b53d284,4435,0,site_N25.02-E121.33,vehicle,vehicle,24,"[289.0, 204.0, 319.0, 224.0]",20.0,tiny,m3-f0-i4435-p449038,0.0224,"[284.89, 201.89, 318.92, 224.38]",0.78
ann_8ebec2367e58,ann_8ebec2367e58,4477,0,site_N24.21-E120.59,vehicle,vehicle,24,"[545.0, 546.0, 595.0, 591.0]",45.0,small,m3-f0-i4477-p451642,0.0219,"[543.71, 551.84, 593.59, 591.61]",0.8163
ann_599cb9eee9e6,ann_599cb9eee9e6,4447,2,site_N35.84-E139.41,vehicle,vehicle,24,"[168.0, 97.0, 208.0, 180.0]",40.0,small,m3-f2-i4447-p406046,0.0205,"[169.65, 113.49, 195.54, 184.24]",0.502
ann_05e65e20fde2,ann_05e65e20fde2,4451,1,site_N35.89-E126.62,vehicle,vehicle,24,"[642.0, 472.0, 690.0, 566.0]",48.0,small,m3-f1-i4451-p479793,0.0199,"[645.25, 472.22, 693.32, 560.49]",0.822
ann_7b0388f750a0,ann_7b0388f750a0,4460,1,site_N26.20-E127.66,vehicle,vehicle,24,"[342.0, 382.0, 363.0, 408.0]",21.0,tiny,m3-f1-i4460-p481359,0.017,"[340.41, 374.32, 364.91, 409.67]",0.6305
ann_fe095898185b,ann_fe095898185b,4460,1,site_N26.20-E127.66,vehicle,vehicle,24,"[303.0, 367.0, 337.0, 414.0]",34.0,small,m3-f1-i4460-p481361,0.0167,"[285.36, 356.85, 340.43, 410.44]",0.4807
ann_9e1e20222507,ann_9e1e20222507,4451,1,site_N35.89-E126.62,vehicle,vehicle,24,"[730.0, 276.0, 773.0, 342.0]",43.0,small,m3-f1-i4451-p479821,0.0153,"[723.61, 251.34, 774.04, 334.89]",0.5604
ann_10a15dbccf57,ann_10a15dbccf57,4481,2,site_N25.20-E121.42,vehicle,vehicle,24,"[69.0, 779.0, 113.0, 807.0]",28.0,tiny,m3-f2-i4481-p408028,0.0146,"[59.52, 762.96, 115.82, 805.01]",0.4661
ann_735200e7c9f3,ann_735200e7c9f3,4445,2,site_N35.84-E139.41,vehicle,vehicle,24,"[331.0, 527.0, 356.0, 567.0]",25.0,tiny,m3-f2-i4445-p405377,0.0145,"[330.57, 526.89, 356.24, 568.19]",0.9432
ann_c10e75b3ec9e,ann_c10e75b3ec9e,4450,1,site_N35.89-E126.62,vehicle,vehicle,24,"[489.0, 224.0, 537.0, 318.0]",48.0,small,m3-f1-i4450-p479612,0.0141,"[485.76, 222.72, 543.44, 312.53]",0.7808
ann_874c78cbbf48,ann_874c78cbbf48,4450,1,site_N35.89-E126.62,vehicle,vehicle,24,"[454.0, 45.0, 497.0, 111.0]",43.0,small,m3-f1-i4450-p479630,0.0134,"[452.09, 34.8, 497.13, 95.5]",0.6385
ann_13b57d8f16fa,ann_13b57d8f16fa,4451,1,site_N35.89-E126.62,vehicle,vehicle,24,"[568.0, 99.0, 610.0, 172.0]",42.0,small,m3-f1-i4451-p479846,0.0127,"[562.9, 73.94, 611.32, 144.36]",0.4168
ann_4b37817559ce,ann_4b37817559ce,4445,2,site_N35.84-E139.41,vehicle,vehicle,24,"[401.0, 492.0, 426.0, 532.0]",25.0,tiny,m3-f2-i4445-p405409,0.012,"[400.23, 490.25, 425.33, 531.91]",0.9036
ann_c10946890335,ann_c10946890335,4463,0,site_N36.03-E128.13,vehicle,vehicle,24,"[13.0, 180.0, 61.0, 259.0]",48.0,small,m3-f0-i4463-p449573,0.0095,"[9.98, 175.62, 46.6, 245.38]",0.5293
ann_c5def6d50ec2,ann_c5def6d50ec2,651,0,scene_L00000000225,ship,ship,3,"[110.0, 387.0, 210.0, 651.0]",100.0,medium,m3-f0-i651-p061800,0.9321,"[112.8, 385.28, 200.46, 652.77]",0.8665
ann_4253ff511bdd,ann_4253ff511bdd,4398,2,scene_L1A0001690055,ship,ship,2,"[82.0, 62.0, 378.0, 261.0]",199.0,medium,m3-f2-i4398-p399600,0.9243,"[82.08, 73.58, 340.23, 264.74]",0.8081
ann_6c0c09806808,ann_6c0c09806808,4393,2,scene_L1A0001690055,ship,ship,2,"[384.0, 457.0, 573.0, 692.0]",189.0,medium,m3-f2-i4393-p398101,0.8994,"[377.44, 460.94, 582.71, 689.06]",0.8959
ann_f7072b69110e,ann_f7072b69110e,8,0,scene_L00000010882,ship,ship,2,"[350.0, 25.0, 464.0, 171.0]",114.0,medium,m3-f0-i8-p001802,0.8921,"[352.04, 24.46, 467.47, 168.9]",0.9364
ann_1a5f21824c55,ann_1a5f21824c55,43,1,scene_L00000010815,ship,ship,3,"[220.0, 135.0, 497.0, 349.0]",214.0,medium,m3-f1-i43-p003900,0.8901,"[220.72, 138.8, 521.28, 386.64]",0.7672
ann_a22a53b9c02e,ann_a22a53b9c02e,850,0,scene_L00000000683,ship,ship,3,"[441.0, 263.0, 558.0, 430.0]",117.0,medium,m3-f0-i850-p092100,0.8853,"[444.11, 266.58, 556.64, 424.34]",0.9086
ann_3c3bc4e78aa3,ann_3c3bc4e78aa3,439,2,scene_L00000101101,ship,ship,2,"[517.0, 5.0, 656.0, 170.0]",139.0,medium,m3-f2-i439-p052803,0.8726,"[514.02, 2.82, 655.15, 166.44]",0.9401
ann_ff005a7571b8,ann_ff005a7571b8,441,2,scene_L00000101101,ship,ship,2,"[618.0, 608.0, 757.0, 773.0]",139.0,medium,m3-f2-i441-p053401,0.8628,"[614.15, 608.94, 756.79, 771.6]",0.9581
ann_867647b5af5e,ann_867647b5af5e,1146,2,scene_L1A0003117760,ship,ship,2,"[785.0, 654.0, 868.0, 865.0]",83.0,small,m3-f2-i1146-p110103,0.856,"[788.43, 654.66, 867.89, 866.89]",0.9464
ann_a8082992c89b,ann_a8082992c89b,1286,0,scene_L1A0003910727,ship,ship,2,"[534.0, 417.0, 655.0, 663.0]",121.0,medium,m3-f0-i1286-p125400,0.8525,"[532.29, 415.56, 655.14, 654.94]",0.9476
ann_ee1619213f96,ann_ee1619213f96,158,0,scene_L00000012443,ship,ship,2,"[497.0, 333.0, 630.0, 441.0]",108.0,medium,m3-f0-i158-p024300,0.8467,"[502.1, 335.13, 622.47, 435.4]",0.8403
ann_cefd69489515,ann_cefd69489515,37,1,scene_L00000010574,ship,ship,3,"[174.0, 196.0, 456.0, 419.0]",223.0,medium,m3-f1-i37-p002400,0.8247,"[170.35, 208.18, 475.5, 452.3]",0.7629
ann_ecc6a9eb11c8,ann_ecc6a9eb11c8,1288,0,scene_L1A0003910727,ship,ship,2,"[28.0, 45.0, 169.0, 291.0]",141.0,medium,m3-f0-i1288-p126001,0.8232,"[32.75, 47.73, 161.54, 287.83]",0.8914
ann_c357ec96be7d,ann_c357ec96be7d,1251,2,scene_L1A0002115142,ship,ship,2,"[796.0, 113.0, 850.0, 249.0]",54.0,small,m3-f2-i1251-p124204,0.8174,"[794.15, 130.32, 850.0, 250.06]",0.8407
ann_3d7605efb6b4,ann_3d7605efb6b4,1287,0,scene_L1A0003910727,ship,ship,2,"[194.0, 507.0, 335.0, 753.0]",141.0,medium,m3-f0-i1287-p125700,0.8135,"[199.86, 509.91, 325.02, 753.38]",0.8759
ann_7b6d35c9edcd,ann_7b6d35c9edcd,1281,0,scene_L1A0003883169,ship,ship,2,"[305.0, 155.0, 445.0, 385.0]",140.0,medium,m3-f0-i1281-p123900,0.8101,"[291.19, 151.32, 456.85, 382.58]",0.8244
ann_d9caf57e1857,ann_d9caf57e1857,109,0,scene_L00000012466,ship,ship,2,"[83.0, 606.0, 219.0, 732.0]",126.0,medium,m3-f0-i109-p011404,0.8018,"[83.54, 606.74, 222.44, 736.33]",0.9339
ann_a23bed094bb1,ann_a23bed094bb1,927,0,scene_L00000001337,ship,ship,3,"[0.0, 348.0, 211.0, 530.0]",182.0,medium,m3-f0-i927-p097802,0.7246,"[0.21, 331.26, 219.69, 530.76]",0.8754
ann_a0b4c9f2aed6,ann_a0b4c9f2aed6,6,0,scene_L00000010882,ship,ship,1,"[369.0, 224.0, 596.0, 487.0]",227.0,medium,m3-f0-i6-p001203,0.7061,"[371.11, 220.82, 591.73, 492.88]",0.9404
ann_ee966f5d4e78,ann_ee966f5d4e78,4413,0,scene_L1A0000704021,ship,ship,2,"[655.0, 207.0, 719.0, 550.0]",64.0,small,m3-f0-i4413-p444903,0.6738,"[657.03, 192.95, 718.63, 557.56]",0.9075
ann_652a9dd4faca,ann_652a9dd4faca,4413,0,scene_L1A0000704021,ship,ship,2,"[702.0, 189.0, 794.0, 555.0]",92.0,small,m3-f0-i4413-p444904,0.6362,"[701.74, 188.55, 777.17, 560.32]",0.8043
ann_da85e97d4a52,ann_da85e97d4a52,192,0,scene_L00000012443,ship,ship,3,"[696.0, 198.0, 761.0, 394.0]",65.0,small,m3-f0-i192-p034500,0.561,"[700.94, 207.56, 771.28, 404.13]",0.7286
ann_8dd0885344ac,ann_8dd0885344ac,1289,0,scene_L1A0004005129,ship,ship,2,"[335.0, 576.0, 675.0, 746.0]",170.0,medium,m3-f0-i1289-p126301,0.5562,"[327.17, 570.21, 678.54, 743.62]",0.9231
ann_bfb1a006d17e,ann_bfb1a006d17e,713,1,scene_L00000000227,ship,ship,2,"[4.0, 170.0, 248.0, 416.0]",244.0,medium,m3-f1-i713-p057901,0.5547,"[3.3, 140.9, 240.96, 428.07]",0.833
ann_0c07a1a3f4ec,ann_0c07a1a3f4ec,1191,1,scene_L1A0002233573,ship,ship,2,"[243.0, 425.0, 326.0, 471.0]",46.0,small,m3-f1-i1191-p130204,0.5215,"[239.66, 426.54, 316.19, 473.02]",0.7897
ann_c132224e1a20,ann_c132224e1a20,4395,2,scene_L1A0001690055,ship,ship,2,"[1158.0, 347.0, 1216.0, 414.0]",58.0,small,m3-f2-i4395-p398716,0.5093,"[1168.11, 344.78, 1216.0, 424.12]",0.7167
ann_2490efaf3e17,ann_2490efaf3e17,742,0,scene_L00000000285,ship,ship,2,"[344.0, 463.0, 497.0, 594.0]",131.0,medium,m3-f0-i742-p070802,0.5078,"[345.62, 464.93, 490.38, 597.89]",0.9068
ann_8649c666c4f6,ann_8649c666c4f6,1279,2,scene_L1A0003513249,ship,ship,3,"[602.0, 276.0, 681.0, 356.0]",79.0,small,m3-f2-i1279-p126301,0.4973,"[601.79, 274.87, 680.33, 355.8]",0.9728
ann_2fcfb23a7fc9,ann_2fcfb23a7fc9,608,2,scene_L00000100050,ship,ship,2,"[116.0, 158.0, 262.0, 223.0]",65.0,small,m3-f2-i608-p076201,0.4907,"[107.1, 167.27, 259.87, 213.92]",0.6777
ann_811a77ba68c5,ann_811a77ba68c5,229,2,scene_L00000012444,ship,ship,2,"[389.0, 391.0, 475.0, 567.0]",86.0,small,m3-f2-i229-p014403,0.4753,"[388.73, 391.86, 471.9, 565.18]",0.9463
ann_fcd2ba8c9bdd,ann_fcd2ba8c9bdd,4413,0,scene_L1A0000704021,ship,ship,2,"[582.0, 212.0, 653.0, 498.0]",71.0,small,m3-f0-i4413-p444907,0.4517,"[577.22, 181.59, 657.52, 505.02]",0.7819
ann_ab49fd6aa9cf,ann_ab49fd6aa9cf,1265,0,scene_L1A0002135991,ship,ship,1,"[257.0, 92.0, 471.0, 278.0]",186.0,medium,m3-f0-i1265-p120005,0.426,"[255.58, 95.71, 460.23, 278.54]",0.9222
ann_e908dbbc0c86,ann_e908dbbc0c86,434,2,scene_L00000101101,ship,ship,2,"[210.0, 810.0, 306.0, 879.0]",69.0,small,m3-f2-i434-p051305,0.354,"[191.85, 801.74, 314.17, 879.0]",0.7009
ann_6acc54b30f3f,ann_6acc54b30f3f,423,2,scene_L00000101101,ship,ship,2,"[107.0, 457.0, 257.0, 508.0]",51.0,small,m3-f2-i423-p048001,0.3525,"[104.24, 444.13, 259.13, 513.71]",0.7098
ann_c2a3b1073bf2,ann_c2a3b1073bf2,731,1,scene_L00000000227,ship,ship,3,"[99.0, 528.0, 291.0, 628.0]",100.0,medium,m3-f1-i731-p063303,0.3357,"[98.3, 536.07, 291.61, 628.52]",0.9089
ann_83daeaf52aeb,ann_83daeaf52aeb,233,1,scene_L00000012445,ship,ship,3,"[469.0, 391.0, 500.0, 484.0]",31.0,tiny,m3-f1-i233-p012300,0.3269,"[465.84, 385.74, 508.03, 484.01]",0.6953
ann_dc1102daf099,ann_dc1102daf099,926,0,scene_L00000001337,ship,ship,3,"[435.0, 299.0, 637.0, 496.0]",197.0,medium,m3-f0-i926-p097502,0.2898,"[432.97, 302.5, 641.18, 509.57]",0.892
ann_df9056983a17,ann_df9056983a17,747,0,scene_L00000000285,ship,ship,2,"[210.0, 281.0, 319.0, 365.0]",84.0,small,m3-f0-i747-p072302,0.2693,"[211.19, 273.2, 316.26, 376.64]",0.7881
ann_67f604a8cc66,ann_67f604a8cc66,1222,2,scene_L1A0003133739,ship,ship,3,"[479.0, 377.0, 581.0, 585.0]",102.0,medium,m3-f2-i1222-p118804,0.2306,"[478.75, 374.79, 584.1, 572.5]",0.9022
ann_0ae45a691abd,ann_0ae45a691abd,4387,0,scene_L1A0000600031,ship,ship,2,"[541.0, 249.0, 684.0, 404.0]",143.0,medium,m3-f0-i4387-p441001,0.2158,"[539.21, 249.93, 682.2, 405.11]",0.9626
ann_c6cc47359a1c,ann_c6cc47359a1c,1216,2,scene_L1A0003133739,ship,ship,3,"[50.0, 315.0, 128.0, 473.0]",78.0,small,m3-f2-i1216-p117006,0.1943,"[46.94, 321.45, 120.85, 464.43]",0.7938
ann_f0bf5c3c968c,ann_f0bf5c3c968c,4395,2,scene_L1A0001690055,ship,ship,2,"[9.0, 348.0, 237.0, 454.0]",106.0,medium,m3-f2-i4395-p398742,0.1919,"[2.52, 374.62, 233.49, 479.19]",0.5843
ann_c2579554fa80,ann_c2579554fa80,4407,0,scene_L1A0000704021,ship,ship,2,"[597.0, 481.0, 671.0, 798.0]",74.0,small,m3-f0-i4407-p443105,0.1884,"[594.2, 474.35, 674.38, 794.24]",0.894
ann_ca26a6bdf5ac,ann_ca26a6bdf5ac,4392,2,scene_L1A0001690055,ship,ship,2,"[274.0, 536.0, 463.0, 625.0]",89.0,small,m3-f2-i4392-p397813,0.1837,"[295.95, 543.31, 461.92, 622.95]",0.7858
ann_ead1766dcc4b,ann_ead1766dcc4b,116,0,scene_L00000012440,ship,ship,3,"[815.0, 66.0, 847.0, 200.0]",32.0,tiny,m3-f0-i116-p013204,0.1697,"[804.87, 67.72, 846.95, 183.11]",0.6755
ann_50f62edb8693,ann_50f62edb8693,708,1,scene_L00000000227,ship,ship,2,"[0.0, 97.0, 30.0, 239.0]",30.0,tiny,m3-f1-i708-p056406,0.1687,"[0.0, 109.26, 29.62, 281.42]",0.6966
ann_fa16380b7020,ann_fa16380b7020,4391,0,scene_L1A0000600031,ship,ship,2,"[311.0, 344.0, 451.0, 494.0]",140.0,medium,m3-f0-i4391-p442201,0.1646,"[300.43, 338.66, 445.03, 493.28]",0.8568
ann_7262483a4a6c,ann_7262483a4a6c,444,0,scene_L00000101102,ship,ship,2,"[112.0, 0.0, 269.0, 31.0]",31.0,tiny,m3-f0-i444-p046208,0.1592,"[69.43, 0.05, 253.05, 27.14]",0.6346
ann_db9eb283dceb,ann_db9eb283dceb,1100,1,scene_L1A0001910573,ship,ship,3,"[180.0, 664.0, 226.0, 791.0]",46.0,small,m3-f1-i1100-p113720,0.151,"[182.76, 662.1, 222.65, 793.04]",0.8444
ann_b16d6e237d96,ann_b16d6e237d96,1208,2,scene_L1A0004517353,ship,ship,2,"[0.0, 408.0, 32.0, 439.0]",31.0,tiny,m3-f2-i1208-p114617,0.1449,"[0.0, 401.65, 24.24, 441.32]",0.625
ann_7c0869f22649,ann_7c0869f22649,4407,0,scene_L1A0000704021,ship,ship,2,"[672.0, 499.0, 747.0, 838.0]",75.0,small,m3-f0-i4407-p443106,0.135,"[673.44, 484.45, 735.73, 848.95]",0.7817
ann_211c4d64763c,ann_211c4d64763c,4379,0,scene_L1A0000600031,ship,ship,2,"[43.0, 121.0, 180.0, 285.0]",137.0,medium,m3-f0-i4379-p438602,0.1302,"[31.7, 122.66, 177.7, 277.24]",0.8599
ann_5452a3ad75f9,ann_5452a3ad75f9,1275,0,scene_L1A0002135991,ship,ship,2,"[623.0, 798.0, 733.0, 879.0]",81.0,small,m3-f0-i1275-p123014,0.1279,"[617.62, 790.8, 740.37, 877.93]",0.8131
ann_fd53a323a1bb,ann_fd53a323a1bb,566,2,scene_L00000100047,ship,ship,3,"[242.0, 404.0, 394.0, 720.0]",152.0,medium,m3-f2-i566-p063607,0.1239,"[241.61, 383.08, 395.34, 717.98]",0.9215
ann_5f457c8d5ac0,ann_5f457c8d5ac0,31,1,scene_L00000011028,ship,ship,3,"[257.0, 557.0, 308.0, 697.0]",51.0,small,m3-f1-i31-p001809,0.1204,"[261.08, 555.49, 315.1, 694.26]",0.7857
ann_9760de487319,ann_9760de487319,1288,0,scene_L1A0003910727,ship,ship,2,"[413.0, 558.0, 557.0, 788.0]",144.0,medium,m3-f0-i1288-p126004,0.1163,"[395.43, 561.03, 565.75, 788.53]",0.8341
ann_a0c7baa9464f,ann_a0c7baa9464f,456,0,scene_L00000101102,ship,ship,3,"[-0.0, 586.0, 119.0, 783.0]",119.0,medium,m3-f0-i456-p049840,0.1101,"[0.0, 547.97, 153.62, 822.0]",0.5569
ann_1956b8b6fa5b,ann_1956b8b6fa5b,770,0,scene_L00000000286,ship,ship,2,"[624.0, 684.0, 746.0, 866.0]",122.0,medium,m3-f0-i770-p079201,0.108,"[636.5, 690.99, 749.61, 865.95]",0.839
ann_72161a32d554,ann_72161a32d554,799,0,scene_L00000000286,ship,ship,2,"[224.0, 649.0, 454.0, 798.0]",149.0,medium,m3-f0-i799-p087902,0.1076,"[232.91, 650.3, 458.67, 810.77]",0.8629
ann_71f0a287da51,ann_71f0a287da51,426,2,scene_L00000101101,ship,ship,3,"[0.0, 277.0, 22.0, 410.0]",22.0,tiny,m3-f2-i426-p048917,0.0953,"[0.0, 274.44, 23.65, 453.36]",0.6916
ann_e6dd0e80421d,ann_e6dd0e80421d,4395,2,scene_L1A0001690055,ship,ship,2,"[14.0, 394.0, 232.0, 495.0]",101.0,medium,m3-f2-i4395-p398779,0.0887,"[0.0, 398.0, 220.88, 480.16]",0.7336
ann_183b458f973d,ann_183b458f973d,31,1,scene_L00000011028,ship,ship,3,"[396.0, 522.0, 474.0, 629.0]",78.0,small,m3-f1-i31-p001814,0.088,"[393.18, 522.01, 454.86, 641.71]",0.6677
ann_51c78ee402e9,ann_51c78ee402e9,1246,0,scene_L1A0001053752,ship,ship,3,"[309.0, 370.0, 443.0, 481.0]",111.0,medium,m3-f0-i1246-p117051,0.088,"[290.29, 353.05, 478.04, 508.93]",0.5082
ann_dc707c6bed76,ann_dc707c6bed76,4393,2,scene_L1A0001690055,ship,ship,2,"[621.0, 266.0, 800.0, 338.0]",72.0,small,m3-f2-i4393-p398179,0.0859,"[629.15, 262.08, 798.97, 354.71]",0.746
ann_c0e508a242ee,ann_c0e508a242ee,717,1,scene_L00000000227,ship,ship,2,"[502.0, 192.0, 573.0, 330.0]",71.0,small,m3-f1-i717-p059121,0.0828,"[502.51, 199.04, 573.29, 327.1]",0.9177
ann_72fcf7daf2c2,ann_72fcf7daf2c2,441,2,scene_L00000101101,ship,ship,2,"[523.0, 802.0, 786.0, 820.0]",18.0,tiny,m3-f2-i441-p053416,0.082,"[471.36, 801.43, 787.47, 820.0]",0.8063
ann_c8111e617f65,ann_c8111e617f65,1280,2,scene_L1A0003513249,ship,ship,3,"[680.0, 463.0, 749.0, 601.0]",69.0,small,m3-f2-i1280-p126608,0.0812,"[685.84, 472.08, 743.16, 600.07]",0.7704
ann_8bd8b950f5fe,ann_8bd8b950f5fe,1143,2,scene_L1A0003117760,ship,ship,2,"[671.0, 0.0, 819.0, 69.0]",69.0,small,m3-f2-i1143-p109227,0.0779,"[657.76, 0.35, 888.42, 65.81]",0.6201
ann_2cb24a99e6b5,ann_2cb24a99e6b5,10,0,scene_L00000010882,ship,ship,3,"[-0.0, 829.0, 138.0, 884.0]",55.0,small,m3-f0-i10-p002421,0.0739,"[0.49, 795.54, 126.52, 884.0]",0.5871
ann_5fc2acf11298,ann_5fc2acf11298,39,1,scene_L00000010574,ship,ship,1,"[624.0, 297.0, 760.0, 582.0]",136.0,medium,m3-f1-i39-p003025,0.0718,"[631.3, 298.23, 765.16, 587.96]",0.8903
ann_8a53ddf98eda,ann_8a53ddf98eda,1154,2,scene_L1A0003826486,ship,ship,2,"[806.0, -0.0, 841.0, 97.0]",35.0,small,m3-f2-i1154-p111908,0.0692,"[808.21, 1.46, 840.94, 63.11]",0.5942
ann_4fcd1522fd61,ann_4fcd1522fd61,4398,2,scene_L1A0001690055,ship,ship,2,"[563.0, 773.0, 623.0, 866.0]",60.0,small,m3-f2-i4398-p399662,0.0666,"[557.37, 770.66, 621.54, 870.12]",0.8352
ann_ce61644a224c,ann_ce61644a224c,775,0,scene_L00000000286,ship,ship,2,"[684.0, 187.0, 876.0, 280.0]",93.0,small,m3-f0-i775-p080749,0.0632,"[678.39, 187.35, 875.59, 283.05]",0.9354
ann_d7ce736b02ab,ann_d7ce736b02ab,1161,0,scene_L1A0004327310,ship,ship,3,"[115.0, 107.0, 264.0, 155.0]",48.0,small,m3-f0-i1161-p113171,0.0609,"[110.78, 104.45, 266.07, 160.69]",0.8189
ann_cae7b15b62aa,ann_cae7b15b62aa,4392,2,scene_L1A0001690055,ship,ship,2,"[257.0, 569.0, 440.0, 652.0]",83.0,small,m3-f2-i4392-p397851,0.0608,"[240.88, 562.89, 459.3, 647.89]",0.7473
ann_c7fe7a6a5b21,ann_c7fe7a6a5b21,4,0,scene_L00000010882,ship,ship,3,"[257.0, 509.0, 362.0, 609.0]",100.0,medium,m3-f0-i4-p000631,0.0582,"[253.14, 501.11, 373.63, 608.88]",0.8069
ann_dd2e40587101,ann_dd2e40587101,31,1,scene_L00000011028,ship,ship,3,"[218.0, 563.0, 281.0, 659.0]",63.0,small,m3-f1-i31-p001829,0.058,"[211.15, 564.82, 285.1, 670.32]",0.7495
ann_7f5452740c01,ann_7f5452740c01,1222,2,scene_L1A0003133739,ship,ship,3,"[0.0, 0.0, 56.0, 73.0]",56.0,small,m3-f2-i1222-p118909,0.0578,"[0.05, 0.96, 60.14, 73.87]",0.9081
ann_7d65780c19dc,ann_7d65780c19dc,572,2,scene_L00000100047,ship,ship,3,"[377.0, 849.0, 486.0, 884.0]",35.0,small,m3-f2-i572-p065402,0.057,"[374.56, 854.62, 531.89, 884.0]",0.6117
ann_872e3c14251a,ann_872e3c14251a,206,0,scene_L00000012443,ship,ship,3,"[199.0, 192.0, 255.0, 332.0]",56.0,small,m3-f0-i206-p038716,0.0565,"[203.18, 199.37, 260.16, 333.94]",0.796
ann_d3a71c22375d,ann_d3a71c22375d,4388,0,scene_L1A0000600031,ship,ship,1,"[65.0, 436.0, 313.0, 688.0]",248.0,medium,m3-f0-i4388-p441355,0.0563,"[81.5, 438.15, 316.77, 657.47]",0.8018
ann_7892a8a91efb,ann_7892a8a91efb,393,2,scene_L00000100998,ship,ship,3,"[775.0, 0.0, 820.0, 67.0]",45.0,small,m3-f2-i393-p039320,0.0555,"[780.25, 0.18, 819.71, 86.91]",0.6939
ann_a34767c31bc0,ann_a34767c31bc0,4364,1,scene_L1A0003325477,ship,ship,1,"[218.0, 660.0, 512.0, 789.0]",129.0,medium,m3-f1-i4364-p475834,0.0551,"[214.25, 607.57, 507.71, 801.38]",0.6508
ann_0ae9a2a282d9,ann_0ae9a2a282d9,1213,2,scene_L1A0003133739,ship,ship,2,"[300.0, 340.0, 451.0, 484.0]",144.0,medium,m3-f2-i1213-p116164,0.0538,"[256.54, 292.64, 458.31, 466.18]",0.5053
ann_e160fccddc9c,ann_e160fccddc9c,739,1,scene_L00000000284,ship,ship,2,"[6.0, 551.0, 65.0, 636.0]",59.0,small,m3-f1-i739-p065737,0.0534,"[0.39, 551.07, 76.38, 643.16]",0.7157
ann_5675a2d125ae,ann_5675a2d125ae,556,2,scene_L00000100047,ship,ship,3,"[-0.0, 562.0, 14.0, 822.0]",14.0,tiny,m3-f2-i556-p060637,0.0511,"[0.0, 555.68, 20.01, 798.22]",0.6378
ann_311b4ad3f0e7,ann_311b4ad3f0e7,4412,0,scene_L1A0000704021,ship,ship,2,"[379.0, 129.0, 575.0, 295.0]",166.0,medium,m3-f0-i4412-p444615,0.0487,"[362.81, 106.59, 569.9, 290.95]",0.7768
ann_3df8815d0df9,ann_3df8815d0df9,819,0,scene_L00000000456,ship,ship,3,"[759.0, 754.0, 831.0, 831.0]",72.0,small,m3-f0-i819-p091602,0.0484,"[743.63, 754.21, 831.0, 831.0]",0.8223
ann_1b7d4288e7df,ann_1b7d4288e7df,739,1,scene_L00000000284,ship,ship,2,"[434.0, 707.0, 510.0, 841.0]",76.0,small,m3-f1-i739-p065752,0.0476,"[437.37, 706.29, 505.88, 845.29]",0.8721
ann_91c30092c88d,ann_91c30092c88d,4366,1,scene_L1A0003325477,ship,ship,1,"[175.0, 717.0, 460.0, 853.0]",136.0,medium,m3-f1-i4366-p476442,0.0471,"[175.09, 674.07, 468.88, 858.84]",0.7136
ann_be54803a2cc8,ann_be54803a2cc8,913,2,scene_L00000001478,ship,ship,2,"[30.0, 165.0, 61.0, 264.0]",31.0,tiny,m3-f2-i913-p097804,0.0466,"[28.68, 165.64, 60.38, 263.42]",0.9289
ann_00153d185a2b,ann_00153d185a2b,41,1,scene_L00000010815,ship,ship,3,"[173.0, 128.0, 250.0, 328.0]",77.0,small,m3-f1-i41-p003312,0.0463,"[165.26, 118.66, 260.47, 328.9]",0.7694
ann_78d0e0ad4be1,ann_78d0e0ad4be1,501,1,scene_L00000099505,ship,ship,2,"[675.0, 792.0, 723.0, 888.0]",48.0,small,m3-f1-i501-p040317,0.0458,"[679.29, 789.55, 719.86, 880.21]",0.7602
ann_f3fdd8c2a66a,ann_f3fdd8c2a66a,947,1,scene_L00000001339,ship,ship,1,"[270.0, 531.0, 342.0, 816.0]",72.0,small,m3-f1-i947-p080409,0.0457,"[272.03, 546.16, 350.51, 818.0]",0.8219
ann_52c79d2ec83d,ann_52c79d2ec83d,1070,1,scene_L1A0004749016,ship,ship,3,"[805.0, 0.0, 897.0, 55.0]",55.0,small,m3-f1-i1070-p105964,0.0453,"[798.59, 0.0, 897.0, 70.76]",0.7266
ann_d91711a11c9f,ann_d91711a11c9f,211,0,scene_L00000012443,ship,ship,3,"[327.0, 782.0, 466.0, 866.0]",84.0,small,m3-f0-i211-p040224,0.0443,"[346.58, 785.13, 485.59, 866.0]",0.7283
ann_aef7c8c9bbf9,ann_aef7c8c9bbf9,188,0,scene_L00000012443,ship,ship,3,"[718.0, 11.0, 789.0, 147.0]",71.0,small,m3-f0-i188-p033329,0.0439,"[695.48, 0.1, 789.27, 144.85]",0.6922
ann_cdaf7b3a2114,ann_cdaf7b3a2114,812,0,scene_L00000000456,ship,ship,2,"[682.0, 275.0, 742.0, 364.0]",60.0,small,m3-f0-i812-p089544,0.0439,"[682.04, 280.54, 743.6, 364.45]",0.9097
ann_f917feebbe5d,ann_f917feebbe5d,231,2,scene_L00000012444,ship,ship,3,"[481.0, 0.0, 808.0, 12.0]",12.0,tiny,m3-f2-i231-p015068,0.0436,"[516.56, 0.08, 801.27, 19.63]",0.557
ann_dba0adf01514,ann_dba0adf01514,1104,1,scene_L1A0001910573,ship,ship,3,"[879.0, 0.0, 894.0, 338.0]",15.0,tiny,m3-f1-i1104-p114912,0.0435,"[874.26, 5.67, 893.66, 280.9]",0.6329
ann_a12e2857886d,ann_a12e2857886d,800,1,scene_L00000000287,ship,ship,3,"[774.0, 321.0, 859.0, 535.0]",85.0,small,m3-f1-i800-p066058,0.0426,"[766.13, 320.94, 869.0, 532.36]",0.8176
ann_14b64d88a42e,ann_14b64d88a42e,557,2,scene_L00000100047,ship,ship,3,"[674.0, 38.0, 718.0, 257.0]",44.0,small,m3-f2-i557-p060947,0.0422,"[669.67, 39.65, 735.65, 284.46]",0.5894
ann_3704ebe1e057,ann_3704ebe1e057,1275,0,scene_L1A0002135991,ship,ship,3,"[579.0, 75.0, 669.0, 240.0]",90.0,small,m3-f0-i1275-p123041,0.0406,"[567.03, 71.09, 675.08, 245.23]",0.7892
ann_c553144d0eb0,ann_c553144d0eb0,403,2,scene_L00000100998,ship,ship,1,"[127.0, 157.0, 402.0, 287.0]",130.0,medium,m3-f2-i403-p042306,0.0402,"[110.48, 158.92, 379.72, 287.09]",0.8543
ann_0601dc8c3237,ann_0601dc8c3237,4412,0,scene_L1A0000704021,ship,ship,2,"[353.0, 92.0, 550.0, 252.0]",160.0,medium,m3-f0-i4412-p444618,0.0393,"[343.3, 72.39, 538.07, 255.06]",0.7899
ann_a6165901d733,ann_a6165901d733,406,2,scene_L00000100998,ship,ship,3,"[810.0, 356.0, 879.0, 479.0]",69.0,small,m3-f2-i406-p043227,0.0389,"[800.51, 350.66, 878.82, 480.3]",0.8319
ann_9b7151ce5ea8,ann_9b7151ce5ea8,568,2,scene_L00000100047,ship,ship,3,"[484.0, 0.0, 844.0, 26.0]",26.0,tiny,m3-f2-i568-p064233,0.0383,"[448.99, 0.54, 811.24, 28.8]",0.7396
ann_1971edcb558d,ann_1971edcb558d,915,2,scene_L00000001478,ship,ship,2,"[55.0, 0.0, 96.0, 113.0]",41.0,small,m3-f2-i915-p098434,0.0379,"[56.42, 0.0, 96.01, 113.75]",0.9589
ann_5cc4e486e7a6,ann_5cc4e486e7a6,31,1,scene_L00000011028,ship,ship,3,"[376.0, 525.0, 452.0, 634.0]",76.0,small,m3-f1-i31-p001880,0.0372,"[355.95, 523.48, 452.32, 646.73]",0.6975
ann_d9099c6ae341,ann_d9099c6ae341,4409,0,scene_L1A0000704021,ship,ship,2,"[172.0, 573.0, 377.0, 741.0]",168.0,medium,m3-f0-i4409-p443727,0.0356,"[171.95, 547.37, 357.77, 729.83]",0.743
ann_61bb4798bde3,ann_61bb4798bde3,594,2,scene_L00000100050,ship,ship,3,"[362.0, 632.0, 602.0, 872.0]",240.0,medium,m3-f2-i594-p072052,0.0355,"[463.2, 643.04, 593.59, 872.0]",0.5183
ann_a779d720e6e0,ann_a779d720e6e0,1175,1,scene_L1A0001384774,ship,ship,3,"[542.0, 552.0, 566.0, 646.0]",24.0,tiny,m3-f1-i1175-p125444,0.0353,"[542.83, 553.14, 572.67, 647.17]",0.7391
ann_233eefb41460,ann_233eefb41460,4398,2,scene_L1A0001690055,ship,ship,2,"[-0.0, 686.0, 25.0, 821.0]",25.0,tiny,m3-f2-i4398-p399769,0.0351,"[0.11, 696.2, 18.3, 833.15]",0.6314
ann_f8d355168e7f,ann_f8d355168e7f,500,1,scene_L00000099505,ship,ship,3,"[61.0, 635.0, 146.0, 802.0]",85.0,small,m3-f1-i500-p040074,0.0349,"[62.9, 627.3, 152.44, 801.94]",0.8693
ann_c8e7cecf366c,ann_c8e7cecf366c,501,1,scene_L00000099505,ship,ship,3,"[249.0, 424.0, 334.0, 591.0]",85.0,small,m3-f1-i501-p040389,0.0342,"[249.94, 416.73, 345.65, 584.77]",0.8061
ann_1e7d8db7e1ac,ann_1e7d8db7e1ac,975,1,scene_L00000002699,ship,ship,3,"[422.0, 310.0, 576.0, 483.0]",154.0,medium,m3-f1-i975-p082871,0.0341,"[423.83, 310.98, 573.02, 477.34]",0.9315
ann_dd1c747409b9,ann_dd1c747409b9,1141,0,scene_L1A0001931206,ship,ship,2,"[354.0, 728.0, 456.0, 824.0]",96.0,medium,m3-f0-i1141-p110758,0.0337,"[349.13, 722.26, 455.55, 824.0]",0.8969
ann_88979c9c9908,ann_88979c9c9908,973,2,scene_L00000002698,ship,ship,3,"[781.0, 454.0, 829.0, 536.0]",48.0,small,m3-f2-i973-p101114,0.0335,"[780.18, 435.29, 837.72, 535.28]",0.6741
ann_507b5d696c10,ann_507b5d696c10,31,1,scene_L00000011028,ship,ship,3,"[333.0, 537.0, 387.0, 688.0]",54.0,small,m3-f1-i31-p001905,0.0323,"[332.12, 538.09, 369.04, 688.12]",0.6516
ann_e39a34e4f075,ann_e39a34e4f075,379,2,scene_L00000100998,ship,ship,3,"[728.0, 408.0, 814.0, 496.0]",86.0,small,m3-f2-i379-p035146,0.0323,"[733.54, 403.04, 813.06, 500.79]",0.8387
ann_2763e865e4c7,ann_2763e865e4c7,1193,1,scene_L1A0002233573,ship,ship,3,"[661.0, 429.0, 779.0, 519.0]",90.0,small,m3-f1-i1193-p130887,0.0322,"[663.45, 426.71, 773.4, 523.86]",0.8675
ann_11db5e5d7a99,ann_11db5e5d7a99,683,1,scene_L00000000227,ship,ship,3,"[-0.0, 322.0, 28.0, 535.0]",28.0,tiny,m3-f1-i683-p048938,0.0314,"[0.07, 283.31, 23.91, 531.95]",0.7268
ann_98eadf3ce59f,ann_98eadf3ce59f,4393,2,scene_L1A0001690055,ship,ship,2,"[420.0, 349.0, 585.0, 421.0]",72.0,small,m3-f2-i4393-p398337,0.0314,"[407.86, 361.4, 564.01, 419.85]",0.6686
ann_779a8541599d,ann_779a8541599d,703,1,scene_L00000000227,ship,ship,2,"[601.0, 93.0, 796.0, 351.0]",195.0,medium,m3-f1-i703-p054909,0.0312,"[620.75, 112.89, 785.5, 341.8]",0.7496
ann_b36debbbc3de,ann_b36debbbc3de,501,1,scene_L00000099505,ship,ship,3,"[383.0, 752.0, 458.0, 891.0]",75.0,small,m3-f1-i501-p040410,0.0311,"[394.68, 753.3, 454.55, 891.0]",0.7908
ann_8c5d52f519ef,ann_8c5d52f519ef,964,0,scene_L00000002689,ship,ship,3,"[363.0, 559.0, 459.0, 712.0]",96.0,medium,m3-f0-i964-p105431,0.03,"[353.47, 558.3, 461.71, 686.66]",0.7507
ann_08dc6b9c7ec0,ann_08dc6b9c7ec0,693,1,scene_L00000000227,ship,ship,3,"[408.0, 558.0, 492.0, 633.0]",75.0,small,m3-f1-i693-p052032,0.0299,"[366.43, 556.89, 493.78, 648.6]",0.5395
ann_1ea7ce14706e,ann_1ea7ce14706e,538,0,scene_L00000099680,ship,ship,3,"[0.0, 661.0, 16.0, 838.0]",16.0,tiny,m3-f0-i538-p055569,0.0296,"[0.3, 657.43, 14.86, 845.5]",0.8606
ann_534ece16b197,ann_534ece16b197,31,1,scene_L00000011028,ship,ship,3,"[70.0, 630.0, 98.0, 742.0]",28.0,tiny,m3-f1-i31-p001919,0.0295,"[69.39, 626.55, 109.76, 750.61]",0.6261
ann_996bd7b5654f,ann_996bd7b5654f,4407,0,scene_L1A0000704021,ship,ship,2,"[137.0, 483.0, 274.0, 744.0]",137.0,medium,m3-f0-i4407-p443158,0.0294,"[122.69, 461.41, 290.63, 751.62]",0.7337
ann_9fa8cd78e15f,ann_9fa8cd78e15f,191,0,scene_L00000012443,ship,ship,3,"[72.0, 435.0, 158.0, 574.0]",86.0,small,m3-f0-i191-p034270,0.029,"[66.54, 428.97, 169.55, 593.16]",0.7068
ann_873e9e2bb60f,ann_873e9e2bb60f,4394,2,scene_L1A0001690055,ship,ship,2,"[135.0, 250.0, 196.0, 357.0]",61.0,small,m3-f2-i4394-p398445,0.0284,"[132.26, 252.89, 195.99, 350.64]",0.8774
ann_9544d0af6bd0,ann_9544d0af6bd0,1224,2,scene_L1A0003133739,ship,ship,3,"[328.0, 92.0, 460.0, 140.0]",48.0,small,m3-f2-i1224-p119440,0.0282,"[330.88, 88.6, 463.54, 140.77]",0.8779
ann_609fc86e7a43,ann_609fc86e7a43,946,1,scene_L00000001339,ship,ship,2,"[104.0, 268.0, 135.0, 461.0]",31.0,tiny,m3-f1-i946-p080145,0.0272,"[96.93, 267.6, 141.72, 469.0]",0.6633
ann_fcf7fbb16df7,ann_fcf7fbb16df7,1242,0,scene_L1A0001053752,ship,ship,2,"[422.0, 181.0, 491.0, 373.0]",69.0,small,m3-f0-i1242-p115923,0.0271,"[421.31, 182.13, 494.78, 375.22]",0.9233
ann_8d34a9e22aa7,ann_8d34a9e22aa7,156,0,scene_L00000012443,ship,ship,1,"[320.0, 839.0, 470.0, 859.0]",20.0,tiny,m3-f0-i156-p023832,0.0269,"[332.4, 830.61, 474.17, 858.87]",0.6399
ann_85d5c6d23031,ann_85d5c6d23031,922,0,scene_L00000001337,ship,ship,3,"[0.0, 592.0, 229.0, 824.0]",229.0,medium,m3-f0-i922-p096390,0.0262,"[0.0, 565.44, 234.96, 822.16]",0.8677
ann_d6c4a4ff0920,ann_d6c4a4ff0920,929,0,scene_L00000001337,ship,ship,3,"[306.0, 596.0, 397.0, 711.0]",91.0,small,m3-f0-i929-p098592,0.0253,"[316.3, 599.67, 394.36, 709.57]",0.8196
ann_24650e9c8680,ann_24650e9c8680,195,0,scene_L00000012443,ship,ship,3,"[641.0, 14.0, 727.0, 153.0]",86.0,small,m3-f0-i195-p035478,0.0248,"[636.62, 6.84, 742.68, 173.61]",0.6758
ann_779ef3b36a77,ann_779ef3b36a77,31,1,scene_L00000011028,ship,ship,3,"[305.0, 549.0, 344.0, 694.0]",39.0,small,m3-f1-i31-p001954,0.0247,"[311.57, 547.73, 344.14, 692.28]",0.8128
ann_ff42ecb060f8,ann_ff42ecb060f8,946,1,scene_L00000001339,ship,ship,2,"[124.0, 281.0, 157.0, 473.0]",33.0,small,m3-f1-i946-p080154,0.0246,"[121.13, 269.57, 159.67, 474.69]",0.8016
ann_c75bf996d76b,ann_c75bf996d76b,946,1,scene_L00000001339,ship,ship,2,"[212.0, 765.0, 469.0, 872.0]",107.0,medium,m3-f1-i946-p080157,0.0242,"[205.44, 771.97, 465.17, 872.0]",0.8995
ann_9b802a93b992,ann_9b802a93b992,214,0,scene_L00000012443,ship,ship,3,"[208.0, 53.0, 258.0, 160.0]",50.0,small,m3-f0-i214-p041220,0.0237,"[209.75, 51.69, 258.39, 159.58]",0.9427
ann_0291ed691fc3,ann_0291ed691fc3,920,2,scene_L00000001478,ship,ship,3,"[96.0, 232.0, 195.0, 374.0]",99.0,medium,m3-f2-i920-p099945,0.0228,"[123.96, 228.25, 193.2, 368.44]",0.6598
ann_9468f87b1df7,ann_9468f87b1df7,10,0,scene_L00000010882,ship,ship,3,"[403.0, 534.0, 461.0, 684.0]",58.0,small,m3-f0-i10-p002526,0.0228,"[411.46, 535.72, 460.45, 684.1]",0.8345
ann_978426e5cb07,ann_978426e5cb07,453,0,scene_L00000101102,ship,ship,3,"[0.0, 852.0, 355.0, 868.0]",16.0,tiny,m3-f0-i453-p049010,0.0228,"[2.23, 846.54, 369.68, 868.0]",0.7125
ann_5422e530ab39,ann_5422e530ab39,717,1,scene_L00000000227,ship,ship,2,"[529.0, 333.0, 594.0, 471.0]",65.0,small,m3-f1-i717-p059244,0.0226,"[531.78, 345.17, 597.16, 473.66]",0.8206
ann_d071b986e5c1,ann_d071b986e5c1,7,0,scene_L00000010882,ship,ship,3,"[827.0, 494.0, 843.0, 584.0]",16.0,tiny,m3-f0-i7-p001624,0.0225,"[828.9, 489.78, 843.0, 601.02]",0.7294
ann_346e43b5fad9,ann_346e43b5fad9,1034,1,scene_L1A0004749016,ship,ship,3,"[373.0, 141.0, 550.0, 533.0]",177.0,medium,m3-f1-i1034-p095176,0.0221,"[375.04, 135.28, 553.71, 541.45]",0.9348
ann_de096b7ec6ee,ann_de096b7ec6ee,1095,2,scene_L1A0001219553,ship,ship,3,"[442.0, 272.0, 578.0, 309.0]",37.0,small,m3-f2-i1095-p105989,0.0217,"[434.03, 268.18, 586.07, 308.71]",0.8051
ann_403dee38dd0d,ann_403dee38dd0d,4385,0,scene_L1A0000600031,ship,ship,2,"[46.0, 485.0, 214.0, 652.0]",167.0,medium,m3-f0-i4385-p440474,0.0216,"[36.46, 480.19, 229.59, 652.46]",0.8433
ann_201ce9ebde85,ann_201ce9ebde85,301,2,scene_L00000012645,ship,ship,3,"[594.0, 250.0, 628.0, 353.0]",34.0,small,m3-f2-i301-p017438,0.0215,"[585.3, 252.43, 628.09, 353.85]",0.7733
ann_807998637fdb,ann_807998637fdb,31,1,scene_L00000011028,ship,ship,3,"[168.0, 584.0, 226.0, 678.0]",58.0,small,m3-f1-i31-p002002,0.0212,"[172.68, 589.57, 223.35, 678.84]",0.8155
ann_bdbf3881b15e,ann_bdbf3881b15e,31,1,scene_L00000011028,ship,ship,3,"[505.0, 482.0, 541.0, 596.0]",36.0,small,m3-f1-i31-p002007,0.0208,"[503.12, 477.99, 538.88, 597.28]",0.8568
ann_187784f0a986,ann_187784f0a986,1023,1,scene_L1A0004749016,ship,ship,3,"[-0.0, 0.0, 29.0, 24.0]",24.0,tiny,m3-f1-i1023-p091888,0.0208,"[0.0, 0.0, 23.19, 26.4]",0.7405
ann_ab6c5e486e70,ann_ab6c5e486e70,4367,2,scene_L1A0003102432,ship,ship,0,"[309.0, 524.0, 742.0, 648.0]",124.0,medium,m3-f2-i4367-p397031,0.0208,"[291.38, 522.47, 762.25, 648.14]",0.9074
ann_9836e3de5ae5,ann_9836e3de5ae5,921,2,scene_L00000001478,ship,ship,3,"[792.0, 248.0, 890.0, 414.0]",98.0,medium,m3-f2-i921-p100302,0.0197,"[788.48, 256.7, 873.14, 404.8]",0.7157
ann_d10044ceee97,ann_d10044ceee97,881,1,scene_L00000001223,ship,ship,3,"[722.0, 292.0, 872.0, 329.0]",37.0,small,m3-f1-i881-p078070,0.0196,"[720.53, 285.43, 872.0, 348.56]",0.5805
ann_c92fa200ceb4,ann_c92fa200ceb4,1282,0,scene_L1A0003883169,ship,ship,2,"[475.0, 585.0, 716.0, 743.0]",158.0,medium,m3-f0-i1282-p124252,0.0193,"[471.9, 579.01, 715.13, 736.49]",0.9093
ann_ccd79c792d19,ann_ccd79c792d19,307,2,scene_L00000012645,ship,ship,3,"[502.0, 663.0, 826.0, 836.0]",173.0,medium,m3-f2-i307-p019231,0.0192,"[542.53, 659.53, 838.87, 791.6]",0.6207
ann_ff809e422b03,ann_ff809e422b03,727,1,scene_L00000000227,ship,ship,3,"[95.0, 256.0, 292.0, 507.0]",197.0,medium,m3-f1-i727-p062226,0.0192,"[98.34, 260.23, 280.92, 501.93]",0.8925
ann_a86417749256,ann_a86417749256,553,2,scene_L00000100047,ship,ship,3,"[155.0, 260.0, 200.0, 373.0]",45.0,small,m3-f2-i553-p059773,0.0191,"[154.64, 270.87, 201.45, 366.37]",0.8172
ann_b3cb41c4e5f5,ann_b3cb41c4e5f5,4406,0,scene_L1A0003270052,ship,ship,3,"[371.0, 641.0, 553.0, 801.0]",160.0,medium,m3-f0-i4406-p442964,0.0189,"[357.45, 614.55, 534.29, 810.66]",0.6935
ann_a68e0b84078a,ann_a68e0b84078a,9,0,scene_L00000010882,ship,ship,3,"[417.0, 54.0, 589.0, 144.0]",90.0,small,m3-f0-i9-p002252,0.0185,"[415.52, 60.04, 578.71, 143.36]",0.8636
ann_305eddecec9c,ann_305eddecec9c,6,0,scene_L00000010882,ship,ship,2,"[-0.0, 0.0, 149.0, 106.0]",106.0,medium,m3-f0-i6-p001428,0.0185,"[0.45, 0.25, 134.67, 119.7]",0.8049
ann_63010b429bfa,ann_63010b429bfa,1235,2,scene_L1A0003133739,ship,ship,3,"[491.0, 291.0, 568.0, 470.0]",77.0,small,m3-f2-i1235-p122826,0.0182,"[487.04, 256.48, 567.08, 468.28]",0.7819
ann_42dcbc73366b,ann_42dcbc73366b,206,0,scene_L00000012443,ship,ship,3,"[143.0, 357.0, 205.0, 493.0]",62.0,small,m3-f0-i206-p038964,0.0181,"[142.28, 356.56, 205.32, 493.92]",0.9737
ann_a60dbd799a7f,ann_a60dbd799a7f,920,2,scene_L00000001478,ship,ship,3,"[28.0, 717.0, 126.0, 876.0]",98.0,medium,m3-f2-i920-p099967,0.018,"[22.96, 728.75, 94.13, 876.0]",0.5965
ann_7306a23d3cb1,ann_7306a23d3cb1,31,1,scene_L00000011028,ship,ship,3,"[88.0, 620.0, 114.0, 752.0]",26.0,tiny,m3-f1-i31-p002047,0.0179,"[75.88, 619.4, 120.92, 745.59]",0.5581
ann_76940e28491e,ann_76940e28491e,125,0,scene_L00000012440,ship,ship,3,"[409.0, 116.0, 632.0, 348.0]",223.0,medium,m3-f0-i125-p016058,0.0178,"[397.19, 129.47, 643.29, 371.42]",0.7791
ann_de77edfa8324,ann_de77edfa8324,123,0,scene_L00000012440,ship,ship,3,"[0.0, 489.0, 220.0, 721.0]",220.0,medium,m3-f0-i123-p015502,0.0176,"[1.45, 500.35, 213.36, 728.17]",0.8896
ann_56eec34b2a66,ann_56eec34b2a66,619,2,scene_L00000100050,ship,ship,3,"[713.0, 31.0, 772.0, 173.0]",59.0,small,m3-f2-i619-p079618,0.0172,"[690.46, 29.81, 776.88, 210.06]",0.5378
ann_95a960910c17,ann_95a960910c17,749,0,scene_L00000000285,ship,ship,3,"[99.0, 1.0, 177.0, 111.0]",78.0,small,m3-f0-i749-p073183,0.0172,"[113.59, 0.15, 191.16, 112.33]",0.6768
ann_fa2f3ddd8dd5,ann_fa2f3ddd8dd5,212,0,scene_L00000012443,ship,ship,3,"[314.0, 558.0, 415.0, 708.0]",101.0,medium,m3-f0-i212-p040755,0.0172,"[313.11, 556.14, 408.82, 701.28]",0.8791
ann_5f0697833d61,ann_5f0697833d61,397,2,scene_L00000100998,ship,ship,3,"[219.0, 354.0, 281.0, 478.0]",62.0,small,m3-f2-i397-p040680,0.0168,"[203.29, 347.83, 282.99, 491.68]",0.6706
ann_250cc93646f7,ann_250cc93646f7,494,1,scene_L00000099505,ship,ship,2,"[260.0, 267.0, 477.0, 388.0]",121.0,medium,m3-f1-i494-p038367,0.0167,"[259.89, 264.98, 476.57, 398.74]",0.9025
ann_5d665f4ea5de,ann_5d665f4ea5de,4390,0,scene_L1A0000600031,ship,ship,3,"[663.0, 445.0, 719.0, 544.0]",56.0,small,m3-f0-i4390-p442144,0.0167,"[663.45, 449.09, 718.52, 545.45]",0.9293
ann_2251af310513,ann_2251af310513,557,2,scene_L00000100047,ship,ship,3,"[583.0, 303.0, 646.0, 523.0]",63.0,small,m3-f2-i557-p061118,0.0165,"[578.95, 304.58, 654.35, 522.36]",0.8284
ann_2e120c9e2310,ann_2e120c9e2310,954,0,scene_L00000002680,ship,ship,3,"[432.0, 423.0, 577.0, 457.0]",34.0,small,m3-f0-i954-p103331,0.0164,"[434.39, 422.9, 560.43, 463.14]",0.7496
ann_b3ba3d5a0af2,ann_b3ba3d5a0af2,31,1,scene_L00000011028,ship,ship,3,"[480.0, 494.0, 524.0, 615.0]",44.0,small,m3-f1-i31-p002079,0.0163,"[476.48, 487.57, 528.19, 612.85]",0.7957
ann_f7ed56eb0ece,ann_f7ed56eb0ece,654,0,scene_L00000000225,ship,ship,3,"[746.0, 221.0, 888.0, 494.0]",142.0,medium,m3-f0-i654-p062806,0.0163,"[743.34, 222.19, 892.74, 495.02]",0.943
ann_145bd0222027,ann_145bd0222027,925,0,scene_L00000001337,ship,ship,3,"[251.0, 39.0, 450.0, 228.0]",189.0,medium,m3-f0-i925-p097381,0.0162,"[228.43, 34.52, 451.6, 234.14]",0.8442
ann_31bf9505ef08,ann_31bf9505ef08,851,2,scene_L00000000701,ship,ship,3,"[524.0, 224.0, 609.0, 419.0]",85.0,small,m3-f2-i851-p086116,0.016,"[546.15, 230.02, 601.95, 414.59]",0.6214
ann_ec895e8dbb43,ann_ec895e8dbb43,597,2,scene_L00000100050,ship,ship,3,"[612.0, 187.0, 704.0, 615.0]",92.0,small,m3-f2-i597-p073125,0.016,"[612.92, 179.5, 710.6, 612.92]",0.9038
ann_c4ee26bae9ee,ann_c4ee26bae9ee,31,1,scene_L00000011028,ship,ship,3,"[359.0, 536.0, 419.0, 658.0]",60.0,small,m3-f1-i31-p002096,0.0158,"[357.96, 528.2, 415.83, 659.87]",0.8659
ann_efce0b1b1018,ann_efce0b1b1018,731,1,scene_L00000000227,ship,ship,3,"[308.0, 24.0, 445.0, 138.0]",114.0,medium,m3-f1-i731-p063482,0.0158,"[315.22, 23.36, 446.52, 145.11]",0.8801
ann_309c744d05b0,ann_309c744d05b0,637,2,scene_L00000000254,ship,ship,3,"[275.0, 389.0, 507.0, 537.0]",148.0,medium,m3-f2-i637-p084642,0.0157,"[316.86, 404.83, 510.09, 518.28]",0.6219
ann_1c9da3c41f29,ann_1c9da3c41f29,210,0,scene_L00000012443,ship,ship,3,"[558.0, 93.0, 657.0, 254.0]",99.0,medium,m3-f0-i210-p040182,0.0152,"[557.04, 96.7, 661.67, 256.08]",0.9138
ann_56b1178ab4d9,ann_56b1178ab4d9,432,2,scene_L00000101101,ship,ship,3,"[530.0, 463.0, 619.0, 560.0]",89.0,small,m3-f2-i432-p050795,0.0152,"[530.18, 469.41, 618.72, 558.86]",0.9174
ann_26134cff8762,ann_26134cff8762,157,0,scene_L00000012443,ship,ship,2,"[693.0, 277.0, 750.0, 437.0]",57.0,small,m3-f0-i157-p024179,0.0151,"[690.81, 270.79, 748.34, 442.37]",0.8736
ann_a7c16b28af9f,ann_a7c16b28af9f,883,1,scene_L00000001223,ship,ship,3,"[726.0, 59.0, 858.0, 179.0]",120.0,medium,m3-f1-i883-p078755,0.0151,"[724.35, 75.52, 857.76, 181.22]",0.8361
ann_e313138b3ffd,ann_e313138b3ffd,978,2,scene_L00000002700,ship,ship,3,"[144.0, 154.0, 219.0, 206.0]",52.0,small,m3-f2-i978-p101846,0.0148,"[148.15, 150.41, 223.48, 212.92]",0.748
ann_654cbec62a40,ann_654cbec62a40,1250,2,scene_L1A0002115142,ship,ship,2,"[0.0, 796.0, 155.0, 807.0]",11.0,tiny,m3-f2-i1250-p124103,0.0148,"[1.18, 792.76, 136.14, 807.0]",0.6929
ann_be5319f13d49,ann_be5319f13d49,1095,2,scene_L1A0001219553,ship,ship,3,"[209.0, 771.0, 290.0, 826.0]",55.0,small,m3-f2-i1095-p106081,0.0147,"[211.24, 767.54, 288.83, 825.54]",0.8959
ann_ed9592fad054,ann_ed9592fad054,413,2,scene_L00000101101,ship,ship,2,"[341.0, 184.0, 503.0, 376.0]",162.0,medium,m3-f2-i413-p045196,0.0147,"[343.01, 167.32, 510.23, 457.94]",0.6271
ann_17f08687b2f5,ann_17f08687b2f5,1283,0,scene_L1A0003883169,ship,ship,2,"[21.0, 287.0, 136.0, 518.0]",115.0,medium,m3-f0-i1283-p124778,0.0145,"[19.52, 292.55, 137.38, 520.93]",0.941
ann_3334d537d337,ann_3334d537d337,885,1,scene_L00000001223,ship,ship,3,"[123.0, 745.0, 281.0, 781.0]",36.0,small,m3-f1-i885-p079387,0.0143,"[105.52, 731.14, 279.71, 784.79]",0.6007
ann_ebdb8d0310ee,ann_ebdb8d0310ee,682,1,scene_L00000000227,ship,ship,3,"[22.0, 559.0, 81.0, 682.0]",59.0,small,m3-f1-i682-p048845,0.0142,"[24.39, 556.15, 73.54, 681.58]",0.8145
ann_b8320f8a280a,ann_b8320f8a280a,4407,0,scene_L1A0000704021,ship,ship,2,"[719.0, 487.0, 786.0, 843.0]",67.0,small,m3-f0-i4407-p443384,0.0141,"[719.1, 468.04, 781.82, 850.21]",0.8758
ann_dcf2f85f6d7b,ann_dcf2f85f6d7b,409,2,scene_L00000100998,ship,ship,3,"[307.0, 674.0, 487.0, 743.0]",69.0,small,m3-f2-i409-p044294,0.014,"[293.96, 692.05, 494.09, 729.35]",0.5098
ann_2c3041a6f785,ann_2c3041a6f785,476,1,scene_L00000099179,ship,ship,3,"[711.0, 347.0, 813.0, 401.0]",54.0,small,m3-f1-i476-p035517,0.0138,"[710.56, 340.74, 813.69, 406.93]",0.8069
ann_ada81280d9ae,ann_ada81280d9ae,340,2,scene_L00000012635,ship,ship,3,"[534.0, 401.0, 623.0, 550.0]",89.0,small,m3-f2-i340-p023842,0.0137,"[551.37, 404.82, 629.74, 520.6]",0.5906
ann_cf67a0a43c0c,ann_cf67a0a43c0c,583,2,scene_L00000100049,ship,ship,3,"[577.0, 734.0, 805.0, 893.0]",159.0,medium,m3-f2-i583-p068819,0.0136,"[612.36, 756.74, 835.28, 893.0]",0.6501
ann_9357f01c7e0b,ann_9357f01c7e0b,926,0,scene_L00000001337,ship,ship,3,"[647.0, 492.0, 838.0, 669.0]",177.0,medium,m3-f0-i926-p097730,0.0132,"[672.07, 503.33, 852.0, 677.33]",0.7306
ann_1d853d120ad7,ann_1d853d120ad7,462,0,scene_L00000101102,ship,ship,3,"[855.0, 279.0, 868.0, 424.0]",13.0,tiny,m3-f0-i462-p051830,0.0127,"[858.53, 270.24, 868.0, 398.98]",0.5772
ann_c34225cf6a8c,ann_c34225cf6a8c,924,0,scene_L00000001337,ship,ship,3,"[869.0, 0.0, 896.0, 102.0]",27.0,tiny,m3-f0-i924-p097179,0.0125,"[861.48, 0.0, 896.0, 75.96]",0.6168
ann_a450ffa06f89,ann_a450ffa06f89,1265,0,scene_L1A0002135991,ship,ship,1,"[315.0, 156.0, 537.0, 335.0]",179.0,medium,m3-f0-i1265-p120291,0.0125,"[310.16, 149.86, 532.13, 344.84]",0.8803
ann_f5db51f0b89b,ann_f5db51f0b89b,553,2,scene_L00000100047,ship,ship,3,"[669.0, 307.0, 704.0, 395.0]",35.0,small,m3-f2-i553-p059911,0.0125,"[669.02, 305.63, 705.67, 371.36]",0.6954
ann_e3efdf66ada3,ann_e3efdf66ada3,304,2,scene_L00000012645,ship,ship,3,"[495.0, 582.0, 819.0, 755.0]",173.0,medium,m3-f2-i304-p018404,0.0124,"[528.25, 588.03, 822.53, 713.14]",0.6439
ann_98074a7957a8,ann_98074a7957a8,562,2,scene_L00000100047,ship,ship,3,"[172.0, 96.0, 353.0, 330.0]",181.0,medium,m3-f2-i562-p062601,0.0122,"[166.11, 85.36, 353.32, 331.24]",0.9202
ann_a1d89ffc2e70,ann_a1d89ffc2e70,383,2,scene_L00000100998,ship,ship,3,"[155.0, 298.0, 298.0, 400.0]",102.0,medium,m3-f2-i383-p036474,0.0116,"[173.41, 311.09, 257.52, 399.41]",0.5093
ann_2998e9309cb1,ann_2998e9309cb1,379,2,scene_L00000100998,ship,ship,3,"[517.0, 366.0, 635.0, 475.0]",109.0,medium,m3-f2-i379-p035361,0.0115,"[534.53, 353.81, 641.94, 462.86]",0.6556
ann_ed9d96c17a69,ann_ed9d96c17a69,344,2,scene_L00000012635,ship,ship,3,"[205.0, 558.0, 266.0, 715.0]",61.0,small,m3-f2-i344-p025181,0.0114,"[205.87, 577.45, 264.0, 707.05]",0.7867
ann_de1d33233928,ann_de1d33233928,4403,2,scene_L1A0003949798,ship,ship,3,"[58.0, 263.0, 145.0, 328.0]",65.0,small,m3-f2-i4403-p401248,0.0113,"[59.01, 263.94, 145.55, 328.33]",0.9632
ann_7a3db164388a,ann_7a3db164388a,881,1,scene_L00000001223,ship,ship,3,"[544.0, 314.0, 706.0, 454.0]",140.0,medium,m3-f1-i881-p078223,0.0109,"[532.28, 312.52, 704.19, 462.4]",0.8619
ann_09effa36ae7a,ann_09effa36ae7a,370,2,scene_L00000100998,ship,ship,3,"[60.0, 729.0, 187.0, 829.0]",100.0,medium,m3-f2-i370-p032490,0.0104,"[63.34, 733.75, 184.52, 832.46]",0.8798
ann_41c279eb6766,ann_41c279eb6766,387,2,scene_L00000100998,ship,ship,3,"[0.0, 713.0, 130.0, 815.0]",102.0,medium,m3-f2-i387-p037666,0.0096,"[0.77, 711.01, 111.24, 784.89]",0.5891
ann_45ef1e0e049f,ann_45ef1e0e049f,878,2,scene_L00000001127,ship,ship,3,"[533.0, 623.0, 697.0, 701.0]",78.0,small,m3-f2-i878-p089309,0.0094,"[519.88, 642.74, 691.89, 702.73]",0.6682
ann_a684e8101ca0,ann_a684e8101ca0,619,2,scene_L00000100050,ship,ship,3,"[527.0, 604.0, 582.0, 749.0]",55.0,small,m3-f2-i619-p079786,0.0094,"[519.72, 572.84, 581.37, 734.71]",0.6552
ann_d63a1219c814,ann_d63a1219c814,1279,2,scene_L1A0003513249,ship,ship,3,"[576.0, 48.0, 657.0, 163.0]",81.0,small,m3-f2-i1279-p126462,0.0084,"[579.38, 49.03, 657.21, 162.26]",0.9412
ann_5e386701c0d6,ann_5e386701c0d6,365,2,scene_L00000100998,ship,ship,3,"[92.0, 634.0, 187.0, 700.0]",66.0,small,m3-f2-i365-p031162,0.0075,"[62.35, 649.55, 176.72, 696.25]",0.5169
ann_8e5cad339fd1,ann_8e5cad339fd1,4360,1,mar20-airport-proxy-042,aircraft,aircraft,22,"[437.0, 622.0, 568.0, 800.0]",131.0,medium,m3-f1-i4360-p475505,0.9531,"[437.5, 619.73, 568.75, 799.8]",0.977
ann_b9b4edfa3047,ann_b9b4edfa3047,1977,2,mar20-airport-proxy-044,aircraft,aircraft,7,"[23.0, 606.0, 248.0, 799.0]",193.0,medium,m3-f2-i1977-p193500,0.9521,"[27.05, 606.2, 249.51, 799.27]",0.9731
ann_32d7479fb228,ann_32d7479fb228,1755,1,mar20-airport-proxy-016,aircraft,aircraft,15,"[543.0, 630.0, 666.0, 778.0]",123.0,medium,m3-f1-i1755-p181800,0.9521,"[542.19, 629.49, 665.62, 779.88]",0.9747
ann_d50a3b9179d8,ann_d50a3b9179d8,3395,0,mar20-airport-proxy-041,aircraft,aircraft,15,"[554.0, 622.0, 699.0, 729.0]",107.0,medium,m3-f0-i3395-p316500,0.9502,"[552.25, 622.41, 699.32, 729.15]",0.9808
ann_dac5e82da79c,ann_dac5e82da79c,1841,0,mar20-airport-proxy-055,aircraft,aircraft,7,"[365.0, 581.0, 537.0, 770.0]",172.0,medium,m3-f0-i1841-p180900,0.9492,"[364.26, 582.03, 534.96, 771.09]",0.973
ann_b1e2cc6d2945,ann_b1e2cc6d2945,1841,0,mar20-airport-proxy-055,aircraft,aircraft,7,"[193.0, 587.0, 366.0, 773.0]",173.0,medium,m3-f0-i1841-p180901,0.9473,"[190.82, 587.11, 361.91, 776.17]",0.9479
ann_08ef28fea1ba,ann_08ef28fea1ba,2105,2,mar20-airport-proxy-021,aircraft,aircraft,15,"[398.0, 20.0, 460.0, 95.0]",62.0,small,m3-f2-i2105-p204900,0.9468,"[400.98, 22.49, 462.3, 95.87]",0.8787
ann_4f5695bcea12,ann_4f5695bcea12,3540,2,mar20-airport-proxy-004,aircraft,aircraft,6,"[55.0, 85.0, 211.0, 251.0]",156.0,medium,m3-f2-i3540-p343800,0.9424,"[55.32, 87.3, 214.79, 248.05]",0.9441
ann_ee99b3d33cde,ann_ee99b3d33cde,2483,2,mar20-airport-proxy-008,aircraft,aircraft,14,"[235.0, 234.0, 494.0, 500.0]",259.0,large,m3-f2-i2483-p240900,0.9424,"[235.45, 234.38, 494.24, 498.83]",0.9916
ann_8824e9aa16b6,ann_8824e9aa16b6,2418,2,mar20-airport-proxy-015,aircraft,aircraft,4,"[379.0, 436.0, 463.0, 495.0]",59.0,small,m3-f2-i2418-p233403,0.9419,"[378.88, 436.16, 464.09, 495.87]",0.9689
ann_6b0d6e4d31b5,ann_6b0d6e4d31b5,3716,0,mar20-airport-proxy-018,aircraft,aircraft,20,"[738.0, 262.0, 791.0, 313.0]",51.0,small,m3-f0-i3716-p348609,0.9409,"[739.87, 262.29, 789.82, 308.8]",0.8595
ann_e3bea849d64e,ann_e3bea849d64e,2383,0,mar20-airport-proxy-026,aircraft,aircraft,4,"[270.0, 418.0, 344.0, 513.0]",74.0,small,m3-f0-i2383-p227102,0.9409,"[270.07, 408.89, 345.95, 515.33]",0.8689
ann_8e5198de3f1b,ann_8e5198de3f1b,3136,2,mar20-airport-proxy-015,aircraft,aircraft,4,"[272.0, 420.0, 387.0, 515.0]",95.0,small,m3-f2-i3136-p299705,0.9395,"[270.51, 418.92, 381.45, 515.45]",0.9253
ann_4afa60bb6ff8,ann_4afa60bb6ff8,3715,2,mar20-airport-proxy-015,aircraft,aircraft,22,"[131.0, 463.0, 190.0, 541.0]",59.0,small,m3-f2-i3715-p356701,0.939,"[131.86, 464.72, 190.6, 540.75]",0.951
ann_20df780d1a63,ann_20df780d1a63,3432,0,mar20-airport-proxy-022,aircraft,aircraft,22,"[279.0, 207.0, 459.0, 354.0]",147.0,medium,m3-f0-i3432-p319501,0.9385,"[276.22, 207.13, 464.01, 360.06]",0.9198
ann_42b08d277c54,ann_42b08d277c54,1876,1,mar20-airport-proxy-042,aircraft,aircraft,22,"[341.0, 256.0, 389.0, 324.0]",48.0,small,m3-f1-i1876-p195306,0.9375,"[340.21, 257.54, 389.09, 325.27]",0.9426
ann_abd70ef28178,ann_abd70ef28178,3661,2,mar20-airport-proxy-051,aircraft,aircraft,14,"[313.0, 25.0, 448.0, 144.0]",119.0,medium,m3-f2-i3661-p353401,0.937,"[318.9, 27.88, 448.68, 143.41]",0.9239
ann_f959952c2277,ann_f959952c2277,3060,2,mar20-airport-proxy-013,aircraft,aircraft,18,"[312.0, 563.0, 468.0, 733.0]",156.0,medium,m3-f2-i3060-p292500,0.937,"[317.38, 563.53, 465.43, 726.32]",0.9088
ann_b60c76ba421f,ann_b60c76ba421f,3731,0,mar20-airport-proxy-018,aircraft,aircraft,20,"[489.0, 319.0, 556.0, 376.0]",57.0,small,m3-f0-i3731-p351605,0.9365,"[491.36, 318.97, 551.61, 376.34]",0.894
ann_d6eb48aa8b1c,ann_d6eb48aa8b1c,1487,2,mar20-airport-proxy-009,aircraft,aircraft,10,"[559.0, 474.0, 630.0, 551.0]",71.0,small,m3-f2-i1487-p144600,0.9365,"[557.51, 472.63, 631.12, 550.91]",0.9466
ann_c9b571654831,ann_c9b571654831,4101,0,mar20-airport-proxy-045,aircraft,aircraft,10,"[186.0, 537.0, 261.0, 615.0]",75.0,small,m3-f0-i4101-p406802,0.9365,"[183.34, 529.55, 259.62, 619.43]",0.8247
ann_f2943ee22204,ann_f2943ee22204,1471,2,mar20-airport-proxy-009,aircraft,aircraft,10,"[168.0, 103.0, 358.0, 289.0]",186.0,medium,m3-f2-i1471-p143101,0.9365,"[167.77, 95.5, 368.42, 293.92]",0.8876
ann_ef4025460e06,ann_ef4025460e06,4034,0,mar20-airport-proxy-046,aircraft,aircraft,14,"[242.0, 513.0, 343.0, 597.0]",84.0,small,m3-f0-i4034-p399900,0.936,"[244.64, 511.45, 340.14, 602.44]",0.8767
ann_d22511ddd627,ann_d22511ddd627,3430,2,mar20-airport-proxy-004,aircraft,aircraft,21,"[268.0, 66.0, 426.0, 207.0]",141.0,medium,m3-f2-i3430-p333300,0.9355,"[273.88, 65.04, 412.84, 213.09]",0.8425
ann_15b7edf93954,ann_15b7edf93954,2418,2,mar20-airport-proxy-015,aircraft,aircraft,4,"[366.0, 499.0, 443.0, 558.0]",59.0,small,m3-f2-i2418-p233405,0.9351,"[363.99, 501.15, 440.7, 555.88]",0.8787
ann_065c8072c5f8,ann_065c8072c5f8,2129,2,mar20-airport-proxy-023,aircraft,aircraft,14,"[563.0, 572.0, 681.0, 679.0]",107.0,medium,m3-f2-i2129-p206705,0.9346,"[568.7, 572.31, 676.61, 676.12]",0.8872
ann_a19b411c56a0,ann_a19b411c56a0,3430,2,mar20-airport-proxy-004,aircraft,aircraft,21,"[238.0, 245.0, 386.0, 403.0]",148.0,medium,m3-f2-i3430-p333302,0.9346,"[242.24, 260.69, 383.54, 405.32]",0.8481
ann_d1bb9869a4a1,ann_d1bb9869a4a1,3646,1,mar20-airport-proxy-042,aircraft,aircraft,22,"[119.0, 711.0, 176.0, 793.0]",57.0,small,m3-f1-i3646-p400802,0.9346,"[119.56, 711.5, 176.54, 793.19]",0.9729
ann_392eb1ee0488,ann_392eb1ee0488,2839,1,mar20-airport-proxy-024,aircraft,aircraft,18,"[382.0, 695.0, 485.0, 800.0]",103.0,medium,m3-f1-i2839-p309901,0.9346,"[378.86, 691.21, 487.55, 800.0]",0.9146
ann_59c5c66cb935,ann_59c5c66cb935,3663,2,mar20-airport-proxy-044,aircraft,aircraft,7,"[413.0, 56.0, 587.0, 205.0]",149.0,medium,m3-f2-i3663-p354001,0.9346,"[425.68, 54.25, 586.04, 205.13]",0.911
ann_630ced702ba6,ann_630ced702ba6,1903,1,mar20-airport-proxy-010,aircraft,aircraft,21,"[364.0, 261.0, 471.0, 360.0]",99.0,medium,m3-f1-i1903-p198001,0.9341,"[359.18, 257.03, 473.63, 360.16]",0.8975
ann_1db5e8a36ddf,ann_1db5e8a36ddf,3060,2,mar20-airport-proxy-013,aircraft,aircraft,18,"[548.0, 574.0, 699.0, 733.0]",151.0,medium,m3-f2-i3060-p292501,0.9336,"[548.24, 570.26, 696.29, 728.96]",0.934
ann_c9f0b41fe2d9,ann_c9f0b41fe2d9,4340,1,mar20-airport-proxy-024,aircraft,aircraft,18,"[74.0, 405.0, 207.0, 505.0]",100.0,medium,m3-f1-i4340-p472501,0.9336,"[80.08, 404.69, 209.77, 507.81]",0.9078
ann_0661f28d0df8,ann_0661f28d0df8,3125,2,mar20-airport-proxy-015,aircraft,aircraft,4,"[619.0, 678.0, 755.0, 790.0]",112.0,medium,m3-f2-i3125-p299103,0.9331,"[619.87, 676.76, 759.03, 791.21]",0.9444
ann_dd702008a48b,ann_dd702008a48b,3839,0,mar20-airport-proxy-032,aircraft,aircraft,19,"[371.0, 380.0, 502.0, 512.0]",131.0,medium,m3-f0-i3839-p376801,0.9331,"[369.75, 381.73, 500.74, 515.85]",0.9411
ann_db7076f135d5,ann_db7076f135d5,3992,1,mar20-airport-proxy-010,aircraft,aircraft,7,"[331.0, 44.0, 424.0, 123.0]",79.0,small,m3-f1-i3992-p427809,0.9331,"[328.77, 44.67, 423.25, 120.41]",0.9297
ann_82c8f590f92a,ann_82c8f590f92a,4034,0,mar20-airport-proxy-046,aircraft,aircraft,14,"[154.0, 420.0, 251.0, 513.0]",93.0,small,m3-f0-i4034-p399902,0.9326,"[156.34, 424.77, 247.32, 513.12]",0.8887
ann_5f58ab2a11e0,ann_5f58ab2a11e0,2074,1,mar20-airport-proxy-017,aircraft,aircraft,14,"[36.0, 127.0, 139.0, 232.0]",103.0,medium,m3-f1-i2074-p218402,0.9326,"[34.81, 121.09, 137.94, 231.25]",0.9203
ann_c48af58661d3,ann_c48af58661d3,2400,0,mar20-airport-proxy-045,aircraft,aircraft,17,"[419.0, 69.0, 516.0, 167.0]",97.0,medium,m3-f0-i2400-p228903,0.9321,"[419.14, 71.41, 513.67, 169.41]",0.9283
ann_c35afcaecd44,ann_c35afcaecd44,2558,2,mar20-airport-proxy-051,aircraft,aircraft,16,"[509.0, 422.0, 644.0, 538.0]",116.0,medium,m3-f2-i2558-p249003,0.9321,"[501.46, 426.37, 643.85, 539.26]",0.9025
ann_e158bb93907d,ann_e158bb93907d,2986,1,mar20-airport-proxy-011,aircraft,aircraft,22,"[451.0, 436.0, 514.0, 486.0]",50.0,small,m3-f1-i2986-p327309,0.9316,"[449.41, 434.69, 515.43, 481.71]",0.8535
ann_1b1d799bc96c,ann_1b1d799bc96c,4030,1,mar20-airport-proxy-010,aircraft,aircraft,7,"[101.0, 135.0, 207.0, 231.0]",96.0,medium,m3-f1-i4030-p438602,0.9312,"[93.39, 129.85, 205.3, 235.29]",0.837
ann_cc66302c179f,ann_cc66302c179f,1903,1,mar20-airport-proxy-010,aircraft,aircraft,21,"[120.0, 189.0, 230.0, 293.0]",104.0,medium,m3-f1-i1903-p198004,0.9307,"[117.29, 189.65, 231.35, 292.38]",0.9531
ann_906ceaf1c0c2,ann_906ceaf1c0c2,2984,2,mar20-airport-proxy-021,aircraft,aircraft,20,"[72.0, 443.0, 156.0, 525.0]",82.0,small,m3-f2-i2984-p286501,0.9307,"[71.56, 442.5, 156.18, 526.25]",0.9721
ann_08c7b7550385,ann_08c7b7550385,3839,0,mar20-airport-proxy-032,aircraft,aircraft,19,"[687.0, 377.0, 818.0, 509.0]",131.0,medium,m3-f0-i3839-p376806,0.9302,"[683.9, 382.41, 820.51, 511.0]",0.9074
ann_a4ac486729d7,ann_a4ac486729d7,1769,1,mar20-airport-proxy-014,aircraft,aircraft,22,"[548.0, 576.0, 610.0, 659.0]",62.0,small,m3-f1-i1769-p183001,0.9302,"[549.84, 577.49, 603.72, 657.37]",0.8363
ann_c7f1f656e849,ann_c7f1f656e849,1739,2,mar20-airport-proxy-004,aircraft,aircraft,6,"[204.0, 58.0, 373.0, 240.0]",169.0,medium,m3-f2-i1739-p171003,0.9297,"[207.23, 62.01, 390.43, 241.89]",0.8626
ann_b3b057c39338,ann_b3b057c39338,2839,1,mar20-airport-proxy-024,aircraft,aircraft,18,"[350.0, 347.0, 456.0, 457.0]",106.0,medium,m3-f1-i2839-p309902,0.9287,"[353.32, 340.87, 463.09, 459.13]",0.8463
ann_3dd1e644e047,ann_3dd1e644e047,1393,0,mar20-airport-proxy-006,aircraft,aircraft,5,"[111.0, 358.0, 208.0, 447.0]",89.0,small,m3-f0-i1393-p138001,0.9287,"[111.02, 358.62, 202.01, 449.12]",0.9111
ann_117912e2c32e,ann_117912e2c32e,4246,1,mar20-airport-proxy-042,aircraft,aircraft,22,"[190.0, 467.0, 242.0, 539.0]",52.0,small,m3-f1-i4246-p464406,0.9282,"[190.84, 466.36, 240.8, 537.55]",0.9332
ann_32b4886b74d7,ann_32b4886b74d7,3472,2,mar20-airport-proxy-023,aircraft,aircraft,17,"[171.0, 471.0, 237.0, 550.0]",66.0,small,m3-f2-i3472-p337802,0.9282,"[177.71, 483.39, 237.48, 544.89]",0.6955
ann_4752c6ae7073,ann_4752c6ae7073,2839,1,mar20-airport-proxy-024,aircraft,aircraft,18,"[338.0, 168.0, 445.0, 281.0]",107.0,medium,m3-f1-i2839-p309903,0.9282,"[338.09, 168.36, 449.41, 283.59]",0.9352
ann_1b82d130ce83,ann_1b82d130ce83,2618,0,mar20-airport-proxy-055,aircraft,aircraft,7,"[530.0, 515.0, 669.0, 675.0]",139.0,medium,m3-f0-i2618-p246001,0.9277,"[527.1, 513.72, 672.12, 678.47]",0.9309
ann_e0ce6aea44db,ann_e0ce6aea44db,4034,0,mar20-airport-proxy-046,aircraft,aircraft,14,"[338.0, 597.0, 438.0, 690.0]",93.0,small,m3-f0-i4034-p399905,0.9272,"[342.28, 600.31, 432.48, 689.58]",0.8658
ann_cd1a9c461376,ann_cd1a9c461376,1509,1,mar20-airport-proxy-035,aircraft,aircraft,17,"[54.0, 31.0, 190.0, 183.0]",136.0,medium,m3-f1-i1509-p156002,0.9272,"[53.17, 24.17, 194.48, 178.96]",0.8974
ann_60a5e7e0b425,ann_60a5e7e0b425,4332,1,mar20-airport-proxy-034,aircraft,aircraft,16,"[395.0, 142.0, 636.0, 303.0]",161.0,medium,m3-f1-i4332-p471600,0.9268,"[395.21, 136.77, 629.79, 306.98]",0.922
ann_9ef5077877d7,ann_9ef5077877d7,2806,0,mar20-airport-proxy-022,aircraft,aircraft,4,"[2.0, 467.0, 81.0, 561.0]",79.0,small,m3-f0-i2806-p263108,0.9263,"[0.81, 466.8, 80.79, 560.55]",0.9757
ann_2e077e209c7d,ann_2e077e209c7d,1448,2,mar20-airport-proxy-015,aircraft,aircraft,22,"[666.0, 221.0, 750.0, 289.0]",68.0,small,m3-f2-i1448-p141308,0.9263,"[665.16, 220.0, 751.25, 290.55]",0.9404
ann_59e3689b648c,ann_59e3689b648c,1676,2,mar20-airport-proxy-013,aircraft,aircraft,18,"[315.0, 349.0, 410.0, 432.0]",83.0,small,m3-f2-i1676-p165903,0.9263,"[318.43, 348.44, 408.52, 427.73]",0.8938
ann_359b408e2b15,ann_359b408e2b15,4336,1,mar20-airport-proxy-007,aircraft,aircraft,6,"[390.0, 197.0, 448.0, 255.0]",58.0,small,m3-f1-i4336-p472203,0.9263,"[386.46, 193.52, 450.94, 257.67]",0.8133
ann_c78e944b68af,ann_c78e944b68af,3933,0,mar20-airport-proxy-047,aircraft,aircraft,11,"[337.0, 337.0, 392.0, 395.0]",55.0,small,m3-f0-i3933-p394500,0.9263,"[335.99, 334.11, 392.14, 397.14]",0.9012
ann_f920cdd22294,ann_f920cdd22294,1676,2,mar20-airport-proxy-013,aircraft,aircraft,18,"[316.0, 472.0, 408.0, 558.0]",86.0,small,m3-f2-i1676-p165904,0.9258,"[317.26, 471.34, 408.13, 551.32]",0.9016
ann_59b3ac5fecb5,ann_59b3ac5fecb5,4350,2,mar20-airport-proxy-015,aircraft,aircraft,22,"[203.0, 440.0, 313.0, 499.0]",59.0,small,m3-f2-i4350-p395701,0.9258,"[203.12, 435.35, 312.11, 501.37]",0.8863
ann_2bb4b906d1b2,ann_2bb4b906d1b2,4336,1,mar20-airport-proxy-007,aircraft,aircraft,6,"[375.0, 545.0, 434.0, 604.0]",59.0,small,m3-f1-i4336-p472204,0.9258,"[372.46, 541.72, 434.8, 606.53]",0.8615
ann_4579fa9398ac,ann_4579fa9398ac,4034,0,mar20-airport-proxy-046,aircraft,aircraft,14,"[507.0, 384.0, 597.0, 465.0]",81.0,small,m3-f0-i4034-p399906,0.9238,"[510.78, 377.45, 595.32, 466.57]",0.8584
ann_ec0260721dd5,ann_ec0260721dd5,3606,2,mar20-airport-proxy-056,aircraft,aircraft,8,"[297.0, 9.0, 418.0, 179.0]",121.0,medium,m3-f2-i3606-p350400,0.9238,"[297.85, 7.67, 416.6, 171.53]",0.9311
ann_3d679aaf0a18,ann_3d679aaf0a18,3960,1,mar20-airport-proxy-034,aircraft,aircraft,8,"[497.0, 566.0, 579.0, 617.0]",51.0,small,m3-f1-i3960-p420900,0.9229,"[496.43, 564.29, 574.57, 613.19]",0.8429
ann_f8574fe1520f,ann_f8574fe1520f,1797,2,mar20-airport-proxy-023,aircraft,aircraft,14,"[241.0, 209.0, 340.0, 294.0]",85.0,small,m3-f2-i1797-p174302,0.9229,"[245.26, 208.98, 334.42, 295.7]",0.8845
ann_7937e22cbc2e,ann_7937e22cbc2e,3524,0,mar20-airport-proxy-048,aircraft,aircraft,7,"[158.0, 653.0, 271.0, 762.0]",109.0,medium,m3-f0-i3524-p328500,0.9224,"[155.71, 644.58, 275.54, 763.23]",0.8663
ann_bc946330a8b7,ann_bc946330a8b7,3428,1,mar20-airport-proxy-057,aircraft,aircraft,19,"[350.0, 272.0, 459.0, 344.0]",72.0,small,m3-f1-i3428-p375900,0.9224,"[349.95, 268.02, 453.96, 348.0]",0.8621
ann_e44e16dab53f,ann_e44e16dab53f,3495,1,mar20-airport-proxy-043,aircraft,aircraft,23,"[282.0, 278.0, 338.0, 315.0]",37.0,small,m3-f1-i3495-p382200,0.9219,"[282.62, 276.35, 338.87, 314.66]",0.9244
ann_a789683cefc8,ann_a789683cefc8,4160,2,mar20-airport-proxy-013,aircraft,aircraft,18,"[770.0, 95.0, 822.0, 137.0]",42.0,small,m3-f2-i4160-p372300,0.9219,"[767.98, 96.58, 820.15, 136.79]",0.8903
ann_77a34ce4c376,ann_77a34ce4c376,4204,2,mar20-airport-proxy-051,aircraft,aircraft,16,"[38.0, 4.0, 284.0, 132.0]",128.0,medium,m3-f2-i4204-p380100,0.9219,"[31.84, 0.0, 280.47, 136.47]",0.9026
ann_0217d8beab03,ann_0217d8beab03,2409,2,mar20-airport-proxy-004,aircraft,aircraft,6,"[178.0, 272.0, 282.0, 382.0]",104.0,medium,m3-f2-i2409-p232207,0.9214,"[182.52, 285.96, 275.29, 380.83]",0.7694
ann_50ab9af44f2f,ann_50ab9af44f2f,3960,1,mar20-airport-proxy-034,aircraft,aircraft,8,"[191.0, 224.0, 279.0, 274.0]",50.0,small,m3-f1-i3960-p420901,0.9214,"[196.58, 225.84, 269.79, 268.72]",0.7135
ann_16ee2c0a15de,ann_16ee2c0a15de,2925,2,mar20-airport-proxy-051,aircraft,aircraft,19,"[254.0, 191.0, 326.0, 298.0]",72.0,small,m3-f2-i2925-p280500,0.9209,"[243.41, 192.19, 328.47, 293.75]",0.8098
ann_394dc38b4d19,ann_394dc38b4d19,3960,1,mar20-airport-proxy-034,aircraft,aircraft,8,"[489.0, 211.0, 569.0, 260.0]",49.0,small,m3-f1-i3960-p420902,0.9204,"[491.23, 212.36, 564.19, 254.07]",0.7764
ann_99bab95f2b8a,ann_99bab95f2b8a,2725,2,mar20-airport-proxy-023,aircraft,aircraft,17,"[543.0, 549.0, 654.0, 658.0]",109.0,medium,m3-f2-i2725-p267303,0.9194,"[549.8, 552.29, 652.54, 656.3]",0.8831
ann_e91ba8ba0a3d,ann_e91ba8ba0a3d,2558,2,mar20-airport-proxy-051,aircraft,aircraft,16,"[504.0, 42.0, 669.0, 157.0]",115.0,medium,m3-f2-i2558-p249005,0.9194,"[510.4, 42.68, 668.51, 152.83]",0.9179
ann_2990e5f5059b,ann_2990e5f5059b,1548,2,mar20-airport-proxy-044,aircraft,aircraft,7,"[308.0, 495.0, 475.0, 642.0]",147.0,medium,m3-f2-i1548-p150604,0.9189,"[315.43, 494.29, 476.37, 638.53]",0.9213
ann_ba3c74c0ce78,ann_ba3c74c0ce78,3960,1,mar20-airport-proxy-034,aircraft,aircraft,8,"[430.0, 492.0, 517.0, 547.0]",55.0,small,m3-f1-i3960-p420903,0.9189,"[431.35, 491.97, 507.23, 539.55]",0.7537
ann_4662eddc0f82,ann_4662eddc0f82,3933,0,mar20-airport-proxy-047,aircraft,aircraft,11,"[133.0, 683.0, 190.0, 742.0]",57.0,small,m3-f0-i3933-p394502,0.9189,"[130.83, 680.35, 189.28, 744.65]",0.8736
ann_47f294a79303,ann_47f294a79303,3960,1,mar20-airport-proxy-034,aircraft,aircraft,8,"[430.0, 147.0, 509.0, 199.0]",52.0,small,m3-f1-i3960-p420904,0.9185,"[432.38, 149.54, 504.25, 189.88]",0.7057
ann_c74c0b2080db,ann_c74c0b2080db,2288,2,mar20-airport-proxy-023,aircraft,aircraft,14,"[106.0, 436.0, 227.0, 545.0]",109.0,medium,m3-f2-i2288-p221704,0.9185,"[112.21, 436.08, 223.73, 543.6]",0.9092
ann_09256969f4fe,ann_09256969f4fe,2925,2,mar20-airport-proxy-051,aircraft,aircraft,19,"[710.0, 442.0, 784.0, 556.0]",74.0,small,m3-f2-i2925-p280501,0.918,"[707.89, 451.27, 791.33, 556.54]",0.8183
ann_795ece00607b,ann_795ece00607b,3960,1,mar20-airport-proxy-034,aircraft,aircraft,8,"[557.0, 636.0, 644.0, 691.0]",55.0,small,m3-f1-i3960-p420905,0.918,"[559.23, 635.36, 637.36, 683.19]",0.7626
ann_f9420a55acd3,ann_f9420a55acd3,3960,1,mar20-airport-proxy-034,aircraft,aircraft,8,"[370.0, 422.0, 459.0, 477.0]",55.0,small,m3-f1-i3960-p420906,0.918,"[372.17, 423.09, 446.17, 469.8]",0.7061
ann_f987f8eb82f2,ann_f987f8eb82f2,3606,2,mar20-airport-proxy-056,aircraft,aircraft,8,"[635.0, 217.0, 751.0, 388.0]",116.0,medium,m3-f2-i3606-p350402,0.9175,"[635.21, 218.46, 754.64, 381.54]",0.9244
ann_da9c4bb7d7ff,ann_da9c4bb7d7ff,2986,1,mar20-airport-proxy-011,aircraft,aircraft,4,"[276.0, 638.0, 322.0, 699.0]",46.0,small,m3-f1-i2986-p327311,0.917,"[274.74, 638.23, 322.91, 701.61]",0.9124
ann_bdc58c400f7f,ann_bdc58c400f7f,3960,1,mar20-airport-proxy-034,aircraft,aircraft,8,"[673.0, 408.0, 756.0, 461.0]",53.0,small,m3-f1-i3960-p420907,0.917,"[671.87, 408.95, 745.74, 452.96]",0.7196
ann_d9e48be17ea6,ann_d9e48be17ea6,2593,0,mar20-airport-proxy-033,aircraft,aircraft,19,"[344.0, 52.0, 427.0, 160.0]",83.0,small,m3-f0-i2593-p244200,0.917,"[345.7, 51.03, 423.05, 157.96]",0.9066
ann_4957c2807add,ann_4957c2807add,2115,0,mar20-airport-proxy-022,aircraft,aircraft,4,"[233.0, 237.0, 287.0, 281.0]",44.0,small,m3-f0-i2115-p203701,0.9165,"[232.64, 237.29, 286.11, 284.58]",0.8986
ann_a0b858bcd131,ann_a0b858bcd131,3960,1,mar20-airport-proxy-034,aircraft,aircraft,8,"[605.0, 339.0, 683.0, 391.0]",52.0,small,m3-f1-i3960-p420908,0.916,"[607.7, 338.96, 683.34, 385.14]",0.8527
ann_d7de10485868,ann_d7de10485868,3960,1,mar20-airport-proxy-034,aircraft,aircraft,8,"[735.0, 476.0, 822.0, 530.0]",54.0,small,m3-f1-i3960-p420909,0.916,"[738.99, 477.77, 813.96, 522.77]",0.7181
ann_866fe10f800a,ann_866fe10f800a,3184,1,mar20-airport-proxy-034,aircraft,aircraft,18,"[541.0, 42.0, 604.0, 116.0]",63.0,small,m3-f1-i3184-p351303,0.915,"[537.94, 39.82, 602.69, 116.24]",0.9048
ann_7413a9cbfa30,ann_7413a9cbfa30,1709,2,mar20-airport-proxy-005,aircraft,aircraft,19,"[310.0, 108.0, 439.0, 213.0]",105.0,medium,m3-f2-i1709-p168900,0.915,"[313.04, 107.76, 457.28, 206.1]",0.8039
ann_6835ff82b411,ann_6835ff82b411,3960,1,mar20-airport-proxy-034,aircraft,aircraft,8,"[620.0, 709.0, 707.0, 765.0]",56.0,small,m3-f1-i3960-p420910,0.9146,"[623.7, 707.77, 703.36, 760.01]",0.8174
ann_206ec09af251,ann_206ec09af251,3300,2,mar20-airport-proxy-015,aircraft,aircraft,4,"[453.0, 188.0, 538.0, 292.0]",85.0,small,m3-f2-i3300-p316801,0.9146,"[451.93, 185.69, 531.67, 292.82]",0.8892
ann_f9aca5d62a99,ann_f9aca5d62a99,2476,2,mar20-airport-proxy-015,aircraft,aircraft,22,"[284.0, 277.0, 413.0, 335.0]",58.0,small,m3-f2-i2476-p240001,0.9141,"[285.35, 273.24, 408.4, 340.82]",0.824
ann_adbde9bbce8c,ann_adbde9bbce8c,2034,1,mar20-airport-proxy-043,aircraft,aircraft,23,"[323.0, 232.0, 384.0, 275.0]",43.0,small,m3-f1-i2034-p213600,0.9141,"[322.39, 230.64, 383.86, 275.22]",0.9529
ann_a2e704bdbf63,ann_a2e704bdbf63,3933,0,mar20-airport-proxy-047,aircraft,aircraft,11,"[496.0, 51.0, 554.0, 108.0]",57.0,small,m3-f0-i3933-p394503,0.9136,"[495.0, 49.49, 552.66, 111.94]",0.8782
ann_ad38875c6172,ann_ad38875c6172,2610,2,mar20-airport-proxy-015,aircraft,aircraft,4,"[117.0, 262.0, 187.0, 309.0]",47.0,small,m3-f2-i2610-p254715,0.9131,"[117.24, 264.56, 187.65, 308.09]",0.9152
ann_cce903050e04,ann_cce903050e04,3874,0,mar20-airport-proxy-041,aircraft,aircraft,22,"[63.0, 13.0, 183.0, 119.0]",106.0,medium,m3-f0-i3874-p383405,0.9126,"[68.65, 12.89, 176.66, 112.7]",0.8457
ann_68800f25e8f4,ann_68800f25e8f4,4160,2,mar20-airport-proxy-013,aircraft,aircraft,18,"[692.0, 259.0, 731.0, 314.0]",39.0,small,m3-f2-i4160-p372304,0.9121,"[689.36, 263.04, 727.32, 315.0]",0.7766
ann_08a6fcf9535f,ann_08a6fcf9535f,3358,1,mar20-airport-proxy-043,aircraft,aircraft,23,"[317.0, 463.0, 408.0, 535.0]",72.0,small,m3-f1-i3358-p368702,0.9121,"[314.6, 462.08, 408.84, 535.57]",0.9461
ann_856fc10f83f6,ann_856fc10f83f6,1829,1,mar20-airport-proxy-029,aircraft,aircraft,17,"[666.0, 178.0, 786.0, 301.0]",120.0,medium,m3-f1-i1829-p190801,0.9116,"[664.31, 183.4, 784.13, 300.59]",0.9255
ann_9597fb416917,ann_9597fb416917,3960,1,mar20-airport-proxy-034,aircraft,aircraft,8,"[681.0, 772.0, 763.0, 828.0]",56.0,small,m3-f1-i3960-p420911,0.9116,"[680.57, 772.31, 760.41, 822.67]",0.8666
ann_842b44d4d415,ann_842b44d4d415,3960,1,mar20-airport-proxy-034,aircraft,aircraft,8,"[546.0, 273.0, 625.0, 326.0]",53.0,small,m3-f1-i3960-p420912,0.9111,"[551.9, 277.17, 626.2, 320.54]",0.7479
ann_7d59b57777bb,ann_7d59b57777bb,3959,1,mar20-airport-proxy-029,aircraft,aircraft,17,"[352.0, 399.0, 423.0, 479.0]",71.0,small,m3-f1-i3959-p420607,0.9111,"[350.77, 404.08, 421.52, 477.63]",0.8862
ann_226779d13107,ann_226779d13107,2063,2,mar20-airport-proxy-056,aircraft,aircraft,8,"[254.0, 257.0, 489.0, 449.0]",192.0,medium,m3-f2-i2063-p201300,0.9111,"[253.61, 256.45, 486.62, 448.24]",0.9815
ann_01cf2d78d3cd,ann_01cf2d78d3cd,4160,2,mar20-airport-proxy-013,aircraft,aircraft,18,"[666.0, 195.0, 707.0, 253.0]",41.0,small,m3-f2-i4160-p372307,0.9097,"[663.55, 194.7, 705.31, 249.7]",0.8517
ann_fac30e23705f,ann_fac30e23705f,2409,2,mar20-airport-proxy-004,aircraft,aircraft,6,"[292.0, 273.0, 397.0, 375.0]",102.0,medium,m3-f2-i2409-p232208,0.9097,"[302.86, 281.3, 391.67, 371.83]",0.7507
ann_96a3da42e559,ann_96a3da42e559,3960,1,mar20-airport-proxy-034,aircraft,aircraft,8,"[372.0, 90.0, 452.0, 137.0]",47.0,small,m3-f1-i3960-p420913,0.9097,"[372.72, 88.67, 449.03, 131.09]",0.812
ann_717a71dda211,ann_717a71dda211,3409,0,mar20-airport-proxy-033,aircraft,aircraft,23,"[429.0, 302.0, 518.0, 418.0]",89.0,small,m3-f0-i3409-p317400,0.9092,"[419.43, 294.97, 525.88, 420.65]",0.7717
ann_eb8322f3e3a0,ann_eb8322f3e3a0,3964,1,mar20-airport-proxy-034,aircraft,aircraft,16,"[468.0, 472.0, 544.0, 525.0]",53.0,small,m3-f1-i3964-p422100,0.9092,"[464.71, 471.22, 546.74, 527.58]",0.8712
ann_5c4ba98e924f,ann_5c4ba98e924f,3960,1,mar20-airport-proxy-034,aircraft,aircraft,8,"[85.0, 103.0, 167.0, 150.0]",47.0,small,m3-f1-i3960-p420914,0.9082,"[85.22, 97.07, 156.85, 143.68]",0.681
ann_ac502edeff89,ann_ac502edeff89,2718,0,mar20-airport-proxy-041,aircraft,aircraft,20,"[1.0, 121.0, 185.0, 320.0]",184.0,medium,m3-f0-i2718-p254701,0.9082,"[0.88, 134.38, 192.19, 323.05]",0.8859
ann_460376db1872,ann_460376db1872,4336,1,mar20-airport-proxy-007,aircraft,aircraft,6,"[381.0, 406.0, 440.0, 465.0]",59.0,small,m3-f1-i4336-p472208,0.9077,"[377.69, 401.85, 439.62, 467.04]",0.8518
ann_8427f83c3351,ann_8427f83c3351,4160,2,mar20-airport-proxy-013,aircraft,aircraft,18,"[744.0, 32.0, 796.0, 74.0]",42.0,small,m3-f2-i4160-p372311,0.9072,"[744.31, 34.44, 795.99, 71.57]",0.8786
ann_f0e4f4b18034,ann_f0e4f4b18034,3279,0,mar20-airport-proxy-045,aircraft,aircraft,14,"[571.0, 557.0, 720.0, 700.0]",143.0,medium,m3-f0-i3279-p305703,0.9072,"[568.65, 559.81, 716.5, 704.25]",0.9162
ann_5a2e1204dc63,ann_5a2e1204dc63,3149,1,mar20-airport-proxy-034,aircraft,aircraft,16,"[234.0, 239.0, 309.0, 309.0]",70.0,small,m3-f1-i3149-p348300,0.9062,"[233.74, 236.62, 310.01, 310.25]",0.9348
ann_9b6df9381035,ann_9b6df9381035,3960,1,mar20-airport-proxy-034,aircraft,aircraft,8,"[859.0, 606.0, 947.0, 661.0]",55.0,small,m3-f1-i3960-p420915,0.9053,"[861.33, 606.78, 938.92, 653.06]",0.7418
ann_c2f926e25b52,ann_c2f926e25b52,2610,2,mar20-airport-proxy-015,aircraft,aircraft,4,"[115.0, 310.0, 178.0, 356.0]",46.0,small,m3-f2-i2610-p254717,0.9048,"[113.99, 309.25, 178.98, 356.37]",0.9464
ann_fd1829d177a1,ann_fd1829d177a1,1829,1,mar20-airport-proxy-029,aircraft,aircraft,17,"[337.0, 261.0, 454.0, 386.0]",117.0,medium,m3-f1-i1829-p190803,0.9048,"[333.01, 271.44, 452.93, 389.5]",0.8567
ann_abf5add3796b,ann_abf5add3796b,3173,1,mar20-airport-proxy-057,aircraft,aircraft,19,"[528.0, 1.0, 615.0, 59.0]",58.0,small,m3-f1-i3173-p350406,0.9043,"[534.08, 2.22, 609.67, 55.4]",0.7965
ann_d7cd115444fc,ann_d7cd115444fc,2829,0,mar20-airport-proxy-036,aircraft,aircraft,8,"[447.0, 78.0, 534.0, 154.0]",76.0,small,m3-f0-i2829-p266102,0.9043,"[451.44, 76.93, 533.72, 153.74]",0.93
ann_6f8a044c9fe0,ann_6f8a044c9fe0,3960,1,mar20-airport-proxy-034,aircraft,aircraft,8,"[141.0, 163.0, 216.0, 213.0]",50.0,small,m3-f1-i3960-p420916,0.9033,"[142.0, 165.05, 215.08, 205.16]",0.7817
ann_fbc606feb6fc,ann_fbc606feb6fc,3060,2,mar20-airport-proxy-013,aircraft,aircraft,18,"[76.0, 553.0, 232.0, 725.0]",156.0,medium,m3-f2-i3060-p292504,0.9033,"[82.03, 555.08, 229.69, 723.05]",0.9243
ann_4b06e792c805,ann_4b06e792c805,1550,1,mar20-airport-proxy-034,aircraft,aircraft,16,"[654.0, 680.0, 756.0, 766.0]",86.0,small,m3-f1-i1550-p160801,0.9019,"[652.29, 679.79, 758.64, 754.59]",0.8343
ann_d5af57431966,ann_d5af57431966,2925,2,mar20-airport-proxy-051,aircraft,aircraft,19,"[102.0, 98.0, 186.0, 193.0]",84.0,small,m3-f2-i2925-p280504,0.9014,"[99.68, 100.2, 184.3, 192.19]",0.9241
ann_c675f11df93b,ann_c675f11df93b,3467,0,mar20-airport-proxy-036,aircraft,aircraft,8,"[598.0, 424.0, 704.0, 501.0]",77.0,small,m3-f0-i3467-p322502,0.9014,"[606.08, 432.76, 704.08, 500.83]",0.8161
ann_9e009cb2b1da,ann_9e009cb2b1da,1997,0,mar20-airport-proxy-018,aircraft,aircraft,9,"[460.0, 364.0, 535.0, 437.0]",73.0,small,m3-f0-i1997-p193800,0.9009,"[455.52, 359.25, 536.67, 447.78]",0.7621
ann_dc7761c047f8,ann_dc7761c047f8,3834,0,mar20-airport-proxy-032,aircraft,aircraft,8,"[268.0, 193.0, 410.0, 316.0]",123.0,medium,m3-f0-i3834-p375300,0.9004,"[262.49, 191.97, 410.15, 311.14]",0.9174
ann_57d0bcfb9887,ann_57d0bcfb9887,1651,2,mar20-airport-proxy-021,aircraft,aircraft,20,"[14.0, 502.0, 129.0, 608.0]",106.0,medium,m3-f2-i1651-p162902,0.9004,"[13.87, 500.49, 130.27, 608.89]",0.9661
ann_61ec848eaa80,ann_61ec848eaa80,1709,2,mar20-airport-proxy-005,aircraft,aircraft,19,"[249.0, 450.0, 377.0, 539.0]",89.0,small,m3-f2-i1709-p168902,0.8999,"[256.35, 443.77, 389.36, 535.91]",0.7805
ann_cfceaf990861,ann_cfceaf990861,1786,1,mar20-airport-proxy-057,aircraft,aircraft,19,"[68.0, 368.0, 165.0, 436.0]",68.0,small,m3-f1-i1786-p185703,0.8994,"[62.33, 368.87, 159.35, 431.91]",0.8281
ann_36706ccd3f6c,ann_36706ccd3f6c,4160,2,mar20-airport-proxy-013,aircraft,aircraft,18,"[793.0, 155.0, 845.0, 197.0]",42.0,small,m3-f2-i4160-p372315,0.8989,"[791.07, 159.74, 844.88, 197.49]",0.8468
ann_701243a7d369,ann_701243a7d369,4160,2,mar20-airport-proxy-013,aircraft,aircraft,18,"[413.0, 221.0, 467.0, 262.0]",41.0,small,m3-f2-i4160-p372314,0.8989,"[413.12, 223.34, 465.76, 261.36]",0.9041
ann_433215950992,ann_433215950992,4199,2,mar20-airport-proxy-015,aircraft,aircraft,4,"[534.0, 388.0, 631.0, 529.0]",97.0,medium,m3-f2-i4199-p378905,0.8984,"[532.86, 382.52, 631.2, 529.98]",0.9432
ann_69ff508b5129,ann_69ff508b5129,3798,0,mar20-airport-proxy-018,aircraft,aircraft,15,"[596.0, 71.0, 657.0, 122.0]",51.0,small,m3-f0-i3798-p368407,0.8965,"[597.97, 71.3, 655.15, 120.89]",0.9113
ann_21d0cc6ec99c,ann_21d0cc6ec99c,4160,2,mar20-airport-proxy-013,aircraft,aircraft,18,"[465.0, 349.0, 517.0, 390.0]",41.0,small,m3-f2-i4160-p372318,0.896,"[464.65, 352.74, 515.29, 392.06]",0.8332
ann_c4483fc539b8,ann_c4483fc539b8,3658,1,mar20-airport-proxy-035,aircraft,aircraft,8,"[102.0, 340.0, 164.0, 385.0]",45.0,small,m3-f1-i3658-p403203,0.8955,"[102.66, 339.34, 163.55, 382.53]",0.9151
ann_d69ad94a8487,ann_d69ad94a8487,3543,2,mar20-airport-proxy-040,aircraft,aircraft,4,"[587.0, 306.0, 641.0, 349.0]",43.0,small,m3-f2-i3543-p344409,0.895,"[586.55, 307.04, 640.8, 349.6]",0.951
ann_698d6fd24a2e,ann_698d6fd24a2e,2934,0,mar20-airport-proxy-036,aircraft,aircraft,16,"[120.0, 491.0, 210.0, 558.0]",67.0,small,m3-f0-i2934-p276910,0.895,"[124.78, 503.2, 201.2, 557.74]",0.6912
ann_9b0aa3f0272e,ann_9b0aa3f0272e,3472,2,mar20-airport-proxy-023,aircraft,aircraft,17,"[72.0, 466.0, 138.0, 545.0]",66.0,small,m3-f2-i3472-p337806,0.8945,"[77.07, 479.89, 137.81, 540.31]",0.7039
ann_420834040821,ann_420834040821,1550,1,mar20-airport-proxy-034,aircraft,aircraft,16,"[324.0, 720.0, 433.0, 800.0]",80.0,small,m3-f1-i1550-p160803,0.894,"[327.98, 721.58, 436.08, 799.51]",0.9134
ann_50d5cca5131e,ann_50d5cca5131e,1786,1,mar20-airport-proxy-057,aircraft,aircraft,19,"[46.0, 288.0, 135.0, 354.0]",66.0,small,m3-f1-i1786-p185704,0.894,"[37.6, 286.28, 131.64, 357.08]",0.8215
ann_5d03207c266d,ann_5d03207c266d,3170,0,mar20-airport-proxy-036,aircraft,aircraft,8,"[551.0, 296.0, 613.0, 378.0]",62.0,small,m3-f0-i3170-p296708,0.8936,"[556.7, 300.29, 604.24, 373.14]",0.6811
ann_64d492bca6d2,ann_64d492bca6d2,3524,0,mar20-airport-proxy-048,aircraft,aircraft,7,"[230.0, 496.0, 343.0, 607.0]",111.0,medium,m3-f0-i3524-p328501,0.8916,"[228.66, 491.8, 348.68, 608.2]",0.8978
ann_0f7410bfaf5f,ann_0f7410bfaf5f,2925,2,mar20-airport-proxy-051,aircraft,aircraft,19,"[231.0, 451.0, 315.0, 561.0]",84.0,small,m3-f2-i2925-p280505,0.8916,"[229.08, 456.69, 315.45, 560.5]",0.9192
ann_fdacf2a36ddd,ann_fdacf2a36ddd,2637,2,mar20-airport-proxy-051,aircraft,aircraft,19,"[550.0, 402.0, 689.0, 485.0]",83.0,small,m3-f2-i2637-p258308,0.8906,"[554.2, 401.2, 680.96, 488.65]",0.8694
ann_0f352c19e082,ann_0f352c19e082,1454,1,mar20-airport-proxy-002,aircraft,aircraft,13,"[135.0, 674.0, 242.0, 776.0]",102.0,medium,m3-f1-i1454-p150902,0.8906,"[136.96, 676.56, 245.65, 775.0]",0.9171
ann_88768d70443b,ann_88768d70443b,3472,2,mar20-airport-proxy-023,aircraft,aircraft,14,"[71.0, 196.0, 137.0, 275.0]",66.0,small,m3-f2-i3472-p337807,0.8882,"[72.58, 204.74, 138.39, 271.77]",0.8136
ann_611860c90bfb,ann_611860c90bfb,1709,2,mar20-airport-proxy-005,aircraft,aircraft,19,"[283.0, 277.0, 403.0, 372.0]",95.0,small,m3-f2-i1709-p168903,0.8882,"[283.2, 273.41, 428.12, 366.04]",0.7535
ann_8954b21b6bb9,ann_8954b21b6bb9,3960,1,mar20-airport-proxy-034,aircraft,aircraft,8,"[315.0, 358.0, 394.0, 411.0]",53.0,small,m3-f1-i3960-p420917,0.8877,"[315.61, 359.87, 393.2, 401.74]",0.7758
ann_061bae978c45,ann_061bae978c45,2261,2,mar20-airport-proxy-023,aircraft,aircraft,14,"[454.0, 572.0, 552.0, 654.0]",82.0,small,m3-f2-i2261-p220203,0.8872,"[460.86, 571.83, 546.95, 656.3]",0.8557
ann_8be5b93625e6,ann_8be5b93625e6,1792,0,mar20-airport-proxy-036,aircraft,aircraft,8,"[547.0, 55.0, 614.0, 115.0]",60.0,small,m3-f0-i1792-p176716,0.8872,"[546.56, 66.08, 609.69, 112.83]",0.7254
ann_1b6a6fc1ae4f,ann_1b6a6fc1ae4f,1386,2,mar20-airport-proxy-040,aircraft,aircraft,22,"[521.0, 447.0, 638.0, 523.0]",76.0,small,m3-f2-i1386-p135306,0.8862,"[520.07, 445.78, 633.84, 524.54]",0.9244
ann_231d1bd2c108,ann_231d1bd2c108,3694,1,mar20-airport-proxy-016,aircraft,aircraft,15,"[220.0, 1.0, 291.0, 58.0]",57.0,small,m3-f1-i3694-p406810,0.8853,"[218.43, 0.59, 285.08, 58.15]",0.8887
ann_d8725bd2a82a,ann_d8725bd2a82a,2159,1,mar20-airport-proxy-020,aircraft,aircraft,15,"[480.0, 477.0, 583.0, 545.0]",68.0,small,m3-f1-i2159-p230100,0.8853,"[475.68, 479.09, 589.41, 545.93]",0.8684
ann_a613a1651385,ann_a613a1651385,3860,0,mar20-airport-proxy-036,aircraft,aircraft,18,"[499.0, 161.0, 548.0, 205.0]",44.0,small,m3-f0-i3860-p381906,0.8838,"[502.4, 160.14, 549.94, 204.9]",0.8771
ann_d246e3202679,ann_d246e3202679,3881,2,mar20-airport-proxy-040,aircraft,aircraft,22,"[17.0, 220.0, 132.0, 413.0]",115.0,medium,m3-f2-i3881-p365101,0.8828,"[13.3, 235.44, 132.04, 394.93]",0.8048
ann_e5377c8cc875,ann_e5377c8cc875,3472,2,mar20-airport-proxy-023,aircraft,aircraft,17,"[1.0, 465.0, 37.0, 543.0]",36.0,small,m3-f2-i3472-p337808,0.8828,"[0.04, 474.08, 36.97, 536.79]",0.7865
ann_df15d01b7445,ann_df15d01b7445,3170,0,mar20-airport-proxy-036,aircraft,aircraft,8,"[426.0, 285.0, 487.0, 369.0]",61.0,small,m3-f0-i3170-p296711,0.8828,"[434.91, 288.21, 482.28, 368.04]",0.7379
ann_3e4f78849d1e,ann_3e4f78849d1e,3073,0,mar20-airport-proxy-036,aircraft,aircraft,16,"[304.0, 597.0, 397.0, 737.0]",93.0,small,m3-f0-i3073-p290101,0.8818,"[303.66, 604.54, 398.68, 737.65]",0.9228
ann_44efa4feebe4,ann_44efa4feebe4,3920,0,mar20-airport-proxy-045,aircraft,aircraft,5,"[663.0, 252.0, 725.0, 318.0]",62.0,small,m3-f0-i3920-p391201,0.8818,"[661.69, 253.17, 723.33, 315.42]",0.8998
ann_68791778bbad,ann_68791778bbad,3754,0,mar20-airport-proxy-018,aircraft,aircraft,20,"[43.0, 486.0, 94.0, 542.0]",51.0,small,m3-f0-i3754-p357608,0.8809,"[45.13, 486.79, 94.71, 538.99]",0.8817
ann_624a2425357f,ann_624a2425357f,3364,1,mar20-airport-proxy-011,aircraft,aircraft,4,"[314.0, 77.0, 368.0, 148.0]",54.0,small,m3-f1-i3364-p369007,0.8809,"[311.52, 77.71, 369.73, 153.74]",0.8504
ann_89ed614be265,ann_89ed614be265,2941,2,mar20-airport-proxy-015,aircraft,aircraft,22,"[45.0, 351.0, 170.0, 406.0]",55.0,small,m3-f2-i2941-p282300,0.8809,"[44.43, 345.8, 168.85, 414.75]",0.7883
ann_7d3502e67b23,ann_7d3502e67b23,3920,0,mar20-airport-proxy-045,aircraft,aircraft,5,"[593.0, 321.0, 658.0, 382.0]",61.0,small,m3-f0-i3920-p391202,0.8804,"[591.86, 322.22, 654.18, 384.46]",0.8737
ann_87ee8e8b6041,ann_87ee8e8b6041,3495,1,mar20-airport-proxy-043,aircraft,aircraft,23,"[450.0, 264.0, 503.0, 301.0]",37.0,small,m3-f1-i3495-p382203,0.8789,"[446.85, 264.16, 505.49, 302.25]",0.8709
ann_19b8e47127e6,ann_19b8e47127e6,1902,1,mar20-airport-proxy-042,aircraft,aircraft,22,"[259.0, 479.0, 322.0, 572.0]",63.0,small,m3-f1-i1902-p197708,0.8789,"[260.23, 479.32, 321.8, 567.55]",0.9272
ann_6e3e28987397,ann_6e3e28987397,3490,0,mar20-airport-proxy-041,aircraft,aircraft,20,"[387.0, 279.0, 491.0, 384.0]",104.0,medium,m3-f0-i3490-p324901,0.8779,"[389.26, 280.52, 484.96, 380.42]",0.8755
ann_fbb62385e0cd,ann_fbb62385e0cd,3754,0,mar20-airport-proxy-018,aircraft,aircraft,20,"[725.0, 535.0, 779.0, 588.0]",53.0,small,m3-f0-i3754-p357609,0.877,"[727.05, 534.4, 773.73, 586.69]",0.835
ann_4be60cdca004,ann_4be60cdca004,4160,2,mar20-airport-proxy-013,aircraft,aircraft,18,"[639.0, 133.0, 680.0, 187.0]",41.0,small,m3-f2-i4160-p372319,0.8765,"[638.07, 134.61, 678.45, 185.72]",0.8916
ann_9b42313c1ae3,ann_9b42313c1ae3,4016,1,mar20-airport-proxy-010,aircraft,aircraft,5,"[118.0, 348.0, 165.0, 397.0]",47.0,small,m3-f1-i4016-p434405,0.8755,"[113.28, 340.08, 160.54, 397.89]",0.7065
ann_74c9cc69c006,ann_74c9cc69c006,4349,1,mar20-airport-proxy-016,aircraft,aircraft,15,"[485.0, 624.0, 592.0, 712.0]",88.0,small,m3-f1-i4349-p473706,0.875,"[489.5, 625.07, 579.25, 710.86]",0.8177
ann_a7d68be1cd07,ann_a7d68be1cd07,1382,0,mar20-airport-proxy-036,aircraft,aircraft,8,"[378.0, 322.0, 475.0, 390.0]",68.0,small,m3-f0-i1382-p135905,0.874,"[383.94, 323.97, 474.66, 390.87]",0.8974
ann_3ceb3b8f4a12,ann_3ceb3b8f4a12,2925,2,mar20-airport-proxy-051,aircraft,aircraft,19,"[305.0, 508.0, 399.0, 619.0]",94.0,small,m3-f2-i2925-p280507,0.8735,"[301.66, 515.97, 393.65, 619.97]",0.8405
ann_4da7c8467c99,ann_4da7c8467c99,3779,0,mar20-airport-proxy-018,aircraft,aircraft,9,"[425.0, 653.0, 522.0, 748.0]",95.0,small,m3-f0-i3779-p363904,0.8726,"[429.1, 649.85, 520.12, 747.8]",0.9081
ann_0f597d55bfab,ann_0f597d55bfab,3960,1,mar20-airport-proxy-034,aircraft,aircraft,8,"[34.0, 45.0, 109.0, 92.0]",47.0,small,m3-f1-i3960-p420918,0.8726,"[34.93, 38.41, 104.79, 82.27]",0.6533
ann_dbda205079a1,ann_dbda205079a1,3258,2,mar20-airport-proxy-040,aircraft,aircraft,22,"[410.0, 406.0, 509.0, 474.0]",68.0,small,m3-f2-i3258-p313203,0.8721,"[410.67, 407.52, 506.52, 479.98]",0.8723
ann_c9486b0f1668,ann_c9486b0f1668,3455,2,mar20-airport-proxy-023,aircraft,aircraft,14,"[195.0, 291.0, 314.0, 410.0]",119.0,medium,m3-f2-i3455-p336002,0.8716,"[196.29, 296.42, 310.83, 414.42]",0.8869
ann_c070b93f2ffd,ann_c070b93f2ffd,3381,2,mar20-airport-proxy-051,aircraft,aircraft,16,"[269.0, 404.0, 452.0, 689.0]",183.0,medium,m3-f2-i3381-p326701,0.8706,"[269.38, 415.92, 457.18, 692.68]",0.9191
ann_34f802515465,ann_34f802515465,3779,0,mar20-airport-proxy-018,aircraft,aircraft,9,"[154.0, 650.0, 247.0, 745.0]",93.0,small,m3-f0-i3779-p363905,0.8696,"[155.62, 647.31, 244.78, 743.31]",0.9168
ann_67146a75813c,ann_67146a75813c,1651,2,mar20-airport-proxy-021,aircraft,aircraft,20,"[274.0, 486.0, 386.0, 592.0]",106.0,medium,m3-f2-i1651-p162903,0.8696,"[274.22, 484.23, 388.28, 592.33]",0.9591
ann_39cb55031f84,ann_39cb55031f84,2724,1,mar20-airport-proxy-012,aircraft,aircraft,18,"[488.0, 520.0, 610.0, 634.0]",114.0,medium,m3-f1-i2724-p294600,0.8687,"[487.11, 523.78, 608.2, 634.81]",0.9393
ann_aca8624f785e,ann_aca8624f785e,3483,2,mar20-airport-proxy-023,aircraft,aircraft,17,"[112.0, 246.0, 169.0, 301.0]",55.0,small,m3-f2-i3483-p339007,0.8687,"[117.72, 253.0, 161.77, 295.87]",0.6025
ann_d73f83ce896c,ann_d73f83ce896c,1487,2,mar20-airport-proxy-009,aircraft,aircraft,10,"[55.0, 271.0, 121.0, 343.0]",66.0,small,m3-f2-i1487-p144602,0.8687,"[51.9, 266.94, 123.5, 344.96]",0.8508
ann_e7e9ba8f1a0f,ann_e7e9ba8f1a0f,3759,1,mar20-airport-proxy-016,aircraft,aircraft,15,"[166.0, 535.0, 223.0, 595.0]",57.0,small,m3-f1-i3759-p409510,0.8667,"[164.79, 536.06, 221.34, 593.63]",0.913
ann_b4179f6baa18,ann_b4179f6baa18,2605,2,mar20-airport-proxy-005,aircraft,aircraft,11,"[142.0, 3.0, 356.0, 248.0]",214.0,medium,m3-f2-i2605-p254101,0.8657,"[134.86, 0.0, 354.59, 247.66]",0.9485
ann_128fc3614d88,ann_128fc3614d88,2925,2,mar20-airport-proxy-051,aircraft,aircraft,19,"[633.0, 455.0, 718.0, 561.0]",85.0,small,m3-f2-i2925-p280508,0.8638,"[629.86, 453.61, 717.8, 559.67]",0.9381
ann_2531fa5cd97b,ann_2531fa5cd97b,1790,1,mar20-airport-proxy-035,aircraft,aircraft,8,"[593.0, 197.0, 673.0, 293.0]",80.0,small,m3-f1-i1790-p186006,0.8633,"[598.44, 199.07, 675.0, 294.68]",0.8758
ann_f3ed92ec0200,ann_f3ed92ec0200,3660,2,mar20-airport-proxy-056,aircraft,aircraft,8,"[298.0, 342.0, 379.0, 441.0]",81.0,small,m3-f2-i3660-p353102,0.8623,"[284.96, 324.46, 386.91, 450.93]",0.6219
ann_d0cbd5c8e46c,ann_d0cbd5c8e46c,4295,0,mar20-airport-proxy-047,aircraft,aircraft,13,"[289.0, 252.0, 412.0, 352.0]",100.0,medium,m3-f0-i4295-p429600,0.8579,"[289.99, 245.75, 414.31, 358.54]",0.864
ann_f745d7877f9e,ann_f745d7877f9e,4030,1,mar20-airport-proxy-010,aircraft,aircraft,7,"[353.0, 48.0, 445.0, 139.0]",91.0,small,m3-f1-i4030-p438605,0.8574,"[350.82, 43.13, 447.12, 140.43]",0.8935
ann_dd72f4d01dea,ann_dd72f4d01dea,2262,0,mar20-airport-proxy-018,aircraft,aircraft,9,"[106.0, 647.0, 184.0, 728.0]",78.0,small,m3-f0-i2262-p216606,0.8569,"[105.22, 647.22, 184.81, 729.35]",0.9615
ann_52e7c8396698,ann_52e7c8396698,1709,2,mar20-airport-proxy-005,aircraft,aircraft,19,"[265.0, 365.0, 397.0, 450.0]",85.0,small,m3-f2-i1709-p168904,0.8569,"[276.37, 358.62, 400.2, 449.98]",0.8346
ann_812b582dbc89,ann_812b582dbc89,1997,0,mar20-airport-proxy-018,aircraft,aircraft,9,"[272.0, 381.0, 348.0, 454.0]",73.0,small,m3-f0-i1997-p193801,0.8555,"[267.5, 375.12, 351.25, 466.28]",0.7268
ann_e8d92a5b374d,ann_e8d92a5b374d,3960,1,mar20-airport-proxy-034,aircraft,aircraft,8,"[316.0, 28.0, 393.0, 74.0]",46.0,small,m3-f1-i3960-p420919,0.855,"[317.53, 28.72, 387.87, 68.16]",0.7834
ann_aad66aeee176,ann_aad66aeee176,3875,0,mar20-airport-proxy-026,aircraft,aircraft,4,"[350.0, 159.0, 403.0, 229.0]",53.0,small,m3-f0-i3875-p383702,0.8545,"[352.09, 158.64, 397.91, 222.8]",0.7846
ann_c217981e31c0,ann_c217981e31c0,2593,0,mar20-airport-proxy-033,aircraft,aircraft,19,"[186.0, 540.0, 274.0, 619.0]",79.0,small,m3-f0-i2593-p244203,0.8525,"[185.86, 534.64, 276.25, 623.17]",0.8689
ann_9ea97d71201b,ann_9ea97d71201b,3815,0,mar20-airport-proxy-018,aircraft,aircraft,15,"[379.0, 79.0, 464.0, 145.0]",66.0,small,m3-f0-i3815-p372609,0.8516,"[382.25, 82.69, 457.59, 141.33]",0.7876
ann_8be3def95ae9,ann_8be3def95ae9,3300,2,mar20-airport-proxy-015,aircraft,aircraft,4,"[684.0, 616.0, 769.0, 732.0]",85.0,small,m3-f2-i3300-p316802,0.8506,"[681.03, 612.11, 768.19, 734.77]",0.9055
ann_2f07a122e8b8,ann_2f07a122e8b8,3875,0,mar20-airport-proxy-026,aircraft,aircraft,4,"[529.0, 511.0, 604.0, 561.0]",50.0,small,m3-f0-i3875-p383703,0.8481,"[528.86, 507.79, 600.05, 561.74]",0.8796
ann_42651358397d,ann_42651358397d,1997,0,mar20-airport-proxy-018,aircraft,aircraft,9,"[565.0, 355.0, 640.0, 427.0]",72.0,small,m3-f0-i1997-p193802,0.8447,"[560.77, 348.54, 643.92, 436.62]",0.7372
ann_cdebdd28525a,ann_cdebdd28525a,3779,0,mar20-airport-proxy-018,aircraft,aircraft,9,"[709.0, 657.0, 800.0, 750.0]",91.0,small,m3-f0-i3779-p363906,0.8442,"[711.6, 655.2, 799.34, 753.39]",0.915
ann_65cb324f6b7d,ann_65cb324f6b7d,3300,2,mar20-airport-proxy-015,aircraft,aircraft,4,"[511.0, 528.0, 596.0, 636.0]",85.0,small,m3-f2-i3300-p316805,0.8438,"[509.72, 521.63, 600.44, 637.74]",0.8715
ann_e09e243bcfce,ann_e09e243bcfce,2648,2,mar20-airport-proxy-008,aircraft,aircraft,14,"[336.0, 356.0, 510.0, 524.0]",168.0,medium,m3-f2-i2648-p259800,0.8433,"[350.63, 361.23, 511.08, 524.71]",0.8787
ann_893c6cc0e8dc,ann_893c6cc0e8dc,4116,1,mar20-airport-proxy-012,aircraft,aircraft,18,"[862.0, 294.0, 917.0, 370.0]",55.0,small,m3-f1-i4116-p452100,0.8428,"[854.78, 292.96, 928.43, 367.02]",0.7148
ann_976fd294fd05,ann_976fd294fd05,2410,2,mar20-airport-proxy-015,aircraft,aircraft,23,"[171.0, 679.0, 240.0, 766.0]",69.0,small,m3-f2-i2410-p232503,0.8423,"[171.31, 677.69, 242.75, 768.41]",0.9182
ann_f65be89be453,ann_f65be89be453,2721,2,mar20-airport-proxy-013,aircraft,aircraft,18,"[703.0, 546.0, 791.0, 635.0]",88.0,small,m3-f2-i2721-p267011,0.8418,"[704.25, 543.63, 794.97, 632.15]",0.8909
ann_741734af6c95,ann_741734af6c95,1686,0,mar20-airport-proxy-036,aircraft,aircraft,16,"[368.0, 62.0, 464.0, 195.0]",96.0,medium,m3-f0-i1686-p165906,0.8418,"[372.53, 60.4, 463.4, 189.6]",0.8979
ann_344eadc78386,ann_344eadc78386,3131,1,mar20-airport-proxy-017,aircraft,aircraft,17,"[31.0, 569.0, 198.0, 726.0]",157.0,medium,m3-f1-i3131-p345901,0.8413,"[35.99, 562.94, 205.22, 736.28]",0.8445
ann_1d95574ec6a5,ann_1d95574ec6a5,2724,1,mar20-airport-proxy-012,aircraft,aircraft,18,"[255.0, 244.0, 370.0, 355.0]",111.0,medium,m3-f1-i2724-p294601,0.8408,"[251.9, 247.41, 362.16, 353.76]",0.8703
ann_b124eb1f0665,ann_b124eb1f0665,2651,0,mar20-airport-proxy-022,aircraft,aircraft,4,"[350.0, 23.0, 458.0, 106.0]",83.0,small,m3-f0-i2651-p249305,0.8379,"[354.83, 21.46, 460.79, 107.54]",0.8992
ann_434c0c49a7c6,ann_434c0c49a7c6,1686,0,mar20-airport-proxy-036,aircraft,aircraft,16,"[573.0, 94.0, 672.0, 228.0]",99.0,medium,m3-f0-i1686-p165907,0.8354,"[579.96, 97.02, 668.48, 228.17]",0.873
ann_8d01bcb2810f,ann_8d01bcb2810f,2941,2,mar20-airport-proxy-015,aircraft,aircraft,22,"[142.0, 387.0, 264.0, 448.0]",61.0,small,m3-f2-i2941-p282301,0.8354,"[144.48, 384.47, 257.86, 449.9]",0.8706
ann_4e4806b6d50f,ann_4e4806b6d50f,4363,0,mar20-airport-proxy-036,aircraft,aircraft,14,"[492.0, 483.0, 642.0, 650.0]",150.0,medium,m3-f0-i4363-p435901,0.832,"[488.33, 495.21, 643.7, 652.44]",0.8841
ann_e44ae2bc7739,ann_e44ae2bc7739,2925,2,mar20-airport-proxy-051,aircraft,aircraft,19,"[323.0, 244.0, 392.0, 342.0]",69.0,small,m3-f2-i2925-p280511,0.8315,"[316.36, 247.92, 400.83, 344.26]",0.772
ann_be2d3c9d8fc5,ann_be2d3c9d8fc5,3518,0,mar20-airport-proxy-041,aircraft,aircraft,15,"[560.0, 497.0, 689.0, 677.0]",129.0,medium,m3-f0-i3518-p327601,0.8306,"[547.66, 494.73, 693.75, 679.49]",0.8602
ann_567f2409fe5f,ann_567f2409fe5f,3773,0,mar20-airport-proxy-018,aircraft,aircraft,9,"[532.0, 194.0, 584.0, 247.0]",52.0,small,m3-f0-i3773-p362401,0.8301,"[532.3, 193.68, 584.11, 246.17]",0.9708
ann_3068ed8c259a,ann_3068ed8c259a,4116,1,mar20-airport-proxy-012,aircraft,aircraft,18,"[770.0, 275.0, 824.0, 354.0]",54.0,small,m3-f1-i4116-p452101,0.8301,"[763.38, 280.13, 832.98, 349.83]",0.7031
ann_5cd48336d1cf,ann_5cd48336d1cf,4116,1,mar20-airport-proxy-012,aircraft,aircraft,18,"[677.0, 262.0, 731.0, 342.0]",54.0,small,m3-f1-i4116-p452102,0.8301,"[671.13, 261.3, 739.45, 340.78]",0.7741
ann_65c29cecc27d,ann_65c29cecc27d,4204,2,mar20-airport-proxy-051,aircraft,aircraft,16,"[104.0, 568.0, 357.0, 745.0]",177.0,medium,m3-f2-i4204-p380104,0.8267,"[102.34, 564.65, 357.42, 754.1]",0.9267
ann_1619aa0de8fe,ann_1619aa0de8fe,3773,0,mar20-airport-proxy-018,aircraft,aircraft,9,"[510.0, 117.0, 560.0, 169.0]",50.0,small,m3-f0-i3773-p362402,0.8262,"[510.36, 114.28, 559.95, 166.77]",0.9024
ann_64a4e2eef37d,ann_64a4e2eef37d,3014,0,mar20-airport-proxy-026,aircraft,aircraft,4,"[199.0, 376.0, 269.0, 474.0]",70.0,small,m3-f0-i3014-p284404,0.8247,"[201.66, 376.81, 270.21, 477.1]",0.9102
ann_4603ed1b894b,ann_4603ed1b894b,1686,0,mar20-airport-proxy-036,aircraft,aircraft,16,"[676.0, 115.0, 771.0, 247.0]",95.0,small,m3-f0-i1686-p165908,0.8232,"[682.15, 118.55, 771.75, 247.85]",0.8977
ann_3d092c4d9748,ann_3d092c4d9748,2083,0,mar20-airport-proxy-026,aircraft,aircraft,4,"[351.0, 422.0, 621.0, 617.0]",195.0,medium,m3-f0-i2083-p201601,0.8228,"[352.34, 421.48, 623.44, 623.83]",0.9505
ann_e50694bc7de3,ann_e50694bc7de3,3279,0,mar20-airport-proxy-045,aircraft,aircraft,14,"[190.0, 426.0, 316.0, 563.0]",126.0,medium,m3-f0-i3279-p305704,0.8208,"[189.6, 425.39, 316.26, 562.11]",0.984
ann_8ddc33ecd005,ann_8ddc33ecd005,4116,1,mar20-airport-proxy-012,aircraft,aircraft,18,"[492.0, 236.0, 550.0, 314.0]",58.0,small,m3-f1-i4116-p452103,0.8188,"[485.6, 235.76, 559.92, 311.09]",0.7552
ann_0d7ae041952c,ann_0d7ae041952c,1871,2,mar20-airport-proxy-008,aircraft,aircraft,22,"[45.0, 278.0, 116.0, 361.0]",71.0,small,m3-f2-i1871-p182701,0.8169,"[46.82, 271.88, 111.47, 364.49]",0.8237
ann_d47af608df64,ann_d47af608df64,3960,1,mar20-airport-proxy-034,aircraft,aircraft,8,"[253.0, 290.0, 327.0, 342.0]",52.0,small,m3-f1-i3960-p420920,0.8125,"[254.6, 291.13, 328.6, 333.49]",0.783
ann_2cf181ba6ed8,ann_2cf181ba6ed8,1686,0,mar20-airport-proxy-036,aircraft,aircraft,16,"[269.0, 44.0, 358.0, 172.0]",89.0,small,m3-f0-i1686-p165909,0.8096,"[269.26, 45.07, 360.42, 174.66]",0.9432
ann_b52f80f8c197,ann_b52f80f8c197,2207,1,mar20-airport-proxy-035,aircraft,aircraft,8,"[255.0, 448.0, 326.0, 523.0]",71.0,small,m3-f1-i2207-p235507,0.8091,"[260.45, 453.78, 321.58, 522.0]",0.7831
ann_feba0429ab94,ann_feba0429ab94,3770,0,mar20-airport-proxy-018,aircraft,aircraft,9,"[418.0, 31.0, 514.0, 122.0]",91.0,small,m3-f0-i3770-p361801,0.8062,"[419.73, 27.27, 515.43, 124.19]",0.9095
ann_98cd12e0a4ba,ann_98cd12e0a4ba,2934,0,mar20-airport-proxy-036,aircraft,aircraft,16,"[146.0, 555.0, 231.0, 624.0]",69.0,small,m3-f0-i2934-p276911,0.8052,"[147.09, 566.92, 228.49, 622.14]",0.7664
ann_162ac0c57853,ann_162ac0c57853,1617,2,mar20-airport-proxy-013,aircraft,aircraft,18,"[608.0, 102.0, 655.0, 135.0]",33.0,small,m3-f2-i1617-p158409,0.8027,"[608.0, 103.94, 656.07, 136.49]",0.8816
ann_a3cac1f182a1,ann_a3cac1f182a1,4080,1,mar20-airport-proxy-049,aircraft,aircraft,16,"[193.0, 121.0, 215.0, 146.0]",22.0,tiny,m3-f1-i4080-p450918,0.8022,"[191.53, 122.29, 215.17, 146.73]",0.861
ann_de6205aea268,ann_de6205aea268,1873,2,mar20-airport-proxy-056,aircraft,aircraft,8,"[576.0, 54.0, 668.0, 137.0]",83.0,small,m3-f2-i1873-p183001,0.8018,"[575.15, 50.71, 672.51, 146.17]",0.8216
ann_79ecc4842e5b,ann_79ecc4842e5b,1427,1,mar20-airport-proxy-011,aircraft,aircraft,10,"[404.0, 272.0, 473.0, 337.0]",65.0,small,m3-f1-i1427-p148201,0.8018,"[404.21, 271.53, 469.79, 341.2]",0.8897
ann_91c95fdee1f9,ann_91c95fdee1f9,3381,2,mar20-airport-proxy-051,aircraft,aircraft,16,"[504.0, 415.0, 693.0, 684.0]",189.0,medium,m3-f2-i3381-p326702,0.7993,"[501.42, 423.63, 695.46, 684.96]",0.9402
ann_2e2e4bd3e827,ann_2e2e4bd3e827,1829,1,mar20-airport-proxy-029,aircraft,aircraft,17,"[237.0, 596.0, 360.0, 725.0]",123.0,medium,m3-f1-i1829-p190805,0.7983,"[237.45, 599.27, 357.86, 723.39]",0.9419
ann_8f6fb638dec8,ann_8f6fb638dec8,3884,2,mar20-airport-proxy-040,aircraft,aircraft,4,"[74.0, 325.0, 196.0, 495.0]",122.0,medium,m3-f2-i3884-p366001,0.7959,"[72.49, 335.33, 193.02, 491.6]",0.8867
ann_f9d1fcb536d4,ann_f9d1fcb536d4,1607,1,mar20-airport-proxy-012,aircraft,aircraft,18,"[680.0, 301.0, 724.0, 361.0]",44.0,small,m3-f1-i1607-p167105,0.7954,"[680.21, 297.04, 726.04, 357.74]",0.846
ann_bc58ce6668e2,ann_bc58ce6668e2,3770,0,mar20-airport-proxy-018,aircraft,aircraft,20,"[314.0, 299.0, 399.0, 386.0]",85.0,small,m3-f0-i3770-p361802,0.7944,"[313.01, 297.85, 402.61, 386.52]",0.9308
ann_2c49705b1112,ann_2c49705b1112,2984,2,mar20-airport-proxy-021,aircraft,aircraft,20,"[233.0, 421.0, 328.0, 508.0]",87.0,small,m3-f2-i2984-p286503,0.7935,"[233.37, 420.73, 329.13, 508.18]",0.9793
ann_cc588331e3c6,ann_cc588331e3c6,4072,1,mar20-airport-proxy-049,aircraft,aircraft,14,"[254.0, 66.0, 323.0, 129.0]",63.0,small,m3-f1-i4072-p448803,0.7925,"[254.84, 66.37, 321.05, 132.68]",0.9033
ann_5b494fa5a965,ann_5b494fa5a965,3381,2,mar20-airport-proxy-051,aircraft,aircraft,16,"[624.0, 304.0, 800.0, 583.0]",176.0,medium,m3-f2-i3381-p326703,0.7925,"[622.66, 307.03, 800.0, 578.91]",0.9673
ann_af4e3e617835,ann_af4e3e617835,3763,0,mar20-airport-proxy-018,aircraft,aircraft,9,"[418.0, 4.0, 510.0, 92.0]",88.0,small,m3-f0-i3763-p360000,0.7905,"[418.8, 2.05, 508.54, 95.31]",0.9217
ann_bb4ae81108f4,ann_bb4ae81108f4,2594,1,mar20-airport-proxy-028,aircraft,aircraft,11,"[89.0, 494.0, 177.0, 602.0]",88.0,small,m3-f1-i2594-p280507,0.7876,"[89.48, 497.66, 176.34, 599.22]",0.9283
ann_52145672ed54,ann_52145672ed54,3328,2,mar20-airport-proxy-015,aircraft,aircraft,23,"[212.0, 61.0, 270.0, 139.0]",58.0,small,m3-f2-i3328-p321008,0.7861,"[208.4, 57.76, 273.63, 139.31]",0.8505
ann_89859d750dfb,ann_89859d750dfb,2788,0,mar20-airport-proxy-022,aircraft,aircraft,4,"[328.0, 552.0, 423.0, 624.0]",72.0,small,m3-f0-i2788-p261007,0.7861,"[332.54, 554.57, 417.46, 618.87]",0.7983
ann_4d4fe8781b80,ann_4d4fe8781b80,4072,1,mar20-airport-proxy-049,aircraft,aircraft,14,"[305.0, 128.0, 374.0, 192.0]",64.0,small,m3-f1-i4072-p448804,0.7856,"[303.47, 125.78, 372.12, 194.36]",0.8896
ann_5291550c7707,ann_5291550c7707,4116,1,mar20-airport-proxy-012,aircraft,aircraft,18,"[952.0, 304.0, 1010.0, 387.0]",58.0,small,m3-f1-i4116-p452104,0.7852,"[946.05, 305.5, 1015.37, 383.97]",0.7981
ann_cf0380aa9b03,ann_cf0380aa9b03,1826,2,mar20-airport-proxy-008,aircraft,aircraft,22,"[74.0, 584.0, 129.0, 640.0]",55.0,small,m3-f2-i1826-p177301,0.7847,"[74.58, 585.94, 134.79, 640.14]",0.8649
ann_0ae1d58679f7,ann_0ae1d58679f7,2184,0,mar20-airport-proxy-041,aircraft,aircraft,15,"[682.0, 79.0, 774.0, 148.0]",69.0,small,m3-f0-i2184-p210302,0.7803,"[687.89, 78.42, 771.48, 146.39]",0.8806
ann_05dc171c4285,ann_05dc171c4285,2724,1,mar20-airport-proxy-012,aircraft,aircraft,18,"[599.0, 665.0, 720.0, 777.0]",112.0,medium,m3-f1-i2724-p294602,0.7759,"[601.12, 663.72, 713.72, 774.56]",0.9007
ann_c4946c195bfb,ann_c4946c195bfb,2473,1,mar20-airport-proxy-038,aircraft,aircraft,18,"[154.0, 62.0, 235.0, 129.0]",67.0,small,m3-f1-i2473-p267605,0.7744,"[158.03, 58.79, 229.47, 127.73]",0.8302
ann_79de78985f7c,ann_79de78985f7c,3073,0,mar20-airport-proxy-036,aircraft,aircraft,16,"[452.0, 95.0, 537.0, 219.0]",85.0,small,m3-f0-i3073-p290103,0.7729,"[446.29, 99.22, 538.09, 220.51]",0.8859
ann_dcfcc802640d,ann_dcfcc802640d,2978,0,mar20-airport-proxy-041,aircraft,aircraft,20,"[148.0, 343.0, 250.0, 441.0]",98.0,medium,m3-f0-i2978-p281100,0.772,"[144.34, 342.99, 258.01, 427.32]",0.7832
ann_2b339b94fde2,ann_2b339b94fde2,2577,2,mar20-airport-proxy-051,aircraft,aircraft,17,"[184.0, 541.0, 338.0, 705.0]",154.0,medium,m3-f2-i2577-p251705,0.7695,"[186.04, 542.14, 341.7, 709.42]",0.9323
ann_62db9c197796,ann_62db9c197796,2013,1,mar20-airport-proxy-042,aircraft,aircraft,22,"[665.0, 372.0, 738.0, 441.0]",69.0,small,m3-f1-i2013-p210604,0.7637,"[670.95, 367.55, 738.43, 441.04]",0.8617
ann_599fbee36374,ann_599fbee36374,1882,1,mar20-airport-proxy-057,aircraft,aircraft,19,"[273.0, 302.0, 335.0, 399.0]",62.0,small,m3-f1-i1882-p195904,0.7607,"[239.21, 299.85, 340.09, 413.04]",0.5267
ann_7b411e67f78f,ann_7b411e67f78f,3691,2,mar20-airport-proxy-040,aircraft,aircraft,4,"[132.0, 188.0, 220.0, 303.0]",88.0,small,m3-f2-i3691-p356104,0.7583,"[132.69, 195.65, 216.14, 303.17]",0.8839
ann_1a99bc274b36,ann_1a99bc274b36,2279,0,mar20-airport-proxy-018,aircraft,aircraft,9,"[139.0, 39.0, 282.0, 175.0]",136.0,medium,m3-f0-i2279-p218405,0.7563,"[138.0, 34.24, 281.75, 177.27]",0.9427
ann_463f7fe6fd98,ann_463f7fe6fd98,3073,0,mar20-airport-proxy-036,aircraft,aircraft,16,"[357.0, 87.0, 441.0, 210.0]",84.0,small,m3-f0-i3073-p290104,0.75,"[353.32, 89.01, 442.77, 211.77]",0.9115
ann_1c4902082524,ann_1c4902082524,1839,1,mar20-airport-proxy-038,aircraft,aircraft,18,"[426.0, 395.0, 508.0, 461.0]",66.0,small,m3-f1-i1839-p192302,0.7485,"[429.71, 393.26, 511.69, 459.08]",0.8663
ann_2accec0f3874,ann_2accec0f3874,1686,0,mar20-airport-proxy-036,aircraft,aircraft,16,"[163.0, 23.0, 254.0, 156.0]",91.0,small,m3-f0-i1686-p165911,0.7485,"[164.84, 26.66, 258.59, 156.35]",0.9059
ann_975b6f2ca547,ann_975b6f2ca547,2806,0,mar20-airport-proxy-022,aircraft,aircraft,4,"[166.0, 407.0, 245.0, 501.0]",79.0,small,m3-f0-i2806-p263109,0.7466,"[164.65, 403.71, 245.51, 500.98]",0.9437
ann_59f47fd0b1a9,ann_59f47fd0b1a9,3736,0,mar20-airport-proxy-036,aircraft,aircraft,16,"[278.0, 188.0, 364.0, 246.0]",58.0,small,m3-f0-i3736-p353106,0.7422,"[274.95, 185.62, 364.11, 249.93]",0.87
ann_ccd2d2f67077,ann_ccd2d2f67077,2735,0,mar20-airport-proxy-041,aircraft,aircraft,20,"[371.0, 408.0, 450.0, 484.0]",76.0,small,m3-f0-i2735-p255601,0.7417,"[371.19, 402.03, 451.46, 472.19]",0.7691
ann_4bf1b933d4bc,ann_4bf1b933d4bc,4116,1,mar20-airport-proxy-012,aircraft,aircraft,18,"[218.0, 190.0, 272.0, 267.0]",54.0,small,m3-f1-i4116-p452105,0.7417,"[208.62, 187.81, 284.43, 265.75]",0.6846
ann_0e669f3c8ab7,ann_0e669f3c8ab7,3073,0,mar20-airport-proxy-036,aircraft,aircraft,16,"[254.0, 77.0, 348.0, 198.0]",94.0,small,m3-f0-i3073-p290105,0.7407,"[258.94, 78.66, 348.88, 202.0]",0.8978
ann_43e760780a70,ann_43e760780a70,2543,2,mar20-airport-proxy-044,aircraft,aircraft,7,"[509.0, 533.0, 664.0, 672.0]",139.0,medium,m3-f2-i2543-p247505,0.7407,"[512.89, 537.06, 666.8, 667.63]",0.9005
ann_4cb04f8b053b,ann_4cb04f8b053b,2244,1,mar20-airport-proxy-012,aircraft,aircraft,18,"[623.0, 391.0, 702.0, 503.0]",79.0,small,m3-f1-i2244-p239100,0.7397,"[621.51, 396.75, 694.9, 496.22]",0.7949
ann_51aa5d47a1e0,ann_51aa5d47a1e0,2115,0,mar20-airport-proxy-022,aircraft,aircraft,4,"[208.0, 194.0, 259.0, 241.0]",47.0,small,m3-f0-i2115-p203703,0.7383,"[206.47, 195.08, 258.76, 241.25]",0.9399
ann_532bdec682b7,ann_532bdec682b7,2984,2,mar20-airport-proxy-021,aircraft,aircraft,20,"[630.0, 383.0, 720.0, 469.0]",86.0,small,m3-f2-i2984-p286506,0.7358,"[630.2, 383.74, 721.36, 469.38]",0.9702
ann_7bac151d47ec,ann_7bac151d47ec,3884,2,mar20-airport-proxy-040,aircraft,aircraft,4,"[208.0, 297.0, 330.0, 467.0]",122.0,medium,m3-f2-i3884-p366002,0.7358,"[209.64, 302.36, 327.77, 455.94]",0.8748
ann_b7c8f58f72db,ann_b7c8f58f72db,2724,1,mar20-airport-proxy-012,aircraft,aircraft,18,"[372.0, 386.0, 487.0, 497.0]",111.0,medium,m3-f1-i2724-p294603,0.7354,"[371.04, 381.98, 487.55, 493.02]",0.9188
ann_2b0fe2bb7c53,ann_2b0fe2bb7c53,2872,2,mar20-airport-proxy-004,aircraft,aircraft,6,"[61.0, 553.0, 258.0, 754.0]",197.0,medium,m3-f2-i2872-p276304,0.7334,"[61.47, 554.0, 252.39, 760.06]",0.9369
ann_f1b678046427,ann_f1b678046427,3779,0,mar20-airport-proxy-018,aircraft,aircraft,9,"[40.0, 649.0, 135.0, 741.0]",92.0,small,m3-f0-i3779-p363909,0.7314,"[43.19, 644.31, 134.84, 742.41]",0.9068
ann_4c77bc7241d7,ann_4c77bc7241d7,3258,2,mar20-airport-proxy-040,aircraft,aircraft,22,"[443.0, 112.0, 538.0, 182.0]",70.0,small,m3-f2-i3258-p313205,0.73,"[444.56, 114.31, 537.48, 185.5]",0.9018
ann_e999c03c467e,ann_e999c03c467e,2282,0,mar20-airport-proxy-022,aircraft,aircraft,22,"[400.0, 445.0, 482.0, 533.0]",82.0,small,m3-f0-i2282-p218703,0.7285,"[402.61, 444.85, 481.76, 531.71]",0.9496
ann_bb81b122e568,ann_bb81b122e568,2290,0,mar20-airport-proxy-018,aircraft,aircraft,9,"[552.0, 129.0, 601.0, 177.0]",48.0,small,m3-f0-i2290-p219913,0.7256,"[553.42, 132.65, 600.28, 177.26]",0.8792
ann_11772f91b62f,ann_11772f91b62f,2250,0,mar20-airport-proxy-036,aircraft,aircraft,8,"[301.0, 92.0, 378.0, 188.0]",77.0,small,m3-f0-i2250-p215708,0.7231,"[304.66, 91.92, 376.59, 188.94]",0.9249
ann_b1ad55cb6a8e,ann_b1ad55cb6a8e,2577,2,mar20-airport-proxy-051,aircraft,aircraft,17,"[504.0, 543.0, 655.0, 703.0]",151.0,medium,m3-f2-i2577-p251707,0.7227,"[500.59, 545.41, 658.01, 707.71]",0.9183
ann_8946b2437d75,ann_8946b2437d75,2925,2,mar20-airport-proxy-051,aircraft,aircraft,19,"[318.0, 183.0, 393.0, 292.0]",75.0,small,m3-f2-i2925-p280518,0.7207,"[314.97, 192.43, 394.41, 288.43]",0.837
ann_0d84cdc79168,ann_0d84cdc79168,1674,0,mar20-airport-proxy-006,aircraft,aircraft,18,"[357.0, 487.0, 456.0, 563.0]",76.0,small,m3-f0-i1674-p164102,0.7183,"[353.27, 479.24, 460.85, 566.23]",0.804
ann_93c6693c8d59,ann_93c6693c8d59,3738,0,mar20-airport-proxy-018,aircraft,aircraft,9,"[3.0, 146.0, 134.0, 269.0]",123.0,medium,m3-f0-i3738-p353704,0.7183,"[1.56, 137.01, 133.4, 271.19]",0.9029
ann_5d05387a8bb3,ann_5d05387a8bb3,2364,1,mar20-airport-proxy-043,aircraft,aircraft,23,"[476.0, 719.0, 528.0, 800.0]",52.0,small,m3-f1-i2364-p255905,0.7173,"[475.56, 716.26, 526.0, 800.0]",0.9235
ann_0ab380cc0e6a,ann_0ab380cc0e6a,2138,2,mar20-airport-proxy-015,aircraft,aircraft,23,"[83.0, 398.0, 201.0, 487.0]",89.0,small,m3-f2-i2138-p207905,0.7148,"[80.47, 397.95, 201.56, 492.68]",0.9155
ann_ad6289879ced,ann_ad6289879ced,3294,2,mar20-airport-proxy-015,aircraft,aircraft,23,"[692.0, 528.0, 798.0, 660.0]",106.0,medium,m3-f2-i3294-p315607,0.7124,"[690.58, 527.59, 799.27, 661.47]",0.9615
ann_d2cea8ec2815,ann_d2cea8ec2815,3706,0,mar20-airport-proxy-018,aircraft,aircraft,9,"[183.0, 258.0, 262.0, 333.0]",75.0,small,m3-f0-i3706-p346500,0.7114,"[185.72, 256.01, 265.45, 332.28]",0.8936
ann_d42b8c908b22,ann_d42b8c908b22,3365,0,mar20-airport-proxy-037,aircraft,aircraft,12,"[482.0, 405.0, 569.0, 495.0]",87.0,small,m3-f0-i3365-p314103,0.7104,"[479.3, 408.59, 565.23, 492.19]",0.8637
ann_b80ce8936335,ann_b80ce8936335,3729,2,mar20-airport-proxy-015,aircraft,aircraft,22,"[464.0, 396.0, 548.0, 496.0]",84.0,small,m3-f2-i3729-p358200,0.71,"[463.99, 396.88, 550.85, 495.31]",0.9524
ann_b6b243582644,ann_b6b243582644,1685,0,mar20-airport-proxy-006,aircraft,aircraft,18,"[381.0, 402.0, 413.0, 439.0]",32.0,tiny,m3-f0-i1685-p165601,0.709,"[376.33, 393.0, 413.71, 438.24]",0.6759
ann_3e1afc0cbacf,ann_3e1afc0cbacf,3773,0,mar20-airport-proxy-018,aircraft,aircraft,9,"[618.0, 506.0, 674.0, 558.0]",52.0,small,m3-f0-i3773-p362406,0.708,"[620.43, 503.44, 672.53, 558.28]",0.8855
ann_ec6ffbec1ce9,ann_ec6ffbec1ce9,1685,0,mar20-airport-proxy-006,aircraft,aircraft,18,"[551.0, 393.0, 582.0, 432.0]",31.0,tiny,m3-f0-i1685-p165602,0.7046,"[546.05, 388.79, 583.94, 431.52]",0.7308
ann_ec8bc271dd73,ann_ec8bc271dd73,1997,0,mar20-airport-proxy-018,aircraft,aircraft,9,"[710.0, 340.0, 787.0, 413.0]",73.0,small,m3-f0-i1997-p193804,0.7041,"[705.4, 336.96, 789.14, 431.01]",0.7138
ann_ed7a2ca4f2a8,ann_ed7a2ca4f2a8,3767,0,mar20-airport-proxy-018,aircraft,aircraft,9,"[249.0, 543.0, 302.0, 597.0]",53.0,small,m3-f0-i3767-p361204,0.7026,"[249.0, 539.43, 301.78, 596.51]",0.9258
ann_bbe6b83add49,ann_bbe6b83add49,3706,0,mar20-airport-proxy-018,aircraft,aircraft,9,"[31.0, 42.0, 109.0, 111.0]",69.0,small,m3-f0-i3706-p346501,0.7026,"[30.37, 38.79, 108.98, 113.75]",0.9131
ann_124c7f618709,ann_124c7f618709,1597,0,mar20-airport-proxy-036,aircraft,aircraft,16,"[205.0, 526.0, 310.0, 627.0]",101.0,medium,m3-f0-i1597-p155712,0.6997,"[209.81, 525.51, 308.94, 622.92]",0.9018
ann_66707212734a,ann_66707212734a,2244,1,mar20-airport-proxy-012,aircraft,aircraft,18,"[330.0, 362.0, 418.0, 466.0]",88.0,small,m3-f1-i2244-p239101,0.6997,"[334.01, 357.08, 415.99, 461.67]",0.8551
ann_e2d07b390964,ann_e2d07b390964,2961,1,mar20-airport-proxy-011,aircraft,aircraft,23,"[385.0, 440.0, 432.0, 531.0]",47.0,small,m3-f1-i2961-p323705,0.6938,"[378.34, 437.13, 430.25, 528.49]",0.7985
ann_9bcb4f38769a,ann_9bcb4f38769a,1535,0,mar20-airport-proxy-036,aircraft,aircraft,8,"[585.0, 393.0, 704.0, 486.0]",93.0,small,m3-f0-i1535-p151204,0.6919,"[583.5, 397.0, 702.44, 485.82]",0.9313
ann_db6816acb0e2,ann_db6816acb0e2,2718,0,mar20-airport-proxy-041,aircraft,aircraft,20,"[380.0, 422.0, 570.0, 590.0]",168.0,medium,m3-f0-i2718-p254702,0.6895,"[379.54, 401.27, 567.33, 580.76]",0.8288
ann_9885d1381c67,ann_9885d1381c67,3881,2,mar20-airport-proxy-040,aircraft,aircraft,22,"[299.0, 210.0, 414.0, 403.0]",115.0,medium,m3-f2-i3881-p365105,0.6865,"[298.56, 234.27, 418.29, 391.26]",0.7871
ann_400513f35242,ann_400513f35242,4116,1,mar20-airport-proxy-012,aircraft,aircraft,18,"[403.0, 220.0, 459.0, 294.0]",56.0,small,m3-f1-i4116-p452106,0.6802,"[392.57, 215.83, 466.63, 295.11]",0.7059
ann_d86cd123c375,ann_d86cd123c375,2978,0,mar20-airport-proxy-041,aircraft,aircraft,20,"[377.0, 368.0, 480.0, 466.0]",98.0,medium,m3-f0-i2978-p281101,0.6797,"[374.76, 368.8, 479.15, 464.79]",0.9512
ann_e49f86586df0,ann_e49f86586df0,2633,2,mar20-airport-proxy-023,aircraft,aircraft,14,"[671.0, 461.0, 733.0, 535.0]",62.0,small,m3-f2-i2633-p258009,0.6777,"[674.78, 467.97, 729.91, 528.12]",0.7228
ann_c74edc4015c4,ann_c74edc4015c4,3760,0,mar20-airport-proxy-018,aircraft,aircraft,9,"[310.0, 466.0, 425.0, 584.0]",115.0,medium,m3-f0-i3760-p359109,0.6724,"[310.64, 466.26, 422.17, 581.4]",0.9462
ann_a559669e5259,ann_a559669e5259,4072,1,mar20-airport-proxy-049,aircraft,aircraft,14,"[91.0, 144.0, 158.0, 214.0]",67.0,small,m3-f1-i4072-p448806,0.6719,"[86.65, 146.33, 158.54, 212.41]",0.8832
ann_5c3eec61aa88,ann_5c3eec61aa88,2244,1,mar20-airport-proxy-012,aircraft,aircraft,18,"[50.0, 325.0, 131.0, 437.0]",81.0,small,m3-f1-i2244-p239102,0.668,"[49.24, 326.71, 125.95, 427.98]",0.8407
ann_12caebdd7c84,ann_12caebdd7c84,2658,1,mar20-airport-proxy-017,aircraft,aircraft,17,"[302.0, 356.0, 385.0, 437.0]",81.0,small,m3-f1-i2658-p285906,0.6597,"[298.46, 348.88, 387.48, 438.62]",0.8416
ann_c87a9ba7b1ab,ann_c87a9ba7b1ab,4113,0,mar20-airport-proxy-006,aircraft,aircraft,5,"[413.0, 30.0, 478.0, 87.0]",57.0,small,m3-f0-i4113-p410104,0.6597,"[409.24, 28.73, 478.58, 88.79]",0.8896
ann_1b4daef2e498,ann_1b4daef2e498,1354,1,mar20-airport-proxy-010,aircraft,aircraft,14,"[521.0, 1.0, 596.0, 75.0]",74.0,small,m3-f1-i1354-p140707,0.6543,"[521.97, 0.2, 596.0, 74.85]",0.9746
ann_cd82246cf41f,ann_cd82246cf41f,2244,1,mar20-airport-proxy-012,aircraft,aircraft,18,"[191.0, 337.0, 281.0, 446.0]",90.0,small,m3-f1-i2244-p239103,0.6538,"[189.65, 339.21, 272.07, 443.6]",0.8505
ann_0bd0b7cfec77,ann_0bd0b7cfec77,3450,1,mar20-airport-proxy-042,aircraft,aircraft,22,"[508.0, 463.0, 592.0, 525.0]",62.0,small,m3-f1-i3450-p378011,0.6504,"[508.86, 462.79, 593.48, 523.93]",0.9529
ann_99edf28bed12,ann_99edf28bed12,3300,2,mar20-airport-proxy-015,aircraft,aircraft,4,"[363.0, 138.0, 451.0, 232.0]",88.0,small,m3-f2-i3300-p316808,0.6489,"[360.11, 137.92, 451.61, 234.35]",0.9374
ann_b802daf1f272,ann_b802daf1f272,2984,2,mar20-airport-proxy-021,aircraft,aircraft,20,"[422.0, 399.0, 515.0, 483.0]",84.0,small,m3-f2-i2984-p286508,0.6367,"[421.97, 396.26, 515.53, 483.42]",0.9581
ann_fc20517d1ca3,ann_fc20517d1ca3,2410,2,mar20-airport-proxy-015,aircraft,aircraft,23,"[473.0, 606.0, 543.0, 696.0]",70.0,small,m3-f2-i2410-p232505,0.6304,"[471.26, 605.3, 545.14, 700.17]",0.8989
ann_33cbf3b9e7b5,ann_33cbf3b9e7b5,2543,2,mar20-airport-proxy-044,aircraft,aircraft,7,"[486.0, 672.0, 645.0, 800.0]",128.0,medium,m3-f2-i2543-p247507,0.6284,"[488.62, 670.95, 643.41, 799.37]",0.961
ann_e8fcd3a67cd9,ann_e8fcd3a67cd9,3820,2,mar20-airport-proxy-013,aircraft,aircraft,18,"[456.0, 389.0, 504.0, 425.0]",36.0,small,m3-f2-i3820-p360608,0.6235,"[451.32, 386.24, 501.81, 423.91]",0.7876
ann_5c9ef3c5423e,ann_5c9ef3c5423e,3714,0,mar20-airport-proxy-018,aircraft,aircraft,9,"[284.0, 510.0, 409.0, 634.0]",124.0,medium,m3-f0-i3714-p348303,0.623,"[284.81, 506.25, 406.2, 632.03]",0.9284
ann_35fa9a13dfff,ann_35fa9a13dfff,1378,0,mar20-airport-proxy-032,aircraft,aircraft,17,"[356.0, 189.0, 673.0, 476.0]",287.0,large,m3-f0-i1378-p135301,0.6191,"[353.32, 188.38, 664.65, 485.84]",0.9324
ann_44a14bc1463b,ann_44a14bc1463b,4320,1,mar20-airport-proxy-017,aircraft,aircraft,17,"[472.0, 431.0, 568.0, 532.0]",96.0,small,m3-f1-i4320-p470404,0.6187,"[465.77, 422.31, 572.51, 533.15]",0.8196
ann_427dbb07de97,ann_427dbb07de97,1790,1,mar20-airport-proxy-035,aircraft,aircraft,8,"[508.0, 131.0, 589.0, 222.0]",81.0,small,m3-f1-i1790-p186010,0.6167,"[509.35, 133.96, 589.09, 228.34]",0.8894
ann_29c4ce224a60,ann_29c4ce224a60,3780,0,mar20-airport-proxy-018,aircraft,aircraft,9,"[641.0, 158.0, 733.0, 251.0]",92.0,small,m3-f0-i3780-p364200,0.6143,"[641.04, 154.71, 733.18, 252.71]",0.9468
ann_73648f52a092,ann_73648f52a092,3890,0,mar20-airport-proxy-018,aircraft,aircraft,9,"[432.0, 250.0, 552.0, 375.0]",120.0,medium,m3-f0-i3890-p385508,0.6123,"[431.73, 253.81, 552.56, 373.18]",0.9487
ann_529880314a6c,ann_529880314a6c,2169,1,mar20-airport-proxy-020,aircraft,aircraft,15,"[333.0, 424.0, 385.0, 491.0]",52.0,small,m3-f1-i2169-p231004,0.6104,"[330.28, 423.7, 385.52, 492.32]",0.9192
ann_7e9ea1bb748b,ann_7e9ea1bb748b,3716,0,mar20-airport-proxy-018,aircraft,aircraft,9,"[531.0, 606.0, 587.0, 664.0]",56.0,small,m3-f0-i3716-p348612,0.6094,"[532.64, 604.76, 586.89, 665.55]",0.9256
ann_c39b949a67c2,ann_c39b949a67c2,1815,0,mar20-airport-proxy-036,aircraft,aircraft,8,"[204.0, 222.0, 287.0, 310.0]",83.0,small,m3-f0-i1815-p177905,0.6069,"[205.25, 227.88, 289.28, 306.49]",0.8588
ann_ce36fac40c3f,ann_ce36fac40c3f,3755,0,mar20-airport-proxy-018,aircraft,aircraft,9,"[351.0, 445.0, 439.0, 521.0]",76.0,small,m3-f0-i3755-p357904,0.6001,"[360.06, 443.58, 435.25, 518.92]",0.818
ann_6a6ba6c4a5fd,ann_6a6ba6c4a5fd,3716,0,mar20-airport-proxy-018,aircraft,aircraft,9,"[168.0, 428.0, 225.0, 487.0]",57.0,small,m3-f0-i3716-p348613,0.5977,"[169.51, 425.51, 224.44, 485.42]",0.9014
ann_eaef9a51e02d,ann_eaef9a51e02d,2925,2,mar20-airport-proxy-051,aircraft,aircraft,19,"[168.0, 89.0, 247.0, 187.0]",79.0,small,m3-f2-i2925-p280520,0.5972,"[166.89, 99.78, 247.17, 187.52]",0.8727
ann_a9d3cb39e6a2,ann_a9d3cb39e6a2,2577,2,mar20-airport-proxy-051,aircraft,aircraft,17,"[3.0, 137.0, 154.0, 284.0]",147.0,medium,m3-f2-i2577-p251709,0.5962,"[1.71, 137.74, 156.01, 288.43]",0.9453
ann_68baf0c1328c,ann_68baf0c1328c,2925,2,mar20-airport-proxy-051,aircraft,aircraft,19,"[548.0, 346.0, 620.0, 450.0]",72.0,small,m3-f2-i2925-p280521,0.5957,"[545.75, 348.54, 623.0, 445.21]",0.8706
ann_0acfb1e63997,ann_0acfb1e63997,4246,1,mar20-airport-proxy-042,aircraft,aircraft,22,"[332.0, 620.0, 387.0, 692.0]",55.0,small,m3-f1-i4246-p464412,0.5928,"[333.57, 619.51, 386.74, 691.43]",0.9528
ann_5ab286f250c5,ann_5ab286f250c5,1972,0,mar20-airport-proxy-018,aircraft,aircraft,9,"[600.0, 610.0, 672.0, 679.0]",69.0,small,m3-f0-i1972-p190800,0.5918,"[601.0, 608.18, 671.66, 680.1]",0.9421
ann_6b3a94db069c,ann_6b3a94db069c,2711,0,mar20-airport-proxy-026,aircraft,aircraft,4,"[405.0, 223.0, 521.0, 308.0]",85.0,small,m3-f0-i2711-p253504,0.5806,"[403.12, 223.75, 519.53, 307.5]",0.9575
ann_d8f1362d1c66,ann_d8f1362d1c66,1461,2,mar20-airport-proxy-009,aircraft,aircraft,10,"[215.0, 446.0, 302.0, 531.0]",85.0,small,m3-f2-i1461-p142504,0.5801,"[216.45, 445.91, 302.17, 531.18]",0.9784
ann_f4bf1f0702f7,ann_f4bf1f0702f7,3258,2,mar20-airport-proxy-040,aircraft,aircraft,22,"[451.0, 17.0, 546.0, 84.0]",67.0,small,m3-f2-i3258-p313208,0.5737,"[451.51, 17.38, 544.58, 86.43]",0.9407
ann_ce677afc8d16,ann_ce677afc8d16,2532,2,mar20-airport-proxy-044,aircraft,aircraft,7,"[265.0, 314.0, 430.0, 461.0]",147.0,medium,m3-f2-i2532-p246303,0.5703,"[277.44, 314.7, 431.93, 460.3]",0.9053
ann_39d9fab25507,ann_39d9fab25507,3706,0,mar20-airport-proxy-018,aircraft,aircraft,9,"[238.0, 323.0, 322.0, 409.0]",84.0,small,m3-f0-i3706-p346502,0.5669,"[238.21, 331.18, 319.6, 408.67]",0.8731
ann_e4203a62065f,ann_e4203a62065f,1686,0,mar20-airport-proxy-036,aircraft,aircraft,16,"[473.0, 76.0, 569.0, 215.0]",96.0,small,m3-f0-i1686-p165913,0.5649,"[475.42, 81.45, 566.77, 211.13]",0.8879
ann_53fce59fd51b,ann_53fce59fd51b,2925,2,mar20-airport-proxy-051,aircraft,aircraft,19,"[398.0, 295.0, 476.0, 395.0]",78.0,small,m3-f2-i2925-p280524,0.5562,"[392.8, 294.92, 478.3, 395.7]",0.9052
ann_31f56d1ef8eb,ann_31f56d1ef8eb,3724,0,mar20-airport-proxy-018,aircraft,aircraft,9,"[45.0, 449.0, 123.0, 529.0]",78.0,small,m3-f0-i3724-p350106,0.5518,"[43.55, 445.83, 125.39, 544.02]",0.7765
ann_290a3990bdf8,ann_290a3990bdf8,2577,2,mar20-airport-proxy-051,aircraft,aircraft,17,"[348.0, 538.0, 498.0, 708.0]",150.0,medium,m3-f2-i2577-p251710,0.5488,"[343.31, 543.55, 498.1, 705.66]",0.9254
ann_c3ae569f17bb,ann_c3ae569f17bb,3890,0,mar20-airport-proxy-018,aircraft,aircraft,9,"[720.0, 257.0, 840.0, 382.0]",120.0,medium,m3-f0-i3890-p385510,0.5469,"[718.28, 261.99, 842.15, 380.78]",0.922
ann_7032d56cf77d,ann_7032d56cf77d,3938,0,mar20-airport-proxy-006,aircraft,aircraft,18,"[448.0, 303.0, 479.0, 332.0]",29.0,tiny,m3-f0-i3938-p395708,0.5454,"[445.11, 305.74, 476.97, 334.09]",0.7307
ann_71ad56d4147b,ann_71ad56d4147b,2299,0,mar20-airport-proxy-018,aircraft,aircraft,9,"[39.0, 411.0, 105.0, 482.0]",66.0,small,m3-f0-i2299-p220812,0.5435,"[39.49, 413.09, 105.95, 483.01]",0.9369
ann_f8b3e495c8ac,ann_f8b3e495c8ac,2023,0,mar20-airport-proxy-018,aircraft,aircraft,9,"[395.0, 42.0, 456.0, 103.0]",61.0,small,m3-f0-i2023-p195908,0.5396,"[392.99, 40.01, 456.23, 103.15]",0.9321
ann_826d2d84669b,ann_826d2d84669b,3803,0,mar20-airport-proxy-018,aircraft,aircraft,9,"[709.0, 21.0, 796.0, 112.0]",87.0,small,m3-f0-i3803-p369606,0.5391,"[705.18, 20.04, 797.17, 113.45]",0.9214
ann_6f41ba11b438,ann_6f41ba11b438,1972,0,mar20-airport-proxy-018,aircraft,aircraft,9,"[663.0, 679.0, 733.0, 748.0]",69.0,small,m3-f0-i1972-p190802,0.5352,"[662.08, 675.49, 735.57, 749.51]",0.8879
ann_f8134d319219,ann_f8134d319219,3706,0,mar20-airport-proxy-018,aircraft,aircraft,9,"[77.0, 108.0, 159.0, 181.0]",73.0,small,m3-f0-i3706-p346503,0.5347,"[80.32, 110.99, 157.57, 182.57]",0.8856
ann_0d5688966f90,ann_0d5688966f90,4160,2,mar20-airport-proxy-013,aircraft,aircraft,18,"[614.0, 71.0, 654.0, 123.0]",40.0,small,m3-f2-i4160-p372321,0.5303,"[614.85, 71.81, 652.94, 123.47]",0.9297
ann_ca247bea9383,ann_ca247bea9383,2387,0,mar20-airport-proxy-041,aircraft,aircraft,20,"[235.0, 153.0, 318.0, 242.0]",83.0,small,m3-f0-i2387-p227701,0.5303,"[239.87, 155.81, 318.33, 234.81]",0.8326
ann_5bafa87f10df,ann_5bafa87f10df,3381,2,mar20-airport-proxy-051,aircraft,aircraft,16,"[392.0, 292.0, 586.0, 598.0]",194.0,medium,m3-f2-i3381-p326705,0.5298,"[390.58, 297.85, 582.08, 603.71]",0.937
ann_6ab25cdd216d,ann_6ab25cdd216d,2924,0,mar20-airport-proxy-036,aircraft,aircraft,16,"[375.0, 418.0, 471.0, 505.0]",87.0,small,m3-f0-i2924-p275704,0.5293,"[372.53, 419.65, 469.65, 502.22]",0.9135
ann_9556c426374d,ann_9556c426374d,3725,0,mar20-airport-proxy-018,aircraft,aircraft,9,"[724.0, 611.0, 786.0, 669.0]",58.0,small,m3-f0-i3725-p350407,0.5244,"[723.46, 606.35, 785.91, 671.78]",0.8777
ann_0485f1fad4d5,ann_0485f1fad4d5,2041,0,mar20-airport-proxy-022,aircraft,aircraft,4,"[382.0, 322.0, 443.0, 394.0]",61.0,small,m3-f0-i2041-p197709,0.5205,"[386.69, 322.02, 440.65, 393.21]",0.8746
ann_7dbb430ee1d6,ann_7dbb430ee1d6,1964,2,mar20-airport-proxy-015,aircraft,aircraft,23,"[204.0, 599.0, 297.0, 713.0]",93.0,small,m3-f2-i1964-p192902,0.5151,"[204.54, 598.58, 298.58, 714.7]",0.9598
ann_b56319de6a1f,ann_b56319de6a1f,3780,0,mar20-airport-proxy-018,aircraft,aircraft,9,"[463.0, 277.0, 559.0, 369.0]",92.0,small,m3-f0-i3780-p364201,0.5117,"[461.28, 272.17, 557.47, 371.97]",0.8922
ann_4b69f9bc591a,ann_4b69f9bc591a,3541,2,mar20-airport-proxy-013,aircraft,aircraft,8,"[272.0, 64.0, 383.0, 141.0]",77.0,small,m3-f2-i3541-p344105,0.5088,"[275.34, 61.69, 385.6, 139.87]",0.9077
ann_52dc3a80ad68,ann_52dc3a80ad68,3706,0,mar20-airport-proxy-018,aircraft,aircraft,9,"[129.0, 180.0, 215.0, 251.0]",71.0,small,m3-f0-i3706-p346504,0.5054,"[130.81, 181.4, 211.96, 257.67]",0.8498
ann_95e7d0b6d1d3,ann_95e7d0b6d1d3,3073,0,mar20-airport-proxy-036,aircraft,aircraft,16,"[543.0, 103.0, 630.0, 233.0]",87.0,small,m3-f0-i3073-p290109,0.4983,"[542.38, 111.87, 631.84, 230.52]",0.8898
ann_4e525dcfcae4,ann_4e525dcfcae4,3786,0,mar20-airport-proxy-018,aircraft,aircraft,9,"[350.0, 550.0, 416.0, 621.0]",66.0,small,m3-f0-i3786-p365107,0.489,"[349.56, 548.39, 416.06, 616.46]",0.9087
ann_02cf23714bb5,ann_02cf23714bb5,3650,1,mar20-airport-proxy-035,aircraft,aircraft,8,"[243.0, 322.0, 278.0, 374.0]",35.0,small,m3-f1-i3650-p402011,0.4883,"[242.21, 321.41, 278.1, 375.46]",0.9382
ann_23a288cf90f0,ann_23a288cf90f0,3157,2,mar20-airport-proxy-051,aircraft,aircraft,17,"[155.0, 283.0, 318.0, 445.0]",162.0,medium,m3-f2-i3157-p302120,0.4883,"[158.4, 287.89, 310.74, 449.22]",0.8849
ann_89ea536a0a47,ann_89ea536a0a47,3481,0,mar20-airport-proxy-046,aircraft,aircraft,14,"[684.0, 244.0, 776.0, 344.0]",92.0,small,m3-f0-i3481-p324016,0.4849,"[683.01, 246.39, 771.68, 341.11]",0.8937
ann_4eb7384ac019,ann_4eb7384ac019,3741,0,mar20-airport-proxy-018,aircraft,aircraft,9,"[9.0, 517.0, 129.0, 630.0]",113.0,medium,m3-f0-i3741-p354300,0.4841,"[10.16, 509.96, 127.44, 630.66]",0.9163
ann_a4e4eb15c649,ann_a4e4eb15c649,3786,0,mar20-airport-proxy-018,aircraft,aircraft,9,"[511.0, 299.0, 577.0, 368.0]",66.0,small,m3-f0-i3786-p365108,0.4758,"[512.67, 299.93, 577.17, 367.26]",0.9487
ann_efd32b60fba7,ann_efd32b60fba7,2724,1,mar20-airport-proxy-012,aircraft,aircraft,18,"[135.0, 111.0, 248.0, 217.0]",106.0,medium,m3-f1-i2724-p294605,0.4702,"[132.57, 109.13, 243.8, 217.82]",0.92
ann_7008fe7d8ca7,ann_7008fe7d8ca7,2532,2,mar20-airport-proxy-044,aircraft,aircraft,7,"[199.0, 629.0, 365.0, 783.0]",154.0,medium,m3-f2-i2532-p246304,0.4685,"[207.86, 630.13, 365.97, 779.25]",0.9115
ann_a07b3623d316,ann_a07b3623d316,3801,0,mar20-airport-proxy-018,aircraft,aircraft,9,"[91.0, 206.0, 169.0, 287.0]",78.0,small,m3-f0-i3801-p369308,0.468,"[88.23, 200.71, 170.95, 291.09]",0.8451
ann_314784af5281,ann_314784af5281,4116,1,mar20-airport-proxy-012,aircraft,aircraft,18,"[37.0, 162.0, 93.0, 235.0]",56.0,small,m3-f1-i4116-p452109,0.4661,"[32.6, 161.88, 95.05, 235.66]",0.8873
ann_23fd7b31ac05,ann_23fd7b31ac05,1734,1,mar20-airport-proxy-014,aircraft,aircraft,22,"[287.0, 479.0, 370.0, 542.0]",63.0,small,m3-f1-i1734-p179403,0.4644,"[283.67, 480.43, 370.76, 541.54]",0.9258
ann_da475d51ba4f,ann_da475d51ba4f,1685,0,mar20-airport-proxy-006,aircraft,aircraft,18,"[326.0, 424.0, 360.0, 460.0]",34.0,small,m3-f0-i1685-p165605,0.4604,"[325.23, 417.2, 361.59, 459.93]",0.7851
ann_d368d68fcb51,ann_d368d68fcb51,1734,1,mar20-airport-proxy-014,aircraft,aircraft,22,"[258.0, 395.0, 339.0, 459.0]",64.0,small,m3-f1-i1734-p179404,0.459,"[255.76, 395.64, 339.74, 456.51]",0.9189
ann_5cc15ed2fdad,ann_5cc15ed2fdad,2637,2,mar20-airport-proxy-051,aircraft,aircraft,19,"[560.0, 221.0, 679.0, 290.0]",69.0,small,m3-f2-i2637-p258314,0.4573,"[560.79, 219.82, 678.27, 293.85]",0.921
ann_1be133de9357,ann_1be133de9357,2637,2,mar20-airport-proxy-051,aircraft,aircraft,19,"[526.0, 258.0, 657.0, 333.0]",75.0,small,m3-f2-i2637-p258315,0.4551,"[524.12, 263.26, 640.72, 335.18]",0.7836
ann_0355fe50162b,ann_0355fe50162b,3786,0,mar20-airport-proxy-018,aircraft,aircraft,9,"[585.0, 186.0, 650.0, 253.0]",65.0,small,m3-f0-i3786-p365109,0.4448,"[586.74, 191.7, 652.32, 252.05]",0.8493
ann_a1ca5a1b5784,ann_a1ca5a1b5784,3399,1,mar20-airport-proxy-043,aircraft,aircraft,23,"[275.0, 491.0, 325.0, 528.0]",37.0,small,m3-f1-i3399-p373504,0.4363,"[273.71, 489.88, 321.61, 524.96]",0.8128
ann_7e3a86a6e344,ann_7e3a86a6e344,3809,0,mar20-airport-proxy-018,aircraft,aircraft,9,"[640.0, 482.0, 708.0, 548.0]",66.0,small,m3-f0-i3809-p371113,0.4207,"[639.53, 481.05, 705.79, 546.29]",0.9232
ann_da6d9c4e2ea0,ann_da6d9c4e2ea0,3483,2,mar20-airport-proxy-023,aircraft,aircraft,14,"[250.0, 59.0, 313.0, 115.0]",56.0,small,m3-f2-i3483-p339012,0.4207,"[252.38, 61.86, 304.11, 111.03]",0.7209
ann_9b28eac6090d,ann_9b28eac6090d,3706,0,mar20-airport-proxy-018,aircraft,aircraft,9,"[425.0, 594.0, 504.0, 675.0]",79.0,small,m3-f0-i3706-p346505,0.4197,"[424.58, 590.89, 509.79, 675.51]",0.8875
ann_64fc7e23ccc2,ann_64fc7e23ccc2,3773,0,mar20-airport-proxy-018,aircraft,aircraft,9,"[642.0, 575.0, 692.0, 627.0]",50.0,small,m3-f0-i3773-p362407,0.4158,"[642.14, 575.94, 691.46, 625.62]",0.9424
ann_26b611a5e1d9,ann_26b611a5e1d9,1685,0,mar20-airport-proxy-006,aircraft,aircraft,18,"[437.0, 388.0, 467.0, 427.0]",30.0,tiny,m3-f0-i1685-p165607,0.407,"[433.64, 382.36, 470.2, 427.02]",0.7164
ann_fc6eb7bc400c,ann_fc6eb7bc400c,3077,1,mar20-airport-proxy-043,aircraft,aircraft,23,"[423.0, 302.0, 503.0, 381.0]",79.0,small,m3-f1-i3077-p338703,0.4043,"[421.83, 288.89, 524.27, 381.03]",0.6696
ann_f263b8b405bc,ann_f263b8b405bc,3890,0,mar20-airport-proxy-018,aircraft,aircraft,23,"[2.0, 256.0, 24.0, 313.0]",22.0,tiny,m3-f0-i3890-p385514,0.4038,"[0.35, 256.56, 27.96, 324.09]",0.6615
ann_c50aecb284cf,ann_c50aecb284cf,1706,0,mar20-airport-proxy-022,aircraft,aircraft,4,"[687.0, 524.0, 786.0, 659.0]",99.0,medium,m3-f0-i1706-p168014,0.4028,"[685.5, 523.78, 789.5, 660.6]",0.9392
ann_ea879ab79730,ann_ea879ab79730,3820,2,mar20-airport-proxy-013,aircraft,aircraft,18,"[503.0, 470.0, 552.0, 505.0]",35.0,small,m3-f2-i3820-p360612,0.3972,"[500.29, 470.07, 549.71, 506.49]",0.8663
ann_ff77726ff0de,ann_ff77726ff0de,4116,1,mar20-airport-proxy-012,aircraft,aircraft,18,"[128.0, 178.0, 185.0, 249.0]",57.0,small,m3-f1-i4116-p452110,0.3943,"[122.12, 170.69, 190.57, 268.94]",0.6018
ann_1e70fda73deb,ann_1e70fda73deb,1802,0,mar20-airport-proxy-018,aircraft,aircraft,9,"[341.0, 122.0, 396.0, 180.0]",55.0,small,m3-f0-i1802-p177013,0.3931,"[339.84, 121.78, 399.22, 183.69]",0.8678
ann_52bf66f5aaea,ann_52bf66f5aaea,2017,1,mar20-airport-proxy-042,aircraft,aircraft,22,"[618.0, 323.0, 710.0, 439.0]",92.0,small,m3-f1-i2017-p211507,0.3867,"[614.94, 322.41, 708.5, 438.53]",0.9435
ann_bd620da88e5e,ann_bd620da88e5e,3820,2,mar20-airport-proxy-013,aircraft,aircraft,18,"[175.0, 307.0, 223.0, 341.0]",34.0,small,m3-f2-i3820-p360613,0.3855,"[174.26, 306.12, 222.23, 342.32]",0.9107
ann_b11373a1c53d,ann_b11373a1c53d,3650,1,mar20-airport-proxy-035,aircraft,aircraft,8,"[204.0, 345.0, 242.0, 397.0]",38.0,small,m3-f1-i3650-p402012,0.3804,"[204.65, 345.24, 240.27, 396.95]",0.9321
ann_08f60a418457,ann_08f60a418457,3763,0,mar20-airport-proxy-018,aircraft,aircraft,9,"[287.0, 149.0, 376.0, 236.0]",87.0,small,m3-f0-i3763-p360003,0.3645,"[286.55, 145.92, 375.56, 237.08]",0.9451
ann_5ce06fb72200,ann_5ce06fb72200,2034,1,mar20-airport-proxy-043,aircraft,aircraft,23,"[504.0, 221.0, 563.0, 258.0]",37.0,small,m3-f1-i2034-p213603,0.3638,"[502.54, 214.99, 565.43, 266.26]",0.677
ann_9fd49cd95123,ann_9fd49cd95123,3811,0,mar20-airport-proxy-018,aircraft,aircraft,9,"[337.0, 588.0, 404.0, 657.0]",67.0,small,m3-f0-i3811-p371407,0.3616,"[336.28, 592.6, 403.17, 658.18]",0.8975
ann_702205e7fec9,ann_702205e7fec9,1411,0,mar20-airport-proxy-036,aircraft,aircraft,16,"[420.0, 99.0, 524.0, 161.0]",62.0,small,m3-f0-i1411-p139213,0.3613,"[419.73, 97.29, 519.34, 164.04]",0.8877
ann_0cfc31e451a3,ann_0cfc31e451a3,1307,2,mar20-airport-proxy-056,aircraft,aircraft,8,"[136.0, 97.0, 189.0, 171.0]",53.0,small,m3-f2-i1307-p128103,0.3542,"[125.63, 93.24, 201.51, 183.33]",0.5737
ann_8a79601251ab,ann_8a79601251ab,1778,1,mar20-airport-proxy-014,aircraft,aircraft,22,"[154.0, 324.0, 263.0, 444.0]",109.0,medium,m3-f1-i1778-p184500,0.3508,"[156.91, 319.0, 266.28, 447.31]",0.8851
ann_80907d7f635e,ann_80907d7f635e,3815,0,mar20-airport-proxy-018,aircraft,aircraft,15,"[240.0, 345.0, 327.0, 408.0]",63.0,small,m3-f0-i3815-p372613,0.3503,"[239.7, 347.07, 317.33, 405.27]",0.8186
ann_ebdcf20abae0,ann_ebdcf20abae0,3774,0,mar20-airport-proxy-018,aircraft,aircraft,9,"[488.0, 272.0, 626.0, 404.0]",132.0,medium,m3-f0-i3774-p362709,0.3464,"[487.94, 269.58, 625.34, 400.34]",0.9499
ann_bd417dce88b2,ann_bd417dce88b2,3439,2,mar20-airport-proxy-023,aircraft,aircraft,14,"[144.0, 320.0, 254.0, 445.0]",110.0,medium,m3-f2-i3439-p334203,0.3452,"[141.0, 327.28, 253.11, 443.12]",0.8966
ann_d8075c12e730,ann_d8075c12e730,3953,1,mar20-airport-proxy-017,aircraft,aircraft,17,"[829.0, 463.0, 904.0, 544.0]",75.0,small,m3-f1-i3953-p418811,0.343,"[819.26, 460.17, 908.27, 543.28]",0.8081
ann_5ed8852b1ed3,ann_5ed8852b1ed3,1802,0,mar20-airport-proxy-018,aircraft,aircraft,9,"[339.0, 1.0, 394.0, 54.0]",53.0,small,m3-f0-i1802-p177014,0.3401,"[336.57, 0.0, 402.49, 57.03]",0.7754
ann_f2bf5224c12d,ann_f2bf5224c12d,3780,0,mar20-airport-proxy-018,aircraft,aircraft,9,"[266.0, 404.0, 357.0, 501.0]",91.0,small,m3-f0-i3780-p364204,0.3389,"[263.09, 400.44, 357.62, 505.81]",0.8862
ann_3be0986715f3,ann_3be0986715f3,2454,2,mar20-airport-proxy-005,aircraft,aircraft,14,"[448.0, 192.0, 695.0, 439.0]",247.0,medium,m3-f2-i2454-p237601,0.3389,"[448.54, 200.59, 685.84, 433.79]",0.9071
ann_bb938992bdb2,ann_bb938992bdb2,3347,0,mar20-airport-proxy-041,aircraft,aircraft,4,"[155.0, 140.0, 243.0, 214.0]",74.0,small,m3-f0-i3347-p311405,0.3376,"[146.41, 134.03, 239.33, 214.01]",0.8101
ann_ce2499222e54,ann_ce2499222e54,2078,1,mar20-airport-proxy-017,aircraft,aircraft,17,"[325.0, 78.0, 415.0, 168.0]",90.0,small,m3-f1-i2078-p219306,0.3284,"[323.58, 75.27, 417.82, 167.7]",0.9239
ann_0044ec0b07c8,ann_0044ec0b07c8,3491,2,mar20-airport-proxy-023,aircraft,aircraft,14,"[115.0, 102.0, 261.0, 223.0]",121.0,medium,m3-f2-i3491-p339903,0.3274,"[120.76, 105.08, 249.77, 219.88]",0.8384
ann_4f15e53889be,ann_4f15e53889be,1632,2,mar20-airport-proxy-023,aircraft,aircraft,10,"[212.0, 623.0, 303.0, 711.0]",88.0,small,m3-f2-i1632-p160510,0.3269,"[216.16, 625.17, 299.46, 705.3]",0.8335
ann_dea3b70f9a88,ann_dea3b70f9a88,1736,2,mar20-airport-proxy-051,aircraft,aircraft,16,"[599.0, 186.0, 718.0, 355.0]",119.0,medium,m3-f2-i1736-p170722,0.3206,"[595.41, 183.84, 717.09, 355.22]",0.95
ann_41a670da625a,ann_41a670da625a,1694,0,mar20-airport-proxy-022,aircraft,aircraft,22,"[182.0, 527.0, 242.0, 606.0]",60.0,small,m3-f0-i1694-p166217,0.3196,"[180.83, 526.05, 244.56, 605.2]",0.9215
ann_cbdd07154aa2,ann_cbdd07154aa2,1725,1,mar20-airport-proxy-014,aircraft,aircraft,22,"[276.0, 560.0, 343.0, 615.0]",55.0,small,m3-f1-i1725-p177905,0.3174,"[271.8, 558.86, 344.63, 614.07]",0.8873
ann_df99e6891114,ann_df99e6891114,3794,0,mar20-airport-proxy-018,aircraft,aircraft,9,"[591.0, 556.0, 685.0, 655.0]",94.0,small,m3-f0-i3794-p367509,0.3145,"[591.89, 556.57, 684.67, 650.46]",0.9361
ann_b713dd11703a,ann_b713dd11703a,2366,2,mar20-airport-proxy-015,aircraft,aircraft,22,"[69.0, 310.0, 192.0, 364.0]",54.0,small,m3-f2-i2366-p227703,0.3145,"[69.14, 306.81, 190.23, 366.63]",0.8901
ann_2a0bec75f2b0,ann_2a0bec75f2b0,2023,0,mar20-airport-proxy-018,aircraft,aircraft,9,"[420.0, 175.0, 489.0, 237.0]",62.0,small,m3-f0-i2023-p195914,0.3142,"[418.82, 173.56, 489.77, 235.82]",0.9328
ann_2944d8754814,ann_2944d8754814,3768,0,mar20-airport-proxy-018,aircraft,aircraft,23,"[307.0, 654.0, 356.0, 680.0]",26.0,tiny,m3-f0-i3768-p361510,0.3142,"[310.75, 654.83, 355.65, 681.1]",0.8537
ann_7cc079ba73f6,ann_7cc079ba73f6,3889,0,mar20-airport-proxy-018,aircraft,aircraft,23,"[221.0, 590.0, 255.0, 599.0]",9.0,tiny,m3-f0-i3889-p385206,0.314,"[218.58, 588.85, 253.28, 599.0]",0.7898
ann_0e684c9c6392,ann_0e684c9c6392,3740,1,mar20-airport-proxy-016,aircraft,aircraft,15,"[209.0, 253.0, 270.0, 324.0]",61.0,small,m3-f1-i3740-p408909,0.3079,"[212.57, 253.39, 267.11, 318.48]",0.8197
ann_8360100ee666,ann_8360100ee666,1681,0,mar20-airport-proxy-041,aircraft,aircraft,20,"[359.0, 544.0, 556.0, 727.0]",183.0,medium,m3-f0-i1681-p165006,0.3052,"[367.53, 542.24, 557.47, 737.45]",0.8926
ann_81470c8443f7,ann_81470c8443f7,3774,0,mar20-airport-proxy-018,aircraft,aircraft,9,"[204.0, 264.0, 342.0, 393.0]",129.0,medium,m3-f0-i3774-p362711,0.3037,"[207.91, 263.38, 338.96, 392.48]",0.9415
ann_6f954f651241,ann_6f954f651241,3319,2,mar20-airport-proxy-005,aircraft,aircraft,14,"[185.0, 57.0, 365.0, 214.0]",157.0,medium,m3-f2-i3319-p319503,0.3027,"[193.21, 50.93, 365.77, 215.28]",0.9096
ann_6fc11b40ca97,ann_6fc11b40ca97,2700,2,mar20-airport-proxy-005,aircraft,aircraft,14,"[167.0, 246.0, 393.0, 492.0]",226.0,medium,m3-f2-i2700-p264901,0.3027,"[163.96, 245.61, 396.97, 499.32]",0.9404
ann_5f4a6eed7170,ann_5f4a6eed7170,3780,0,mar20-airport-proxy-018,aircraft,aircraft,9,"[364.0, 341.0, 457.0, 436.0]",93.0,small,m3-f0-i3780-p364206,0.2981,"[362.79, 336.62, 457.52, 437.99]",0.9201
ann_347d30154511,ann_347d30154511,4211,2,mar20-airport-proxy-051,aircraft,aircraft,7,"[66.0, 416.0, 410.0, 795.0]",344.0,large,m3-f2-i4211-p381011,0.2976,"[71.68, 417.38, 401.37, 799.8]",0.9434
ann_90474e412446,ann_90474e412446,3806,0,mar20-airport-proxy-018,aircraft,aircraft,23,"[556.0, 203.0, 592.0, 235.0]",32.0,small,m3-f0-i3806-p370213,0.2937,"[555.76, 200.54, 589.55, 233.45]",0.8222
ann_1c3bb5fcf99d,ann_1c3bb5fcf99d,3134,1,mar20-airport-proxy-011,aircraft,aircraft,4,"[585.0, 387.0, 649.0, 479.0]",64.0,small,m3-f1-i3134-p346505,0.293,"[583.42, 388.16, 650.17, 479.03]",0.9469
ann_ce68a0ae09f1,ann_ce68a0ae09f1,2089,2,mar20-airport-proxy-015,aircraft,aircraft,22,"[131.0, 209.0, 213.0, 275.0]",66.0,small,m3-f2-i2089-p203109,0.2917,"[130.54, 203.49, 216.33, 275.42]",0.8771
ann_501a232b7108,ann_501a232b7108,1839,1,mar20-airport-proxy-038,aircraft,aircraft,18,"[371.0, 727.0, 454.0, 794.0]",67.0,small,m3-f1-i1839-p192307,0.2905,"[373.8, 729.42, 453.54, 792.46]",0.9039
ann_6c8ffd358ec5,ann_6c8ffd358ec5,3774,0,mar20-airport-proxy-018,aircraft,aircraft,9,"[328.0, 261.0, 466.0, 389.0]",128.0,medium,m3-f0-i3774-p362712,0.2903,"[330.22, 255.91, 463.53, 385.89]",0.9076
ann_6cbfd39575cc,ann_6cbfd39575cc,1828,0,mar20-airport-proxy-032,aircraft,aircraft,19,"[4.0, 215.0, 217.0, 573.0]",213.0,medium,m3-f0-i1828-p179702,0.2878,"[1.07, 213.87, 233.3, 586.13]",0.8821
ann_25ba79d158c8,ann_25ba79d158c8,3811,0,mar20-airport-proxy-018,aircraft,aircraft,9,"[590.0, 14.0, 655.0, 83.0]",65.0,small,m3-f0-i3811-p371409,0.2864,"[588.35, 14.94, 656.18, 83.5]",0.9391
ann_6ddc1c8faebf,ann_6ddc1c8faebf,3887,0,mar20-airport-proxy-018,aircraft,aircraft,9,"[12.0, 671.0, 152.0, 823.0]",140.0,medium,m3-f0-i3887-p384607,0.2842,"[10.59, 672.98, 149.64, 819.03]",0.9356
ann_3b87b8227c64,ann_3b87b8227c64,3381,2,mar20-airport-proxy-051,aircraft,aircraft,16,"[166.0, 314.0, 349.0, 599.0]",183.0,medium,m3-f2-i3381-p326709,0.283,"[164.4, 318.55, 353.17, 603.32]",0.9402
ann_04615a986a52,ann_04615a986a52,3724,0,mar20-airport-proxy-018,aircraft,aircraft,9,"[147.0, 388.0, 226.0, 464.0]",76.0,small,m3-f0-i3724-p350116,0.28,"[146.73, 382.86, 231.2, 481.98]",0.7171
ann_7540fd86155a,ann_7540fd86155a,1925,1,mar20-airport-proxy-014,aircraft,aircraft,22,"[157.0, 35.0, 282.0, 121.0]",86.0,small,m3-f1-i1925-p201007,0.2759,"[162.41, 30.49, 282.9, 122.68]",0.8886
ann_8486e3735cd4,ann_8486e3735cd4,1694,0,mar20-airport-proxy-022,aircraft,aircraft,4,"[339.0, 423.0, 396.0, 494.0]",57.0,small,m3-f0-i1694-p166218,0.2737,"[338.82, 422.27, 397.12, 490.23]",0.9174
ann_45332368bbdc,ann_45332368bbdc,3809,0,mar20-airport-proxy-018,aircraft,aircraft,9,"[661.0, 401.0, 734.0, 468.0]",67.0,small,m3-f0-i3809-p371122,0.2717,"[660.64, 399.8, 732.32, 465.82]",0.9247
ann_0636d4ec38c6,ann_0636d4ec38c6,3524,0,mar20-airport-proxy-048,aircraft,aircraft,7,"[452.0, 41.0, 568.0, 155.0]",114.0,medium,m3-f0-i3524-p328503,0.2693,"[448.97, 36.04, 567.43, 155.96]",0.9221
ann_c2d6d9844bfa,ann_c2d6d9844bfa,3177,2,mar20-airport-proxy-015,aircraft,aircraft,4,"[108.0, 309.0, 227.0, 473.0]",119.0,medium,m3-f2-i3177-p304207,0.2693,"[106.49, 302.78, 226.12, 475.34]",0.9319
ann_f0f205801b61,ann_f0f205801b61,2941,2,mar20-airport-proxy-015,aircraft,aircraft,22,"[660.0, 563.0, 764.0, 624.0]",61.0,small,m3-f2-i2941-p282312,0.2681,"[659.33, 556.67, 775.05, 628.49]",0.7632
ann_0d7114f58217,ann_0d7114f58217,1743,1,mar20-airport-proxy-014,aircraft,aircraft,22,"[170.0, 431.0, 318.0, 542.0]",111.0,medium,m3-f1-i1743-p180603,0.2668,"[162.25, 428.85, 321.64, 557.09]",0.8037
ann_62c32c8df581,ann_62c32c8df581,3483,2,mar20-airport-proxy-023,aircraft,aircraft,17,"[37.0, 110.0, 94.0, 165.0]",55.0,small,m3-f2-i3483-p339013,0.2651,"[39.8, 116.04, 85.34, 161.69]",0.6631
ann_33f75bbbeb1b,ann_33f75bbbeb1b,3763,0,mar20-airport-proxy-018,aircraft,aircraft,9,"[190.0, 253.0, 277.0, 343.0]",87.0,small,m3-f0-i3763-p360005,0.2578,"[187.11, 251.07, 278.12, 343.85]",0.9273
ann_9ca1bc549919,ann_9ca1bc549919,1673,0,mar20-airport-proxy-032,aircraft,aircraft,5,"[41.0, 108.0, 373.0, 574.0]",332.0,large,m3-f0-i1673-p163806,0.2551,"[4.98, 113.28, 383.89, 602.34]",0.8177
ann_4826b861d4ba,ann_4826b861d4ba,3889,0,mar20-airport-proxy-018,aircraft,aircraft,23,"[221.0, 570.0, 248.0, 585.0]",15.0,tiny,m3-f0-i3889-p385209,0.2539,"[218.71, 567.6, 249.91, 583.6]",0.684
ann_1b1451bcaaa6,ann_1b1451bcaaa6,3786,0,mar20-airport-proxy-018,aircraft,aircraft,9,"[433.0, 422.0, 499.0, 492.0]",66.0,small,m3-f0-i3786-p365111,0.2532,"[432.15, 421.75, 499.88, 488.4]",0.9224
ann_b0330aaca129,ann_b0330aaca129,1802,0,mar20-airport-proxy-018,aircraft,aircraft,9,"[353.0, 737.0, 408.0, 797.0]",55.0,small,m3-f0-i1802-p177018,0.251,"[351.83, 735.42, 420.04, 799.73]",0.7523
ann_cf9943e471d1,ann_cf9943e471d1,2925,2,mar20-airport-proxy-051,aircraft,aircraft,19,"[470.0, 284.0, 547.0, 391.0]",77.0,small,m3-f2-i2925-p280530,0.2507,"[468.04, 294.58, 546.8, 388.62]",0.8575
ann_70df1306c54e,ann_70df1306c54e,4329,0,mar20-airport-proxy-045,aircraft,aircraft,17,"[230.0, 241.0, 362.0, 370.0]",129.0,medium,m3-f0-i4329-p432907,0.2489,"[230.27, 239.7, 356.05, 363.43]",0.8957
ann_054d5b390108,ann_054d5b390108,3725,0,mar20-airport-proxy-018,aircraft,aircraft,9,"[652.0, 547.0, 712.0, 610.0]",60.0,small,m3-f0-i3725-p350409,0.2487,"[648.66, 545.31, 708.37, 609.38]",0.8599
ann_e1624b9b11b2,ann_e1624b9b11b2,4320,1,mar20-airport-proxy-017,aircraft,aircraft,17,"[52.0, 693.0, 157.0, 793.0]",100.0,medium,m3-f1-i4320-p470408,0.2474,"[49.71, 684.72, 156.93, 795.75]",0.8809
ann_4a77874d6163,ann_4a77874d6163,3864,2,mar20-airport-proxy-019,aircraft,aircraft,12,"[388.0, 414.0, 574.0, 600.0]",186.0,medium,m3-f2-i3864-p361801,0.2471,"[371.72, 421.28, 575.39, 598.88]",0.8754
ann_461011262d66,ann_461011262d66,2637,2,mar20-airport-proxy-051,aircraft,aircraft,19,"[532.0, 176.0, 647.0, 244.0]",68.0,small,m3-f2-i2637-p258317,0.2469,"[528.52, 175.27, 657.42, 245.83]",0.8598
ann_ce5431275032,ann_ce5431275032,3774,0,mar20-airport-proxy-018,aircraft,aircraft,9,"[187.0, 389.0, 326.0, 522.0]",133.0,medium,m3-f0-i3774-p362715,0.2456,"[188.92, 395.17, 323.97, 518.9]",0.9039
ann_8612d32fcc50,ann_8612d32fcc50,3711,0,mar20-airport-proxy-018,aircraft,aircraft,9,"[301.0, 504.0, 375.0, 572.0]",68.0,small,m3-f0-i3711-p347712,0.2441,"[299.0, 498.73, 379.13, 573.93]",0.8352
ann_cfb9d4fc53d8,ann_cfb9d4fc53d8,3375,1,mar20-airport-proxy-017,aircraft,aircraft,17,"[182.0, 209.0, 274.0, 297.0]",88.0,small,m3-f1-i3375-p371108,0.2433,"[176.51, 204.76, 274.27, 297.19]",0.896
ann_fe380c2a2b42,ann_fe380c2a2b42,3780,0,mar20-airport-proxy-018,aircraft,aircraft,9,"[177.0, 459.0, 268.0, 556.0]",91.0,small,m3-f0-i3780-p364208,0.2421,"[175.93, 458.06, 268.99, 559.13]",0.9384
ann_4118f8e9cc4d,ann_4118f8e9cc4d,4227,0,mar20-airport-proxy-026,aircraft,aircraft,4,"[508.0, 145.0, 634.0, 237.0]",92.0,small,m3-f0-i4227-p423002,0.2394,"[507.86, 144.36, 634.33, 238.26]",0.9762
ann_f5533cf80630,ann_f5533cf80630,1413,2,mar20-airport-proxy-015,aircraft,aircraft,23,"[44.0, 755.0, 118.0, 800.0]",45.0,small,m3-f2-i1413-p137415,0.2391,"[36.4, 751.61, 117.8, 799.95]",0.8404
ann_63ff3684fdec,ann_63ff3684fdec,3770,0,mar20-airport-proxy-018,aircraft,aircraft,9,"[381.0, 123.0, 477.0, 214.0]",91.0,small,m3-f0-i3770-p361810,0.2374,"[383.35, 121.24, 479.93, 214.5]",0.9242
ann_1e6861b25d00,ann_1e6861b25d00,1802,0,mar20-airport-proxy-018,aircraft,aircraft,9,"[346.0, 407.0, 401.0, 464.0]",55.0,small,m3-f0-i1802-p177019,0.233,"[345.02, 404.35, 409.67, 469.09]",0.749
ann_553a157ee537,ann_553a157ee537,1605,0,mar20-airport-proxy-022,aircraft,aircraft,4,"[113.0, 100.0, 209.0, 219.0]",96.0,small,m3-f0-i1605-p157511,0.2325,"[104.83, 96.73, 210.79, 221.24]",0.8659
ann_80ed192d0fcd,ann_80ed192d0fcd,1651,2,mar20-airport-proxy-021,aircraft,aircraft,20,"[496.0, 468.0, 613.0, 574.0]",106.0,medium,m3-f2-i1651-p162906,0.2319,"[494.58, 465.28, 615.58, 575.34]",0.9313
ann_c4c12f95bc84,ann_c4c12f95bc84,2089,2,mar20-airport-proxy-015,aircraft,aircraft,22,"[52.0, 176.0, 132.0, 249.0]",73.0,small,m3-f2-i2089-p203110,0.2307,"[47.34, 168.04, 139.77, 248.75]",0.7781
ann_d570f465e9fb,ann_d570f465e9fb,1376,0,mar20-airport-proxy-026,aircraft,aircraft,4,"[358.0, 481.0, 439.0, 590.0]",81.0,small,m3-f0-i1376-p135007,0.2233,"[355.35, 479.64, 443.09, 589.89]",0.9109
ann_ed825465d2e5,ann_ed825465d2e5,3744,1,mar20-airport-proxy-016,aircraft,aircraft,15,"[560.0, 558.0, 605.0, 604.0]",45.0,small,m3-f1-i3744-p409213,0.222,"[561.12, 560.19, 605.29, 605.43]",0.8958
ann_e13a92976986,ann_e13a92976986,3706,0,mar20-airport-proxy-018,aircraft,aircraft,9,"[489.0, 681.0, 575.0, 770.0]",86.0,small,m3-f0-i3706-p346509,0.2218,"[488.99, 683.23, 575.85, 771.46]",0.9499
ann_058ffdf70a45,ann_058ffdf70a45,1802,0,mar20-airport-proxy-018,aircraft,aircraft,9,"[345.0, 327.0, 399.0, 386.0]",54.0,small,m3-f0-i1802-p177020,0.2198,"[343.12, 324.46, 414.7, 390.38]",0.6752
ann_0846cfa1def3,ann_0846cfa1def3,3803,0,mar20-airport-proxy-018,aircraft,aircraft,9,"[532.0, 118.0, 624.0, 211.0]",92.0,small,m3-f0-i3803-p369609,0.2189,"[532.54, 115.99, 623.71, 211.94]",0.9607
ann_681b2ea9a227,ann_681b2ea9a227,1802,0,mar20-airport-proxy-018,aircraft,aircraft,9,"[340.0, 61.0, 394.0, 119.0]",54.0,small,m3-f0-i1802-p177021,0.2168,"[338.92, 61.6, 398.19, 123.27]",0.8405
ann_42029015e020,ann_42029015e020,4265,1,mar20-airport-proxy-042,aircraft,aircraft,22,"[505.0, 300.0, 622.0, 409.0]",109.0,medium,m3-f1-i4265-p465009,0.214,"[503.12, 298.83, 621.09, 410.55]",0.953
ann_2515b2b501a1,ann_2515b2b501a1,2012,0,mar20-airport-proxy-018,aircraft,aircraft,9,"[440.0, 213.0, 560.0, 336.0]",120.0,medium,m3-f0-i2012-p194703,0.2123,"[436.85, 205.75, 561.77, 333.68]",0.8907
ann_2ae8698cb29a,ann_2ae8698cb29a,2089,2,mar20-airport-proxy-015,aircraft,aircraft,22,"[705.0, 432.0, 792.0, 505.0]",73.0,small,m3-f2-i2089-p203111,0.2111,"[700.81, 427.47, 792.16, 506.91]",0.8751
ann_65442fa54241,ann_65442fa54241,3760,0,mar20-airport-proxy-018,aircraft,aircraft,9,"[448.0, 175.0, 555.0, 290.0]",107.0,medium,m3-f0-i3760-p359117,0.2098,"[447.31, 177.34, 556.59, 286.33]",0.929
ann_4ee17496b7be,ann_4ee17496b7be,3953,1,mar20-airport-proxy-017,aircraft,aircraft,17,"[1003.0, 235.0, 1077.0, 309.0]",74.0,small,m3-f1-i3953-p418815,0.2086,"[994.58, 231.24, 1078.04, 310.49]",0.8279
ann_c23ec5a6e76b,ann_c23ec5a6e76b,1706,0,mar20-airport-proxy-022,aircraft,aircraft,4,"[569.0, 521.0, 670.0, 659.0]",101.0,medium,m3-f0-i1706-p168016,0.2081,"[569.58, 521.19, 672.61, 661.62]",0.95
ann_8e5406afe206,ann_8e5406afe206,1445,0,mar20-airport-proxy-018,aircraft,aircraft,9,"[1.0, 418.0, 80.0, 498.0]",79.0,small,m3-f0-i1445-p142210,0.2075,"[0.05, 417.46, 80.18, 499.73]",0.9587
ann_1b6b8511932c,ann_1b6b8511932c,3889,0,mar20-airport-proxy-018,aircraft,aircraft,23,"[216.0, 553.0, 248.0, 567.0]",14.0,tiny,m3-f0-i3889-p385219,0.2064,"[214.24, 550.44, 245.04, 565.67]",0.6699
ann_88dfd9e4f00e,ann_88dfd9e4f00e,3724,0,mar20-airport-proxy-018,aircraft,aircraft,9,"[405.0, 232.0, 478.0, 307.0]",73.0,small,m3-f0-i3724-p350120,0.2063,"[405.18, 232.06, 479.2, 324.19]",0.7982
ann_4de10d4ad619,ann_4de10d4ad619,3949,1,mar20-airport-proxy-017,aircraft,aircraft,17,"[485.0, 151.0, 545.0, 215.0]",60.0,small,m3-f1-i3949-p417910,0.2042,"[477.99, 148.58, 545.66, 216.23]",0.8388
ann_dda17b9a421a,ann_dda17b9a421a,1681,0,mar20-airport-proxy-041,aircraft,aircraft,15,"[279.0, 524.0, 413.0, 660.0]",134.0,medium,m3-f0-i1681-p165013,0.2037,"[286.96, 518.31, 413.82, 661.38]",0.8913
ann_c4c68610913d,ann_c4c68610913d,3760,0,mar20-airport-proxy-018,aircraft,aircraft,9,"[205.0, 553.0, 319.0, 677.0]",114.0,medium,m3-f0-i3760-p359118,0.2018,"[207.37, 554.54, 318.02, 672.02]",0.9195
ann_a1d26d319584,ann_a1d26d319584,2677,2,mar20-airport-proxy-015,aircraft,aircraft,23,"[152.0, 396.0, 255.0, 478.0]",82.0,small,m3-f2-i2677-p262218,0.1996,"[142.63, 396.36, 256.98, 480.98]",0.8656
ann_6ffc02df63db,ann_6ffc02df63db,3811,0,mar20-airport-proxy-018,aircraft,aircraft,9,"[534.0, 137.0, 600.0, 206.0]",66.0,small,m3-f0-i3811-p371411,0.1991,"[534.45, 138.4, 600.71, 204.57]",0.9427
ann_4d07310c620c,ann_4d07310c620c,1964,2,mar20-airport-proxy-015,aircraft,aircraft,23,"[608.0, 588.0, 698.0, 702.0]",90.0,small,m3-f2-i1964-p192908,0.199,"[606.27, 587.16, 703.1, 708.15]",0.8758
ann_144aeffee825,ann_144aeffee825,4202,2,mar20-airport-proxy-023,aircraft,aircraft,14,"[515.0, 510.0, 596.0, 593.0]",81.0,small,m3-f2-i4202-p379506,0.1962,"[521.0, 519.68, 594.63, 591.26]",0.784
ann_56cdc4939d7e,ann_56cdc4939d7e,2925,2,mar20-airport-proxy-051,aircraft,aircraft,19,"[481.0, 347.0, 553.0, 451.0]",72.0,small,m3-f2-i2925-p280535,0.1923,"[471.78, 345.7, 557.13, 450.78]",0.8317
ann_9d2a4c14ad17,ann_9d2a4c14ad17,3741,0,mar20-airport-proxy-018,aircraft,aircraft,9,"[134.0, 529.0, 249.0, 638.0]",109.0,medium,m3-f0-i3741-p354314,0.1876,"[132.86, 521.29, 247.02, 639.65]",0.8974
ann_1ccf59702190,ann_1ccf59702190,4116,1,mar20-airport-proxy-012,aircraft,aircraft,18,"[312.0, 207.0, 365.0, 285.0]",53.0,small,m3-f1-i4116-p452113,0.1869,"[302.49, 214.32, 370.94, 283.21]",0.7024
ann_a870cb57d722,ann_a870cb57d722,2721,2,mar20-airport-proxy-013,aircraft,aircraft,18,"[704.0, 184.0, 783.0, 271.0]",79.0,small,m3-f2-i2721-p267022,0.1855,"[699.17, 181.15, 786.77, 268.46]",0.8501
ann_a83e4082eb68,ann_a83e4082eb68,3949,1,mar20-airport-proxy-017,aircraft,aircraft,17,"[352.0, 331.0, 411.0, 396.0]",59.0,small,m3-f1-i3949-p417912,0.1838,"[345.82, 329.41, 412.54, 398.41]",0.8331
ann_dd1e22ca154c,ann_dd1e22ca154c,3725,0,mar20-airport-proxy-018,aircraft,aircraft,9,"[24.0, 21.0, 88.0, 82.0]",61.0,small,m3-f0-i3725-p350410,0.1794,"[21.07, 17.97, 86.65, 82.71]",0.8829
ann_405bdb45e1fb,ann_405bdb45e1fb,3809,0,mar20-airport-proxy-018,aircraft,aircraft,9,"[680.0, 329.0, 747.0, 397.0]",67.0,small,m3-f0-i3809-p371129,0.178,"[681.01, 327.49, 749.46, 395.95]",0.9158
ann_95786cc90b89,ann_95786cc90b89,3780,0,mar20-airport-proxy-018,aircraft,aircraft,9,"[85.0, 522.0, 176.0, 618.0]",91.0,small,m3-f0-i3780-p364213,0.1775,"[82.03, 522.36, 176.56, 619.04]",0.9488
ann_958e50fa4c9e,ann_958e50fa4c9e,2286,0,mar20-airport-proxy-018,aircraft,aircraft,9,"[22.0, 343.0, 191.0, 507.0]",164.0,medium,m3-f0-i2286-p219607,0.1755,"[11.38, 335.64, 194.87, 535.45]",0.756
ann_71dc4d61d49d,ann_71dc4d61d49d,3589,1,mar20-airport-proxy-016,aircraft,aircraft,15,"[297.0, 189.0, 350.0, 236.0]",47.0,small,m3-f1-i3589-p392112,0.1753,"[301.95, 190.17, 351.17, 234.83]",0.8436
ann_8f6cf107a3b7,ann_8f6cf107a3b7,1736,2,mar20-airport-proxy-051,aircraft,aircraft,16,"[432.0, 175.0, 563.0, 361.0]",131.0,medium,m3-f2-i1736-p170733,0.1747,"[430.37, 174.02, 562.6, 357.23]",0.9599
ann_ce372f32f369,ann_ce372f32f369,3724,0,mar20-airport-proxy-018,aircraft,aircraft,9,"[628.0, 95.0, 700.0, 170.0]",72.0,small,m3-f0-i3724-p350122,0.1727,"[628.42, 96.9, 703.61, 181.23]",0.804
ann_436b9a1996c3,ann_436b9a1996c3,3774,0,mar20-airport-proxy-018,aircraft,aircraft,9,"[636.0, 283.0, 777.0, 412.0]",129.0,medium,m3-f0-i3774-p362722,0.1718,"[636.91, 280.32, 775.59, 412.65]",0.9592
ann_d001b9ef409c,ann_d001b9ef409c,2261,2,mar20-airport-proxy-023,aircraft,aircraft,14,"[554.0, 188.0, 665.0, 295.0]",107.0,medium,m3-f2-i2261-p220208,0.1685,"[558.89, 189.45, 663.77, 288.67]",0.8762
ann_ef4028c2016d,ann_ef4028c2016d,2012,0,mar20-airport-proxy-018,aircraft,aircraft,9,"[550.0, 112.0, 663.0, 234.0]",113.0,medium,m3-f0-i2012-p194704,0.1677,"[547.1, 109.85, 662.5, 229.68]",0.921
ann_830f6cb241e6,ann_830f6cb241e6,1725,1,mar20-airport-proxy-014,aircraft,aircraft,22,"[246.0, 500.0, 317.0, 556.0]",56.0,small,m3-f1-i1725-p177906,0.1663,"[246.24, 501.26, 317.65, 556.47]",0.9574
ann_813f9ed1b60f,ann_813f9ed1b60f,3809,0,mar20-airport-proxy-018,aircraft,aircraft,9,"[598.0, 620.0, 667.0, 693.0]",69.0,small,m3-f0-i3809-p371130,0.1653,"[597.39, 620.04, 666.67, 689.33]",0.9368
ann_2624e00dca2c,ann_2624e00dca2c,3953,1,mar20-airport-proxy-017,aircraft,aircraft,17,"[912.0, 165.0, 988.0, 245.0]",76.0,small,m3-f1-i3953-p418817,0.1649,"[904.53, 161.12, 988.6, 242.8]",0.8406
ann_fabe92abeb1f,ann_fabe92abeb1f,3755,0,mar20-airport-proxy-018,aircraft,aircraft,9,"[406.0, 592.0, 489.0, 671.0]",79.0,small,m3-f0-i3755-p357919,0.1644,"[410.64, 594.07, 490.92, 671.56]",0.8931
ann_3c7667f0fb42,ann_3c7667f0fb42,3815,0,mar20-airport-proxy-018,aircraft,aircraft,15,"[349.0, 132.0, 437.0, 199.0]",67.0,small,m3-f0-i3815-p372618,0.1637,"[351.71, 136.5, 427.98, 193.97]",0.7434
ann_eaa60d52f096,ann_eaa60d52f096,4349,1,mar20-airport-proxy-016,aircraft,aircraft,15,"[533.0, 545.0, 627.0, 635.0]",90.0,small,m3-f1-i4349-p473709,0.1633,"[538.06, 544.53, 626.0, 630.47]",0.8841
ann_92a223e4da6f,ann_92a223e4da6f,1802,0,mar20-airport-proxy-018,aircraft,aircraft,9,"[349.0, 552.0, 403.0, 610.0]",54.0,small,m3-f0-i1802-p177024,0.1622,"[346.48, 548.44, 416.8, 614.84]",0.6708
ann_6737f0bd8e8b,ann_6737f0bd8e8b,2721,2,mar20-airport-proxy-013,aircraft,aircraft,18,"[296.0, 423.0, 387.0, 512.0]",89.0,small,m3-f2-i2721-p267027,0.1619,"[298.24, 429.83, 386.91, 515.48]",0.8666
ann_8844c7d64925,ann_8844c7d64925,3721,0,mar20-airport-proxy-022,aircraft,aircraft,4,"[218.0, 477.0, 274.0, 523.0]",46.0,small,m3-f0-i3721-p349517,0.1604,"[223.35, 480.1, 271.96, 524.58]",0.786
ann_3b9828c3ed6f,ann_3b9828c3ed6f,2969,1,mar20-airport-proxy-042,aircraft,aircraft,22,"[426.0, 193.0, 504.0, 293.0]",78.0,small,m3-f1-i2969-p324610,0.1604,"[425.98, 192.04, 502.93, 293.51]",0.9719
ann_1c657dba3704,ann_1c657dba3704,1961,2,mar20-airport-proxy-051,aircraft,aircraft,17,"[329.0, 601.0, 442.0, 715.0]",113.0,medium,m3-f2-i1961-p192643,0.1598,"[329.0, 597.31, 442.87, 715.97]",0.9534
ann_afb8e5621fc2,ann_afb8e5621fc2,3814,0,mar20-airport-proxy-018,aircraft,aircraft,9,"[670.0, 228.0, 750.0, 303.0]",75.0,small,m3-f0-i3814-p372309,0.1559,"[672.58, 226.46, 749.29, 299.32]",0.8942
ann_62186a525e72,ann_62186a525e72,2007,2,mar20-airport-proxy-051,aircraft,aircraft,17,"[541.0, 446.0, 747.0, 624.0]",178.0,medium,m3-f2-i2007-p196833,0.1556,"[551.9, 452.69, 731.69, 627.0]",0.8278
ann_13249ea91a2e,ann_13249ea91a2e,3767,0,mar20-airport-proxy-018,aircraft,aircraft,9,"[735.0, 46.0, 785.0, 94.0]",48.0,small,m3-f0-i3767-p361216,0.1555,"[737.01, 39.72, 787.99, 95.43]",0.7844
ann_c9c2970eea2f,ann_c9c2970eea2f,3689,0,mar20-airport-proxy-018,aircraft,aircraft,9,"[164.0, 455.0, 211.0, 507.0]",47.0,small,m3-f0-i3689-p343811,0.155,"[162.26, 454.74, 210.6, 505.42]",0.9232
ann_7a764d885413,ann_7a764d885413,1487,2,mar20-airport-proxy-009,aircraft,aircraft,10,"[443.0, 425.0, 513.0, 501.0]",70.0,small,m3-f2-i1487-p144610,0.1531,"[443.05, 421.58, 515.9, 502.19]",0.9047
ann_5c52445b7510,ann_5c52445b7510,2677,2,mar20-airport-proxy-015,aircraft,aircraft,4,"[142.0, 586.0, 244.0, 661.0]",75.0,small,m3-f2-i2677-p262219,0.1515,"[142.09, 587.74, 244.04, 653.66]",0.8778
ann_06341cff1486,ann_06341cff1486,1961,2,mar20-airport-proxy-051,aircraft,aircraft,17,"[675.0, 593.0, 791.0, 720.0]",116.0,medium,m3-f2-i1961-p192645,0.1495,"[674.8, 599.02, 790.04, 718.16]",0.9289
ann_dc12edc3c108,ann_dc12edc3c108,1327,1,mar20-airport-proxy-049,aircraft,aircraft,16,"[525.0, 485.0, 594.0, 556.0]",69.0,small,m3-f1-i1327-p137407,0.1493,"[523.02, 477.47, 596.51, 556.91]",0.8392
ann_db6629f30d74,ann_db6629f30d74,3886,0,mar20-airport-proxy-018,aircraft,aircraft,9,"[445.0, 265.0, 524.0, 341.0]",76.0,small,m3-f0-i3886-p384319,0.147,"[447.74, 267.2, 524.79, 343.87]",0.8957
ann_8c6626abedf5,ann_8c6626abedf5,3811,0,mar20-airport-proxy-018,aircraft,aircraft,9,"[496.0, 225.0, 565.0, 292.0]",67.0,small,m3-f0-i3811-p371416,0.1462,"[496.73, 226.05, 562.65, 291.14]",0.9281
ann_9c2d6c3ab737,ann_9c2d6c3ab737,1616,1,mar20-airport-proxy-034,aircraft,aircraft,13,"[2.0, 2.0, 286.0, 315.0]",284.0,large,m3-f1-i1616-p167706,0.1448,"[0.0, 0.29, 296.68, 319.04]",0.94
ann_3bf1650cfce4,ann_3bf1650cfce4,1828,0,mar20-airport-proxy-032,aircraft,aircraft,19,"[568.0, 239.0, 780.0, 588.0]",212.0,medium,m3-f0-i1828-p179703,0.1445,"[551.56, 230.08, 789.84, 605.08]",0.828
ann_816fd17d84c5,ann_816fd17d84c5,2012,0,mar20-airport-proxy-018,aircraft,aircraft,9,"[663.0, 12.0, 772.0, 128.0]",109.0,medium,m3-f0-i2012-p194707,0.1432,"[659.74, 12.78, 776.1, 130.0]",0.9152
ann_a307bc84947f,ann_a307bc84947f,1602,1,mar20-airport-proxy-057,aircraft,aircraft,19,"[70.0, 78.0, 162.0, 140.0]",62.0,small,m3-f1-i1602-p166812,0.1412,"[76.56, 80.64, 156.84, 135.77]",0.7758
ann_ead89abb0793,ann_ead89abb0793,2317,0,mar20-airport-proxy-018,aircraft,aircraft,9,"[490.0, 287.0, 554.0, 353.0]",64.0,small,m3-f0-i2317-p222005,0.141,"[489.46, 285.7, 555.63, 351.74]",0.931
ann_48eced5a7647,ann_48eced5a7647,1961,2,mar20-airport-proxy-051,aircraft,aircraft,17,"[507.0, 672.0, 616.0, 794.0]",109.0,medium,m3-f2-i1961-p192647,0.1409,"[501.81, 675.59, 617.72, 799.41]",0.8754
ann_b2dbb89a6104,ann_b2dbb89a6104,3767,0,mar20-airport-proxy-018,aircraft,aircraft,9,"[477.0, 348.0, 531.0, 398.0]",50.0,small,m3-f0-i3767-p361219,0.1406,"[480.15, 346.29, 530.0, 397.46]",0.8853
ann_9e1705751c48,ann_9e1705751c48,2286,0,mar20-airport-proxy-018,aircraft,aircraft,9,"[564.0, 290.0, 736.0, 452.0]",162.0,medium,m3-f0-i2286-p219608,0.1387,"[557.71, 285.55, 739.16, 456.64]",0.8976
ann_c9b0eb17a733,ann_c9b0eb17a733,1802,0,mar20-airport-proxy-018,aircraft,aircraft,9,"[343.0, 214.0, 397.0, 272.0]",54.0,small,m3-f0-i1802-p177025,0.1384,"[342.68, 212.26, 415.53, 275.63]",0.6783
ann_44a4beca972b,ann_44a4beca972b,3809,0,mar20-airport-proxy-018,aircraft,aircraft,9,"[618.0, 548.0, 688.0, 617.0]",69.0,small,m3-f0-i3809-p371132,0.1373,"[617.94, 549.05, 686.74, 615.8]",0.9493
ann_f1059d0c064c,ann_f1059d0c064c,3891,0,mar20-airport-proxy-018,aircraft,aircraft,9,"[72.0, 11.0, 189.0, 129.0]",117.0,medium,m3-f0-i3891-p385812,0.1372,"[71.78, 11.72, 188.57, 127.93]",0.9794
ann_b8ac0688779b,ann_b8ac0688779b,1835,1,mar20-airport-proxy-014,aircraft,aircraft,22,"[177.0, 472.0, 222.0, 527.0]",45.0,small,m3-f1-i1835-p191706,0.137,"[180.98, 472.22, 224.23, 529.61]",0.8294
ann_56a2a1e038ca,ann_56a2a1e038ca,1972,0,mar20-airport-proxy-018,aircraft,aircraft,9,"[219.0, 208.0, 292.0, 276.0]",68.0,small,m3-f0-i1972-p190822,0.1362,"[219.24, 202.76, 293.26, 276.93]",0.8985
ann_c984c7114cb5,ann_c984c7114cb5,3375,1,mar20-airport-proxy-017,aircraft,aircraft,17,"[455.0, 388.0, 547.0, 478.0]",90.0,small,m3-f1-i3375-p371109,0.1343,"[451.54, 383.79, 546.9, 475.59]",0.8959
ann_c40be30e8a81,ann_c40be30e8a81,3431,0,mar20-airport-proxy-018,aircraft,aircraft,9,"[46.0, 87.0, 212.0, 232.0]",145.0,medium,m3-f0-i3431-p319204,0.1331,"[42.14, 81.74, 211.77, 233.11]",0.9349
ann_2c05854b18b0,ann_2c05854b18b0,2544,2,mar20-airport-proxy-005,aircraft,aircraft,19,"[318.0, 228.0, 383.0, 277.0]",49.0,small,m3-f2-i2544-p247812,0.1328,"[323.46, 228.47, 378.49, 275.05]",0.8048
ann_5c93e3517c9e,ann_5c93e3517c9e,2313,1,mar20-airport-proxy-038,aircraft,aircraft,16,"[132.0, 153.0, 218.0, 257.0]",86.0,small,m3-f1-i2313-p247805,0.132,"[137.26, 155.3, 214.5, 254.08]",0.8531
ann_d44486625f13,ann_d44486625f13,3786,0,mar20-airport-proxy-018,aircraft,aircraft,9,"[237.0, 720.0, 303.0, 795.0]",66.0,small,m3-f0-i3786-p365115,0.1311,"[235.74, 723.95, 303.32, 790.11]",0.8639
ann_18e7cbbaf079,ann_18e7cbbaf079,1805,2,mar20-airport-proxy-051,aircraft,aircraft,17,"[23.0, 188.0, 193.0, 339.0]",151.0,medium,m3-f2-i1805-p175834,0.13,"[23.44, 183.06, 194.53, 343.12]",0.9327
ann_5dd7da1e5fdf,ann_5dd7da1e5fdf,1382,0,mar20-airport-proxy-036,aircraft,aircraft,8,"[139.0, 141.0, 227.0, 207.0]",66.0,small,m3-f0-i1382-p135909,0.1298,"[134.01, 138.45, 228.88, 207.64]",0.8848
ann_a81d6289b6a7,ann_a81d6289b6a7,1411,0,mar20-airport-proxy-036,aircraft,aircraft,16,"[438.0, 235.0, 545.0, 306.0]",71.0,small,m3-f0-i1411-p139219,0.1294,"[442.09, 234.4, 545.41, 309.35]",0.9094
ann_d898f4a0e7af,ann_d898f4a0e7af,1802,0,mar20-airport-proxy-018,aircraft,aircraft,9,"[350.0, 627.0, 405.0, 687.0]",55.0,small,m3-f0-i1802-p177027,0.1271,"[347.9, 626.59, 417.33, 689.82]",0.7516
ann_54952c1be27a,ann_54952c1be27a,3786,0,mar20-airport-proxy-018,aircraft,aircraft,9,"[281.0, 652.0, 349.0, 722.0]",68.0,small,m3-f0-i3786-p365117,0.1262,"[280.27, 653.05, 347.85, 720.39]",0.936
ann_9357dff8d281,ann_9357dff8d281,3768,0,mar20-airport-proxy-018,aircraft,aircraft,23,"[299.0, 625.0, 344.0, 650.0]",25.0,tiny,m3-f0-i3768-p361533,0.1255,"[303.1, 623.73, 350.02, 652.05]",0.7143
ann_9e8c3914ccae,ann_9e8c3914ccae,1794,1,mar20-airport-proxy-014,aircraft,aircraft,22,"[206.0, 457.0, 265.0, 506.0]",49.0,small,m3-f1-i1794-p186602,0.1245,"[205.19, 459.15, 264.29, 501.79]",0.8496
ann_de88c617cc11,ann_de88c617cc11,3689,0,mar20-airport-proxy-018,aircraft,aircraft,9,"[207.0, 418.0, 256.0, 466.0]",48.0,small,m3-f0-i3689-p343812,0.1232,"[207.59, 415.65, 256.47, 467.16]",0.9125
ann_60205b507182,ann_60205b507182,3774,0,mar20-airport-proxy-018,aircraft,aircraft,9,"[324.0, 397.0, 464.0, 530.0]",133.0,medium,m3-f0-i3774-p362728,0.1227,"[324.12, 397.41, 462.6, 530.71]",0.9809
ann_f8acf8621729,ann_f8acf8621729,4079,1,mar20-airport-proxy-049,aircraft,aircraft,7,"[328.0, 590.0, 459.0, 703.0]",113.0,medium,m3-f1-i4079-p450614,0.1221,"[337.07, 586.38, 466.73, 702.63]",0.8507
ann_1b5dc8bb1c6c,ann_1b5dc8bb1c6c,4072,1,mar20-airport-proxy-049,aircraft,aircraft,14,"[427.0, 555.0, 499.0, 624.0]",69.0,small,m3-f1-i4072-p448815,0.1213,"[424.83, 552.51, 500.01, 622.1]",0.8999
ann_725e9a372967,ann_725e9a372967,1670,2,mar20-airport-proxy-023,aircraft,aircraft,14,"[493.0, 118.0, 589.0, 209.0]",91.0,small,m3-f2-i1670-p165608,0.1212,"[492.7, 119.43, 581.52, 206.15]",0.8761
ann_54a83c92a40c,ann_54a83c92a40c,2025,0,mar20-airport-proxy-026,aircraft,aircraft,4,"[149.0, 399.0, 238.0, 518.0]",89.0,small,m3-f0-i2025-p196508,0.1197,"[146.68, 397.66, 239.45, 531.25]",0.8545
ann_f51aeaaab350,ann_f51aeaaab350,1815,0,mar20-airport-proxy-036,aircraft,aircraft,8,"[333.0, 107.0, 416.0, 204.0]",83.0,small,m3-f0-i1815-p177915,0.1182,"[330.64, 108.54, 414.67, 199.07]",0.8946
ann_c9097278f746,ann_c9097278f746,3760,0,mar20-airport-proxy-018,aircraft,aircraft,9,"[565.0, 82.0, 673.0, 186.0]",104.0,medium,m3-f0-i3760-p359127,0.1178,"[564.94, 84.62, 672.56, 189.01]",0.9431
ann_4faf0a0391b3,ann_4faf0a0391b3,2443,2,mar20-airport-proxy-051,aircraft,aircraft,7,"[16.0, 13.0, 425.0, 477.0]",409.0,large,m3-f2-i2443-p236120,0.1174,"[23.54, 12.5, 415.92, 478.12]",0.9562
ann_4cdc039cbfd4,ann_4cdc039cbfd4,3689,0,mar20-airport-proxy-018,aircraft,aircraft,9,"[111.0, 495.0, 159.0, 547.0]",48.0,small,m3-f0-i3689-p343813,0.1172,"[111.44, 491.48, 159.85, 546.8]",0.909
ann_b022473cfc22,ann_b022473cfc22,3887,0,mar20-airport-proxy-018,aircraft,aircraft,9,"[147.0, 535.0, 291.0, 675.0]",140.0,medium,m3-f0-i3887-p384615,0.116,"[150.28, 529.5, 288.39, 673.29]",0.9129
ann_e1245ecdb628,ann_e1245ecdb628,3734,0,mar20-airport-proxy-018,aircraft,aircraft,9,"[408.0, 544.0, 498.0, 632.0]",88.0,small,m3-f0-i3734-p352508,0.1147,"[406.13, 543.82, 497.78, 629.61]",0.9493
ann_c6aa40535c0f,ann_c6aa40535c0f,1961,2,mar20-airport-proxy-051,aircraft,aircraft,17,"[214.0, 595.0, 327.0, 720.0]",113.0,medium,m3-f2-i1961-p192652,0.1122,"[212.74, 598.83, 326.32, 718.36]",0.9405
ann_f9814aa08312,ann_f9814aa08312,3760,0,mar20-airport-proxy-018,aircraft,aircraft,9,"[668.0, 4.0, 777.0, 103.0]",99.0,medium,m3-f0-i3760-p359128,0.1122,"[667.82, 3.32, 773.58, 105.76]",0.9356
ann_64d7493ddb7f,ann_64d7493ddb7f,3541,2,mar20-airport-proxy-013,aircraft,aircraft,8,"[221.0, 595.0, 329.0, 678.0]",83.0,small,m3-f2-i3541-p344125,0.1105,"[218.16, 598.49, 328.71, 676.51]",0.915
ann_5a484719fc70,ann_5a484719fc70,1446,2,mar20-airport-proxy-013,aircraft,aircraft,18,"[332.0, 294.0, 415.0, 389.0]",83.0,small,m3-f2-i1446-p140720,0.1097,"[339.5, 296.34, 417.14, 394.29]",0.8237
ann_ebd7cbbab40b,ann_ebd7cbbab40b,1961,2,mar20-airport-proxy-051,aircraft,aircraft,17,"[96.0, 597.0, 210.0, 715.0]",114.0,medium,m3-f2-i1961-p192653,0.108,"[96.97, 596.09, 210.84, 717.19]",0.9593
ann_07da3d8fe8dd,ann_07da3d8fe8dd,3541,2,mar20-airport-proxy-013,aircraft,aircraft,8,"[250.0, 285.0, 366.0, 368.0]",83.0,small,m3-f2-i3541-p344126,0.108,"[250.2, 291.38, 361.13, 369.56]",0.8673
ann_edac5d36fc4f,ann_edac5d36fc4f,3811,0,mar20-airport-proxy-018,aircraft,aircraft,9,"[429.0, 382.0, 495.0, 451.0]",66.0,small,m3-f0-i3811-p371417,0.1071,"[427.22, 383.67, 492.31, 451.49]",0.9059
ann_3f2cf457b491,ann_3f2cf457b491,3589,1,mar20-airport-proxy-016,aircraft,aircraft,15,"[152.0, 650.0, 228.0, 709.0]",59.0,small,m3-f1-i3589-p392123,0.1067,"[152.83, 650.95, 223.14, 710.77]",0.8857
ann_3084d8d50639,ann_3084d8d50639,1676,2,mar20-airport-proxy-013,aircraft,aircraft,18,"[314.0, 130.0, 416.0, 204.0]",74.0,small,m3-f2-i1676-p165920,0.1065,"[310.06, 130.83, 413.38, 203.54]",0.9222
ann_ae9837863871,ann_ae9837863871,3708,0,mar20-airport-proxy-018,aircraft,aircraft,9,"[567.0, 363.0, 644.0, 434.0]",71.0,small,m3-f0-i3708-p346813,0.1061,"[570.61, 363.7, 645.02, 434.35]",0.9272
ann_154dd72b9f10,ann_154dd72b9f10,3776,0,mar20-airport-proxy-018,aircraft,aircraft,9,"[279.0, 679.0, 388.0, 793.0]",109.0,medium,m3-f0-i3776-p363307,0.1056,"[276.03, 677.0, 391.16, 792.53]",0.9268
ann_24930c45864c,ann_24930c45864c,1761,0,mar20-airport-proxy-037,aircraft,aircraft,12,"[190.0, 624.0, 282.0, 706.0]",82.0,small,m3-f0-i1761-p172810,0.105,"[185.69, 626.86, 267.82, 709.86]",0.7509
ann_dcaf3eb8f26b,ann_dcaf3eb8f26b,4360,1,mar20-airport-proxy-042,aircraft,aircraft,22,"[283.0, 1.0, 470.0, 122.0]",121.0,medium,m3-f1-i4360-p475507,0.105,"[281.79, 0.05, 469.78, 122.61]",0.9798
ann_4a8a58ee9b2f,ann_4a8a58ee9b2f,3658,1,mar20-airport-proxy-035,aircraft,aircraft,8,"[106.0, 171.0, 167.0, 213.0]",42.0,small,m3-f1-i3658-p403216,0.1028,"[107.76, 170.37, 168.99, 212.24]",0.9107
ann_8d4774453f63,ann_8d4774453f63,4350,2,mar20-airport-proxy-015,aircraft,aircraft,22,"[281.0, 477.0, 408.0, 531.0]",54.0,small,m3-f2-i4350-p395706,0.1023,"[288.28, 475.9, 391.41, 533.47]",0.7707
ann_f983a0b4bad3,ann_f983a0b4bad3,1734,1,mar20-airport-proxy-014,aircraft,aircraft,22,"[357.0, 533.0, 440.0, 594.0]",61.0,small,m3-f1-i1734-p179406,0.1013,"[354.77, 530.27, 441.56, 593.27]",0.9048
ann_9482bffe2339,ann_9482bffe2339,3744,1,mar20-airport-proxy-016,aircraft,aircraft,15,"[602.0, 568.0, 645.0, 614.0]",43.0,small,m3-f1-i3744-p409225,0.1002,"[602.86, 573.8, 645.58, 613.7]",0.8401
ann_655a06c293ae,ann_655a06c293ae,1968,0,mar20-airport-proxy-045,aircraft,aircraft,10,"[584.0, 667.0, 731.0, 800.0]",133.0,medium,m3-f0-i1968-p189911,0.0983,"[573.05, 667.29, 723.83, 799.9]",0.8829
ann_880ceeb040c7,ann_880ceeb040c7,3815,0,mar20-airport-proxy-018,aircraft,aircraft,15,"[260.0, 294.0, 346.0, 360.0]",66.0,small,m3-f0-i3815-p372624,0.0964,"[263.7, 297.92, 338.26, 355.2]",0.7524
ann_bd8caa8c64b5,ann_bd8caa8c64b5,4072,1,mar20-airport-proxy-049,aircraft,aircraft,14,"[655.0, 551.0, 720.0, 616.0]",65.0,small,m3-f1-i4072-p448816,0.0959,"[652.9, 551.45, 712.88, 616.35]",0.8526
ann_08a5344a9f4a,ann_08a5344a9f4a,3661,2,mar20-airport-proxy-051,aircraft,aircraft,17,"[203.0, 42.0, 331.0, 155.0]",113.0,medium,m3-f2-i3661-p353441,0.0944,"[205.52, 42.33, 336.67, 159.23]",0.9029
ann_d33f91bda02c,ann_d33f91bda02c,2476,2,mar20-airport-proxy-015,aircraft,aircraft,22,"[52.0, 199.0, 179.0, 251.0]",52.0,small,m3-f2-i2476-p240009,0.093,"[58.94, 197.02, 165.28, 253.76]",0.778
ann_3f28853b4b1a,ann_3f28853b4b1a,2721,2,mar20-airport-proxy-013,aircraft,aircraft,18,"[706.0, 304.0, 788.0, 386.0]",82.0,small,m3-f2-i2721-p267039,0.092,"[704.25, 304.22, 786.38, 387.96]",0.9352
ann_b2c71fac3aa2,ann_b2c71fac3aa2,2286,0,mar20-airport-proxy-018,aircraft,aircraft,9,"[348.0, 309.0, 518.0, 477.0]",168.0,medium,m3-f0-i2286-p219611,0.0916,"[336.13, 304.15, 516.21, 479.05]",0.8888
ann_7f7d2a503e98,ann_7f7d2a503e98,3012,1,mar20-airport-proxy-017,aircraft,aircraft,14,"[639.0, 400.0, 776.0, 552.0]",137.0,medium,m3-f1-i3012-p329706,0.0914,"[633.2, 402.73, 779.3, 556.64]",0.8946
ann_f2c5e2616cde,ann_f2c5e2616cde,1597,0,mar20-airport-proxy-036,aircraft,aircraft,16,"[516.0, 205.0, 615.0, 305.0]",99.0,medium,m3-f0-i1597-p155727,0.0912,"[513.16, 204.74, 610.28, 299.95]",0.878
ann_1c388b1d7089,ann_1c388b1d7089,2721,2,mar20-airport-proxy-013,aircraft,aircraft,18,"[708.0, 667.0, 794.0, 750.0]",83.0,small,m3-f2-i2721-p267041,0.0906,"[704.96, 666.19, 794.26, 752.56]",0.9253
ann_6e3cc526a2d3,ann_6e3cc526a2d3,2351,2,mar20-airport-proxy-005,aircraft,aircraft,19,"[264.0, 363.0, 390.0, 465.0]",102.0,medium,m3-f2-i2351-p227101,0.0903,"[265.82, 366.97, 387.3, 454.13]",0.8239
ann_5f3f50081dce,ann_5f3f50081dce,1736,2,mar20-airport-proxy-051,aircraft,aircraft,16,"[514.0, 121.0, 643.0, 300.0]",129.0,medium,m3-f2-i1736-p170742,0.0898,"[514.6, 123.05, 646.34, 303.52]",0.941
ann_dd9ead9049f1,ann_dd9ead9049f1,4072,1,mar20-airport-proxy-049,aircraft,aircraft,14,"[705.0, 617.0, 774.0, 684.0]",67.0,small,m3-f1-i4072-p448817,0.0896,"[708.37, 614.83, 770.07, 681.63]",0.8383
ann_252d27278a77,ann_252d27278a77,3689,0,mar20-airport-proxy-018,aircraft,aircraft,9,"[354.0, 297.0, 400.0, 348.0]",46.0,small,m3-f0-i3689-p343818,0.0895,"[351.66, 297.06, 399.9, 345.13]",0.8975
ann_0d6e47df9dd7,ann_0d6e47df9dd7,3767,0,mar20-airport-proxy-018,aircraft,aircraft,9,"[563.0, 251.0, 612.0, 301.0]",49.0,small,m3-f0-i3767-p361230,0.0893,"[563.11, 248.49, 613.45, 299.56]",0.8969
ann_e2b56047548c,ann_e2b56047548c,3812,0,mar20-airport-proxy-018,aircraft,aircraft,9,"[113.0, 9.0, 212.0, 102.0]",93.0,small,m3-f0-i3812-p371713,0.089,"[115.45, 9.47, 213.06, 97.07]",0.9094
ann_4ba797c1deb5,ann_4ba797c1deb5,3889,0,mar20-airport-proxy-018,aircraft,aircraft,23,"[215.0, 530.0, 239.0, 544.0]",14.0,tiny,m3-f0-i3889-p385248,0.0887,"[210.99, 527.88, 242.19, 544.94]",0.6311
ann_7806f26afb04,ann_7806f26afb04,1876,1,mar20-airport-proxy-042,aircraft,aircraft,22,"[96.0, 281.0, 162.0, 328.0]",47.0,small,m3-f1-i1876-p195326,0.088,"[94.7, 281.46, 160.96, 328.31]",0.9499
ann_b32cf46e1195,ann_b32cf46e1195,2662,2,mar20-airport-proxy-040,aircraft,aircraft,4,"[349.0, 409.0, 436.0, 521.0]",87.0,small,m3-f2-i2662-p261009,0.088,"[346.63, 406.2, 438.92, 519.58]",0.9087
ann_9d37746386e2,ann_9d37746386e2,2656,0,mar20-airport-proxy-041,aircraft,aircraft,15,"[108.0, 168.0, 252.0, 251.0]",83.0,small,m3-f0-i2656-p250210,0.0879,"[103.52, 174.54, 251.17, 257.1]",0.8296
ann_f9a6cc486e3b,ann_f9a6cc486e3b,2394,0,mar20-airport-proxy-018,aircraft,aircraft,20,"[664.0, 75.0, 717.0, 133.0]",53.0,small,m3-f0-i2394-p228323,0.0874,"[661.61, 76.24, 712.38, 129.48]",0.8047
ann_9370e31e5037,ann_9370e31e5037,2255,0,mar20-airport-proxy-018,aircraft,aircraft,9,"[555.0, 70.0, 623.0, 141.0]",68.0,small,m3-f0-i2255-p216312,0.0873,"[553.14, 69.64, 625.27, 143.43]",0.9072
ann_31545b9f0a4b,ann_31545b9f0a4b,3273,0,mar20-airport-proxy-045,aircraft,aircraft,17,"[599.0, 617.0, 755.0, 786.0]",156.0,medium,m3-f0-i3273-p305104,0.0873,"[600.93, 623.88, 753.76, 787.06]",0.9341
ann_1d004177a84d,ann_1d004177a84d,3658,1,mar20-airport-proxy-035,aircraft,aircraft,8,"[107.0, 226.0, 170.0, 271.0]",45.0,small,m3-f1-i3658-p403218,0.0871,"[107.69, 227.5, 167.31, 268.98]",0.8723
ann_0b8b7b5f41fb,ann_0b8b7b5f41fb,2993,1,mar20-airport-proxy-030,aircraft,aircraft,21,"[23.0, 429.0, 260.0, 666.0]",237.0,medium,m3-f1-i2993-p327604,0.0857,"[24.12, 425.2, 247.56, 672.46]",0.9058
ann_5a85d5e5b8e6,ann_5a85d5e5b8e6,1966,1,mar20-airport-proxy-035,aircraft,aircraft,8,"[582.0, 209.0, 660.0, 300.0]",78.0,small,m3-f1-i1966-p206412,0.0856,"[591.65, 209.01, 652.1, 293.33]",0.7182
ann_d0d333cf7fc3,ann_d0d333cf7fc3,1681,0,mar20-airport-proxy-041,aircraft,aircraft,15,"[147.0, 177.0, 289.0, 288.0]",111.0,medium,m3-f0-i1681-p165033,0.0839,"[148.24, 174.41, 286.52, 293.95]",0.906
ann_e04f12f87128,ann_e04f12f87128,1725,1,mar20-airport-proxy-014,aircraft,aircraft,22,"[219.0, 426.0, 284.0, 477.0]",51.0,small,m3-f1-i1725-p177908,0.0834,"[213.36, 424.26, 285.55, 478.59]",0.8451
ann_b38323284620,ann_b38323284620,1961,2,mar20-airport-proxy-051,aircraft,aircraft,17,"[562.0, 590.0, 675.0, 718.0]",113.0,medium,m3-f2-i1961-p192660,0.083,"[560.35, 597.07, 673.24, 718.55]",0.9135
ann_86ba49ca8aa9,ann_86ba49ca8aa9,3902,2,mar20-airport-proxy-021,aircraft,aircraft,15,"[54.0, 82.0, 111.0, 124.0]",42.0,small,m3-f2-i3902-p367217,0.0828,"[57.67, 79.27, 113.92, 123.85]",0.8362
ann_3a259df15a31,ann_3a259df15a31,3431,0,mar20-airport-proxy-018,aircraft,aircraft,9,"[353.0, 430.0, 512.0, 584.0]",154.0,medium,m3-f0-i3431-p319209,0.0823,"[349.85, 427.15, 513.43, 594.73]",0.8933
ann_eb57181182b2,ann_eb57181182b2,3718,2,mar20-airport-proxy-015,aircraft,aircraft,4,"[124.0, 225.0, 199.0, 314.0]",75.0,small,m3-f2-i3718-p357017,0.0823,"[127.17, 226.86, 197.83, 312.21]",0.9034
ann_953705f90f56,ann_953705f90f56,3789,0,mar20-airport-proxy-018,aircraft,aircraft,9,"[474.0, 495.0, 547.0, 564.0]",69.0,small,m3-f0-i3789-p366009,0.0821,"[477.71, 494.82, 549.63, 566.89]",0.8789
ann_a6852f599b2a,ann_a6852f599b2a,3012,1,mar20-airport-proxy-017,aircraft,aircraft,14,"[41.0, 312.0, 187.0, 462.0]",146.0,medium,m3-f1-i3012-p329707,0.0809,"[37.11, 307.23, 183.01, 464.65]",0.9039
ann_32ec09ee72af,ann_32ec09ee72af,2473,1,mar20-airport-proxy-038,aircraft,aircraft,18,"[112.0, 436.0, 187.0, 500.0]",64.0,small,m3-f1-i2473-p267615,0.0804,"[115.97, 443.38, 186.38, 498.8]",0.8129
ann_cd7109f655a3,ann_cd7109f655a3,3689,0,mar20-airport-proxy-018,aircraft,aircraft,9,"[305.0, 339.0, 349.0, 388.0]",44.0,small,m3-f0-i3689-p343820,0.0802,"[302.53, 336.76, 350.6, 385.9]",0.8406
ann_8a4e1eea86f8,ann_8a4e1eea86f8,1736,2,mar20-airport-proxy-051,aircraft,aircraft,16,"[109.0, 164.0, 225.0, 355.0]",116.0,medium,m3-f2-i1736-p170744,0.0795,"[99.02, 169.48, 224.41, 359.81]",0.87
ann_21c3b270631e,ann_21c3b270631e,3815,0,mar20-airport-proxy-018,aircraft,aircraft,15,"[289.0, 246.0, 377.0, 307.0]",61.0,small,m3-f0-i3815-p372626,0.0793,"[291.24, 248.95, 367.36, 306.13]",0.8108
ann_50b759d793ba,ann_50b759d793ba,1925,1,mar20-airport-proxy-014,aircraft,aircraft,22,"[240.0, 312.0, 356.0, 404.0]",92.0,small,m3-f1-i1925-p201017,0.0785,"[237.4, 315.54, 360.26, 405.17]",0.8984
ann_ea7ebf824dbe,ann_ea7ebf824dbe,3723,0,mar20-airport-proxy-018,aircraft,aircraft,9,"[33.0, 715.0, 89.0, 771.0]",56.0,small,m3-f0-i3723-p349818,0.0782,"[33.59, 714.97, 89.94, 769.41]",0.9453
ann_50bdb39e6f02,ann_50bdb39e6f02,3723,0,mar20-airport-proxy-018,aircraft,aircraft,9,"[465.0, 23.0, 521.0, 77.0]",54.0,small,m3-f0-i3723-p349819,0.0779,"[467.26, 22.71, 520.24, 76.66]",0.9353
ann_c8d3c65eea39,ann_c8d3c65eea39,3776,0,mar20-airport-proxy-018,aircraft,aircraft,9,"[91.0, 154.0, 197.0, 256.0]",102.0,medium,m3-f0-i3776-p363310,0.0779,"[89.45, 150.93, 198.44, 258.45]",0.9227
ann_443a7e980b5c,ann_443a7e980b5c,3481,0,mar20-airport-proxy-046,aircraft,aircraft,14,"[104.0, 425.0, 199.0, 520.0]",95.0,small,m3-f0-i3481-p324023,0.0776,"[107.4, 427.2, 198.27, 524.37]",0.8951
ann_14b9f02b9bd3,ann_14b9f02b9bd3,3938,0,mar20-airport-proxy-006,aircraft,aircraft,18,"[416.0, 264.0, 443.0, 297.0]",27.0,tiny,m3-f0-i3938-p395713,0.0775,"[414.92, 265.43, 444.6, 296.46]",0.8601
ann_5449d4a26ca4,ann_5449d4a26ca4,3718,2,mar20-airport-proxy-015,aircraft,aircraft,4,"[243.0, 154.0, 316.0, 246.0]",73.0,small,m3-f2-i3718-p357018,0.0772,"[246.31, 159.59, 308.76, 245.09]",0.795
ann_1ac575e6f731,ann_1ac575e6f731,3693,0,mar20-airport-proxy-018,aircraft,aircraft,9,"[202.0, 227.0, 278.0, 302.0]",75.0,small,m3-f0-i3693-p344409,0.076,"[200.61, 225.68, 275.95, 300.88]",0.9257
ann_fff9d11379a1,ann_fff9d11379a1,1961,2,mar20-airport-proxy-051,aircraft,aircraft,17,"[442.0, 599.0, 556.0, 712.0]",113.0,medium,m3-f2-i1961-p192663,0.0756,"[444.58, 597.71, 557.76, 717.14]",0.9117
ann_d79136f67d2a,ann_d79136f67d2a,1706,0,mar20-airport-proxy-022,aircraft,aircraft,4,"[456.0, 528.0, 557.0, 663.0]",101.0,medium,m3-f0-i1706-p168027,0.0756,"[455.13, 526.17, 559.72, 665.23]",0.9375
ann_d2907437e887,ann_d2907437e887,3871,2,mar20-airport-proxy-040,aircraft,aircraft,4,"[436.0, 436.0, 480.0, 476.0]",40.0,small,m3-f2-i3871-p363022,0.0753,"[437.23, 435.62, 481.59, 478.25]",0.8816
ann_73413b6ab30c,ann_73413b6ab30c,3658,1,mar20-airport-proxy-035,aircraft,aircraft,8,"[104.0, 277.0, 166.0, 318.0]",41.0,small,m3-f1-i3658-p403222,0.0733,"[104.3, 276.72, 164.65, 320.15]",0.9203
ann_41e409b215ef,ann_41e409b215ef,1310,1,mar20-airport-proxy-042,aircraft,aircraft,22,"[534.0, 244.0, 597.0, 334.0]",63.0,small,m3-f1-i1310-p135008,0.0731,"[531.98, 238.89, 598.49, 335.72]",0.8805
ann_09118c75f594,ann_09118c75f594,1413,2,mar20-airport-proxy-015,aircraft,aircraft,23,"[42.0, 592.0, 114.0, 649.0]",57.0,small,m3-f2-i1413-p137418,0.0726,"[33.28, 591.48, 115.84, 649.93]",0.8504
ann_7041ebcd80e3,ann_7041ebcd80e3,3708,0,mar20-airport-proxy-018,aircraft,aircraft,9,"[663.0, 211.0, 740.0, 281.0]",70.0,small,m3-f0-i3708-p346818,0.0721,"[666.82, 212.5, 739.43, 278.91]",0.8945
ann_d3c026c02800,ann_d3c026c02800,2658,1,mar20-airport-proxy-017,aircraft,aircraft,17,"[410.0, 433.0, 491.0, 513.0]",80.0,small,m3-f1-i2658-p285908,0.0717,"[408.3, 424.17, 496.39, 514.89]",0.8109
ann_043b25e6a0ce,ann_043b25e6a0ce,3200,0,mar20-airport-proxy-032,aircraft,aircraft,17,"[65.0, 80.0, 585.0, 646.0]",520.0,large,m3-f0-i3200-p299104,0.0715,"[76.95, 79.49, 588.28, 658.79]",0.9491
ann_8b6e11fa6be6,ann_8b6e11fa6be6,1706,0,mar20-airport-proxy-022,aircraft,aircraft,4,"[337.0, 536.0, 438.0, 662.0]",101.0,medium,m3-f0-i1706-p168029,0.0715,"[335.79, 529.98, 440.77, 663.77]",0.9061
ann_cca344602491,ann_cca344602491,3708,0,mar20-airport-proxy-018,aircraft,aircraft,9,"[714.0, 131.0, 789.0, 200.0]",69.0,small,m3-f0-i3708-p346819,0.0712,"[715.72, 132.69, 787.4, 199.34]",0.9232
ann_ee4a4d89badb,ann_ee4a4d89badb,2041,0,mar20-airport-proxy-022,aircraft,aircraft,4,"[264.0, 299.0, 322.0, 372.0]",58.0,small,m3-f0-i2041-p197715,0.0704,"[268.29, 302.08, 320.78, 369.8]",0.8396
ann_6d4b244258b6,ann_6d4b244258b6,2726,0,mar20-airport-proxy-037,aircraft,aircraft,5,"[465.0, 162.0, 554.0, 240.0]",78.0,small,m3-f0-i2726-p255005,0.0702,"[468.02, 161.82, 549.17, 239.75]",0.9069
ann_aa1502e52eb6,ann_aa1502e52eb6,2313,1,mar20-airport-proxy-038,aircraft,aircraft,16,"[314.0, 655.0, 392.0, 766.0]",78.0,small,m3-f1-i2313-p247806,0.0696,"[316.5, 661.91, 394.43, 761.52]",0.8449
ann_d73a8ef2d931,ann_d73a8ef2d931,3888,0,mar20-airport-proxy-018,aircraft,aircraft,23,"[683.0, 320.0, 708.0, 369.0]",25.0,tiny,m3-f0-i3888-p384926,0.0695,"[682.54, 318.93, 706.51, 366.68]",0.8629
ann_cc1ca77c2c20,ann_cc1ca77c2c20,2074,1,mar20-airport-proxy-017,aircraft,aircraft,17,"[560.0, 453.0, 668.0, 557.0]",104.0,medium,m3-f1-i2074-p218410,0.0694,"[556.49, 455.03, 668.51, 559.03]",0.9279
ann_392cdc218ac7,ann_392cdc218ac7,2089,2,mar20-airport-proxy-015,aircraft,aircraft,22,"[629.0, 391.0, 715.0, 466.0]",75.0,small,m3-f2-i2089-p203116,0.0689,"[632.54, 391.16, 717.46, 459.62]",0.8529
ann_5294f08bc3a2,ann_5294f08bc3a2,2074,1,mar20-airport-proxy-017,aircraft,aircraft,17,"[654.0, 666.0, 767.0, 774.0]",108.0,medium,m3-f1-i2074-p218411,0.0689,"[653.42, 666.6, 767.68, 777.93]",0.949
ann_2ad6a2b85825,ann_2ad6a2b85825,3776,0,mar20-airport-proxy-018,aircraft,aircraft,9,"[180.0, 411.0, 292.0, 524.0]",112.0,medium,m3-f0-i3776-p363312,0.0688,"[181.05, 408.35, 296.68, 524.46]",0.9256
ann_7381d34eec60,ann_7381d34eec60,3693,0,mar20-airport-proxy-018,aircraft,aircraft,9,"[48.0, 672.0, 125.0, 748.0]",76.0,small,m3-f0-i3693-p344410,0.0687,"[47.75, 671.48, 123.24, 748.05]",0.9671
ann_16c65ba67344,ann_16c65ba67344,1736,2,mar20-airport-proxy-051,aircraft,aircraft,16,"[269.0, 193.0, 403.0, 351.0]",134.0,medium,m3-f2-i1736-p170747,0.0685,"[260.5, 185.99, 398.88, 350.73]",0.8723
ann_7fdd02155cb9,ann_7fdd02155cb9,3770,0,mar20-airport-proxy-018,aircraft,aircraft,20,"[182.0, 679.0, 269.0, 772.0]",87.0,small,m3-f0-i3770-p361838,0.0681,"[179.69, 682.69, 271.48, 773.56]",0.897
ann_8b196d6028e6,ann_8b196d6028e6,2074,1,mar20-airport-proxy-017,aircraft,aircraft,17,"[605.0, 561.0, 715.0, 665.0]",104.0,medium,m3-f1-i2074-p218413,0.0674,"[603.71, 559.72, 715.82, 666.85]",0.9525
ann_d314ebdb3d14,ann_d314ebdb3d14,3741,0,mar20-airport-proxy-018,aircraft,aircraft,9,"[567.0, 558.0, 689.0, 668.0]",110.0,medium,m3-f0-i3741-p354340,0.067,"[565.82, 548.83, 687.3, 669.92]",0.8883
ann_a4b834556045,ann_a4b834556045,3757,0,mar20-airport-proxy-018,aircraft,aircraft,9,"[500.0, 531.0, 565.0, 594.0]",63.0,small,m3-f0-i3757-p358518,0.0668,"[497.09, 530.0, 563.84, 595.0]",0.9119
ann_5f3f6855fb2a,ann_5f3f6855fb2a,1382,0,mar20-airport-proxy-036,aircraft,aircraft,8,"[391.0, 524.0, 482.0, 593.0]",69.0,small,m3-f0-i1382-p135915,0.0668,"[392.58, 523.58, 486.33, 595.17]",0.9047
ann_e4abfb09ff19,ann_e4abfb09ff19,3871,2,mar20-airport-proxy-040,aircraft,aircraft,4,"[569.0, 410.0, 617.0, 451.0]",41.0,small,m3-f2-i3871-p363028,0.0652,"[569.61, 410.03, 610.56, 452.11]",0.8333
ann_d5124ffe371c,ann_d5124ffe371c,1446,2,mar20-airport-proxy-013,aircraft,aircraft,18,"[240.0, 285.0, 319.0, 388.0]",79.0,small,m3-f2-i1446-p140741,0.0636,"[239.33, 287.35, 318.09, 395.46]",0.894
ann_2d262a46623c,ann_2d262a46623c,2187,1,mar20-airport-proxy-043,aircraft,aircraft,22,"[459.0, 574.0, 577.0, 680.0]",106.0,medium,m3-f1-i2187-p233106,0.0636,"[464.26, 561.77, 592.77, 669.48]",0.6907
ann_9cbd67bcf91b,ann_9cbd67bcf91b,1736,2,mar20-airport-proxy-051,aircraft,aircraft,16,"[476.0, 585.0, 606.0, 780.0]",130.0,medium,m3-f2-i1736-p170754,0.0627,"[480.76, 583.59, 593.46, 779.69]",0.8601
ann_38544fc0ebbe,ann_38544fc0ebbe,1338,0,mar20-airport-proxy-022,aircraft,aircraft,4,"[702.0, 406.0, 800.0, 536.0]",98.0,medium,m3-f0-i1338-p131415,0.0621,"[701.56, 404.0, 800.0, 535.06]",0.9734
ann_594bca2d9f68,ann_594bca2d9f68,2357,0,mar20-airport-proxy-018,aircraft,aircraft,20,"[451.0, 215.0, 519.0, 289.0]",68.0,small,m3-f0-i2357-p224732,0.062,"[446.57, 213.66, 523.16, 292.44]",0.834
ann_e4f3224ba64b,ann_e4f3224ba64b,3767,0,mar20-airport-proxy-018,aircraft,aircraft,9,"[81.0, 533.0, 141.0, 588.0]",55.0,small,m3-f0-i3767-p361247,0.0619,"[82.23, 531.23, 139.06, 586.74]",0.8982
ann_ce73581b1a3b,ann_ce73581b1a3b,1961,2,mar20-airport-proxy-051,aircraft,aircraft,17,"[624.0, 678.0, 732.0, 794.0]",108.0,medium,m3-f2-i1961-p192673,0.0613,"[618.41, 676.51, 733.94, 800.0]",0.8782
ann_67e3d0a0b474,ann_67e3d0a0b474,2041,0,mar20-airport-proxy-022,aircraft,aircraft,4,"[443.0, 331.0, 498.0, 403.0]",55.0,small,m3-f0-i2041-p197717,0.0609,"[443.29, 332.57, 498.9, 402.98]",0.9575
ann_61508a539a0f,ann_61508a539a0f,3789,0,mar20-airport-proxy-018,aircraft,aircraft,9,"[261.0, 286.0, 332.0, 351.0]",65.0,small,m3-f0-i3789-p366010,0.0608,"[260.82, 284.79, 331.37, 355.83]",0.9052
ann_a6fc552666b4,ann_a6fc552666b4,1736,2,mar20-airport-proxy-051,aircraft,aircraft,16,"[320.0, 586.0, 459.0, 771.0]",139.0,medium,m3-f2-i1736-p170756,0.06,"[320.61, 590.67, 458.3, 774.17]",0.9495
ann_9021509c76c9,ann_9021509c76c9,3271,0,mar20-airport-proxy-026,aircraft,aircraft,4,"[374.0, 307.0, 535.0, 423.0]",116.0,medium,m3-f0-i3271-p304518,0.0599,"[367.77, 305.81, 533.79, 420.75]",0.9282
ann_c2482e8b332f,ann_c2482e8b332f,3384,0,mar20-airport-proxy-041,aircraft,aircraft,20,"[151.0, 618.0, 290.0, 765.0]",139.0,medium,m3-f0-i3384-p315009,0.0595,"[166.41, 649.88, 296.48, 749.34]",0.5832
ann_d928ce7df316,ann_d928ce7df316,1681,0,mar20-airport-proxy-041,aircraft,aircraft,15,"[586.0, 45.0, 730.0, 148.0]",103.0,medium,m3-f0-i1681-p165050,0.0593,"[580.22, 46.97, 713.53, 155.96]",0.782
ann_ef864964f745,ann_ef864964f745,3541,2,mar20-airport-proxy-013,aircraft,aircraft,8,"[244.0, 357.0, 351.0, 446.0]",89.0,small,m3-f2-i3541-p344133,0.0591,"[243.26, 370.92, 353.61, 443.92]",0.7997
ann_a13dc42703cc,ann_a13dc42703cc,3871,2,mar20-airport-proxy-040,aircraft,aircraft,4,"[480.0, 429.0, 523.0, 467.0]",38.0,small,m3-f2-i3871-p363031,0.0591,"[481.01, 427.16, 521.27, 469.94]",0.8376
ann_ca4d4bae5a57,ann_ca4d4bae5a57,1382,0,mar20-airport-proxy-036,aircraft,aircraft,8,"[141.0, 343.0, 241.0, 405.0]",62.0,small,m3-f0-i1382-p135919,0.059,"[145.46, 343.73, 239.7, 407.45]",0.898
ann_994da01f4b51,ann_994da01f4b51,2826,0,mar20-airport-proxy-022,aircraft,aircraft,4,"[16.0, 249.0, 90.0, 332.0]",74.0,small,m3-f0-i2826-p265515,0.0588,"[14.18, 251.05, 90.21, 330.2]",0.9294
ann_46adee426a47,ann_46adee426a47,3947,1,mar20-airport-proxy-017,aircraft,aircraft,17,"[135.0, 529.0, 230.0, 619.0]",90.0,small,m3-f1-i3947-p417606,0.0586,"[129.6, 523.56, 232.98, 623.2]",0.83
ann_d4de7215484b,ann_d4de7215484b,1706,0,mar20-airport-proxy-022,aircraft,aircraft,4,"[116.0, 533.0, 220.0, 661.0]",104.0,medium,m3-f0-i1706-p168030,0.0583,"[112.84, 528.12, 221.53, 661.72]",0.9168
ann_eb0eb4f459b0,ann_eb0eb4f459b0,2045,0,mar20-airport-proxy-041,aircraft,aircraft,15,"[495.0, 430.0, 607.0, 494.0]",64.0,small,m3-f0-i2045-p198316,0.0581,"[489.36, 430.88, 596.58, 499.58]",0.7893
ann_15f44ace75fe,ann_15f44ace75fe,3789,0,mar20-airport-proxy-018,aircraft,aircraft,9,"[638.0, 599.0, 707.0, 667.0]",68.0,small,m3-f0-i3789-p366012,0.058,"[640.62, 599.07, 710.94, 668.9]",0.8853
ann_85a9067b52ad,ann_85a9067b52ad,1338,0,mar20-airport-proxy-022,aircraft,aircraft,4,"[597.0, 414.0, 698.0, 545.0]",101.0,medium,m3-f0-i1338-p131416,0.0578,"[593.65, 409.77, 700.88, 543.36]",0.9016
ann_0de10b1b896c,ann_0de10b1b896c,2925,2,mar20-airport-proxy-051,aircraft,aircraft,19,"[558.0, 394.0, 631.0, 502.0]",73.0,small,m3-f2-i2925-p280557,0.0576,"[546.26, 347.02, 633.42, 506.88]",0.5658
ann_a6f437b4a4ae,ann_a6f437b4a4ae,3776,0,mar20-airport-proxy-018,aircraft,aircraft,9,"[49.0, 33.0, 158.0, 143.0]",109.0,medium,m3-f0-i3776-p363318,0.0576,"[49.32, 35.01, 158.69, 140.48]",0.9502
ann_83273a4e0ff9,ann_83273a4e0ff9,3264,1,mar20-airport-proxy-049,aircraft,aircraft,17,"[422.0, 471.0, 571.0, 598.0]",127.0,medium,m3-f1-i3264-p361507,0.0573,"[425.2, 460.21, 574.8, 613.23]",0.7947
ann_4141dbf3f4a9,ann_4141dbf3f4a9,1961,2,mar20-airport-proxy-051,aircraft,aircraft,17,"[270.0, 671.0, 382.0, 800.0]",112.0,medium,m3-f2-i1961-p192679,0.0572,"[268.55, 675.05, 382.62, 799.17]",0.9454
ann_9432ea77edfc,ann_9432ea77edfc,2783,2,mar20-airport-proxy-023,aircraft,aircraft,14,"[208.0, 572.0, 326.0, 683.0]",111.0,medium,m3-f2-i2783-p271206,0.0572,"[212.79, 574.51, 323.14, 681.74]",0.9034
ann_8001c50744ff,ann_8001c50744ff,3947,1,mar20-airport-proxy-017,aircraft,aircraft,17,"[442.0, 521.0, 531.0, 611.0]",89.0,small,m3-f1-i3947-p417607,0.0572,"[435.76, 514.17, 537.21, 616.15]",0.7743
ann_cf9ac93adb03,ann_cf9ac93adb03,1791,0,mar20-airport-proxy-036,aircraft,aircraft,18,"[683.0, 155.0, 769.0, 236.0]",81.0,small,m3-f0-i1791-p176414,0.057,"[683.96, 161.5, 766.82, 237.92]",0.8665
ann_436aa9bc8a98,ann_436aa9bc8a98,3733,0,mar20-airport-proxy-018,aircraft,aircraft,9,"[640.0, 7.0, 718.0, 82.0]",75.0,small,m3-f0-i3733-p352211,0.057,"[638.01, 7.35, 715.11, 80.98]",0.9224
ann_cdb05e3bc4e7,ann_cdb05e3bc4e7,3741,0,mar20-airport-proxy-018,aircraft,aircraft,9,"[260.0, 536.0, 373.0, 639.0]",103.0,medium,m3-f0-i3741-p354347,0.0566,"[256.98, 521.78, 374.66, 648.54]",0.7803
ann_bf72fe80d5f4,ann_bf72fe80d5f4,1327,1,mar20-airport-proxy-049,aircraft,aircraft,16,"[644.0, 567.0, 705.0, 638.0]",61.0,small,m3-f1-i1327-p137412,0.0565,"[641.33, 562.28, 711.01, 640.06]",0.7991
ann_d343d9fac53c,ann_d343d9fac53c,2481,1,mar20-airport-proxy-042,aircraft,aircraft,22,"[498.0, 701.0, 583.0, 776.0]",75.0,small,m3-f1-i2481-p268526,0.0559,"[496.26, 702.05, 580.3, 775.29]",0.927
ann_026aa66857c2,ann_026aa66857c2,1961,2,mar20-airport-proxy-051,aircraft,aircraft,17,"[387.0, 672.0, 499.0, 794.0]",112.0,medium,m3-f2-i1961-p192683,0.0555,"[383.54, 673.19, 500.05, 799.46]",0.9115
ann_85b72fa982d1,ann_85b72fa982d1,4128,1,mar20-airport-proxy-012,aircraft,aircraft,16,"[358.0, 329.0, 399.0, 383.0]",41.0,small,m3-f1-i4128-p455427,0.0553,"[359.01, 326.93, 398.22, 386.4]",0.872
ann_ce8e7af4a31f,ann_ce8e7af4a31f,1382,0,mar20-airport-proxy-036,aircraft,aircraft,8,"[143.0, 281.0, 237.0, 345.0]",64.0,small,m3-f0-i1382-p135922,0.0548,"[145.04, 275.83, 237.96, 342.92]",0.8685
ann_9ff7c99a8181,ann_9ff7c99a8181,1961,2,mar20-airport-proxy-051,aircraft,aircraft,17,"[38.0, 676.0, 149.0, 798.0]",111.0,medium,m3-f2-i1961-p192685,0.0545,"[37.99, 674.12, 151.76, 798.54]",0.9567
ann_de1166e6c9b8,ann_de1166e6c9b8,1695,0,mar20-airport-proxy-006,aircraft,aircraft,18,"[262.0, 293.0, 426.0, 404.0]",111.0,medium,m3-f0-i1695-p166503,0.0543,"[273.38, 291.73, 425.32, 408.06]",0.887
ann_ce9ed6633de1,ann_ce9ed6633de1,1736,2,mar20-airport-proxy-051,aircraft,aircraft,16,"[163.0, 574.0, 302.0, 762.0]",139.0,medium,m3-f2-i1736-p170760,0.0533,"[167.97, 569.87, 300.0, 766.85]",0.9087
ann_919cce086881,ann_919cce086881,1706,0,mar20-airport-proxy-022,aircraft,aircraft,4,"[223.0, 528.0, 324.0, 654.0]",101.0,medium,m3-f0-i1706-p168032,0.0532,"[222.8, 522.41, 326.81, 654.93]",0.9233
ann_f9c39758792f,ann_f9c39758792f,3728,0,mar20-airport-proxy-018,aircraft,aircraft,9,"[445.0, 489.0, 528.0, 578.0]",83.0,small,m3-f0-i3728-p351021,0.0521,"[443.24, 490.55, 527.86, 574.29]",0.9209
ann_b3bf2a89998b,ann_b3bf2a89998b,2255,0,mar20-airport-proxy-018,aircraft,aircraft,9,"[427.0, 193.0, 497.0, 263.0]",70.0,small,m3-f0-i2255-p216318,0.0514,"[425.89, 191.97, 498.78, 264.99]",0.9206
ann_8f88452cf6ee,ann_8f88452cf6ee,3723,0,mar20-airport-proxy-018,aircraft,aircraft,9,"[119.0, 697.0, 178.0, 756.0]",59.0,small,m3-f0-i3723-p349835,0.0511,"[120.7, 697.27, 178.71, 755.08]",0.9405
ann_443a3c6441ed,ann_443a3c6441ed,2481,1,mar20-airport-proxy-042,aircraft,aircraft,22,"[668.0, 141.0, 732.0, 224.0]",64.0,small,m3-f1-i2481-p268529,0.051,"[667.48, 141.41, 730.96, 225.59]",0.9531
ann_1a9c2a9f3940,ann_1a9c2a9f3940,3792,0,mar20-airport-proxy-018,aircraft,aircraft,9,"[629.0, 437.0, 696.0, 498.0]",61.0,small,m3-f0-i3792-p366928,0.0509,"[626.83, 432.98, 697.39, 497.49]",0.8838
ann_330b766ba53c,ann_330b766ba53c,2069,0,mar20-airport-proxy-022,aircraft,aircraft,4,"[390.0, 404.0, 433.0, 449.0]",43.0,small,m3-f0-i2069-p200426,0.0507,"[389.33, 401.86, 439.58, 451.27]",0.7794
ann_594ece1e800b,ann_594ece1e800b,3700,2,mar20-airport-proxy-015,aircraft,aircraft,22,"[492.0, 373.0, 606.0, 454.0]",81.0,small,m3-f2-i3700-p356433,0.0505,"[489.65, 375.51, 596.29, 454.96]",0.8598
ann_bc7ed711a0bd,ann_bc7ed711a0bd,4280,2,mar20-airport-proxy-051,aircraft,aircraft,17,"[1.0, 605.0, 65.0, 711.0]",64.0,small,m3-f2-i4280-p389487,0.0499,"[0.0, 606.3, 71.26, 709.33]",0.8754
ann_83ba707f1f95,ann_83ba707f1f95,3805,0,mar20-airport-proxy-018,aircraft,aircraft,9,"[302.0, 706.0, 381.0, 791.0]",79.0,small,m3-f0-i3805-p369923,0.0499,"[298.9, 708.86, 382.35, 788.01]",0.8848
ann_bdab1ae71acd,ann_bdab1ae71acd,3792,0,mar20-airport-proxy-018,aircraft,aircraft,9,"[4.0, 347.0, 64.0, 404.0]",57.0,small,m3-f0-i3792-p366929,0.0498,"[1.37, 343.36, 71.19, 406.25]",0.7788
ann_c67ddcafaab3,ann_c67ddcafaab3,1446,2,mar20-airport-proxy-013,aircraft,aircraft,18,"[123.0, 280.0, 206.0, 383.0]",83.0,small,m3-f2-i1446-p140760,0.0497,"[123.66, 285.94, 199.78, 391.41]",0.8041
ann_078aff3ac8a2,ann_078aff3ac8a2,3599,0,mar20-airport-proxy-036,aircraft,aircraft,16,"[381.0, 354.0, 448.0, 420.0]",66.0,small,m3-f0-i3599-p336003,0.0495,"[379.93, 354.39, 448.97, 421.39]",0.9449
ann_d8b61f4aa1da,ann_d8b61f4aa1da,4280,2,mar20-airport-proxy-051,aircraft,aircraft,17,"[276.0, 605.0, 379.0, 711.0]",103.0,medium,m3-f2-i4280-p389489,0.0492,"[276.2, 604.98, 374.98, 709.86]",0.9486
ann_4fa6526643b3,ann_4fa6526643b3,1972,0,mar20-airport-proxy-018,aircraft,aircraft,9,"[107.0, 84.0, 178.0, 156.0]",71.0,small,m3-f0-i1972-p190853,0.0492,"[105.64, 81.84, 179.13, 157.03]",0.9251
ann_e236f161d8c7,ann_e236f161d8c7,3794,0,mar20-airport-proxy-018,aircraft,aircraft,9,"[650.0, 455.0, 752.0, 557.0]",102.0,medium,m3-f0-i3794-p367516,0.0491,"[650.59, 456.98, 751.76, 555.52]",0.9582
ann_4693861f54a7,ann_4693861f54a7,3155,2,mar20-airport-proxy-023,aircraft,aircraft,14,"[73.0, 526.0, 162.0, 616.0]",89.0,small,m3-f2-i3155-p301816,0.049,"[77.15, 531.74, 161.91, 613.57]",0.866
ann_8b6b27c73034,ann_8b6b27c73034,3728,0,mar20-airport-proxy-018,aircraft,aircraft,9,"[224.0, 612.0, 313.0, 704.0]",89.0,small,m3-f0-i3728-p351024,0.0481,"[225.37, 614.58, 311.74, 703.39]",0.937
ann_b00e669458e8,ann_b00e669458e8,1736,2,mar20-airport-proxy-051,aircraft,aircraft,16,"[337.0, 119.0, 471.0, 308.0]",134.0,medium,m3-f2-i1736-p170768,0.0477,"[337.7, 122.8, 466.21, 311.57]",0.923
ann_2668407ec1df,ann_2668407ec1df,2783,2,mar20-airport-proxy-023,aircraft,aircraft,14,"[232.0, 424.0, 343.0, 537.0]",111.0,medium,m3-f2-i2783-p271208,0.0476,"[234.13, 430.08, 342.43, 532.42]",0.8837
ann_a4845ce34d6b,ann_a4845ce34d6b,1676,2,mar20-airport-proxy-013,aircraft,aircraft,18,"[308.0, 11.0, 420.0, 96.0]",85.0,small,m3-f2-i1676-p165934,0.0473,"[306.35, 6.74, 416.7, 84.08]",0.7857
ann_c30ccebcc3d3,ann_c30ccebcc3d3,3776,0,mar20-airport-proxy-018,aircraft,aircraft,9,"[127.0, 257.0, 238.0, 371.0]",111.0,medium,m3-f0-i3776-p363320,0.047,"[125.54, 260.5, 246.92, 369.19]",0.8753
ann_961a3224e3b4,ann_961a3224e3b4,3700,2,mar20-airport-proxy-015,aircraft,aircraft,22,"[468.0, 540.0, 578.0, 628.0]",88.0,small,m3-f2-i3700-p356439,0.0469,"[468.65, 548.73, 574.32, 627.05]",0.8549
ann_9130c41c8918,ann_9130c41c8918,3720,0,mar20-airport-proxy-018,aircraft,aircraft,9,"[455.0, 323.0, 532.0, 404.0]",77.0,small,m3-f0-i3720-p349214,0.0467,"[456.23, 322.83, 528.15, 394.75]",0.8258
ann_f0ebe841d3ff,ann_f0ebe841d3ff,3889,0,mar20-airport-proxy-018,aircraft,aircraft,9,"[142.0, 87.0, 229.0, 164.0]",77.0,small,m3-f0-i3889-p385271,0.0465,"[146.02, 93.3, 213.9, 158.23]",0.6579
ann_c3cd6bdbc9cf,ann_c3cd6bdbc9cf,3658,1,mar20-airport-proxy-035,aircraft,aircraft,8,"[211.0, 337.0, 269.0, 381.0]",44.0,small,m3-f1-i3658-p403233,0.0465,"[210.94, 337.06, 271.09, 381.3]",0.9564
ann_ed4cb086ca89,ann_ed4cb086ca89,3792,0,mar20-airport-proxy-018,aircraft,aircraft,9,"[516.0, 419.0, 585.0, 484.0]",65.0,small,m3-f0-i3792-p366930,0.0463,"[517.7, 417.85, 585.42, 482.15]",0.926
ann_0c34ab281a91,ann_0c34ab281a91,1736,2,mar20-airport-proxy-051,aircraft,aircraft,16,"[191.0, 112.0, 309.0, 283.0]",118.0,medium,m3-f2-i1736-p170772,0.046,"[184.81, 107.18, 312.06, 281.3]",0.8936
ann_2d433622f8f6,ann_2d433622f8f6,4200,1,mar20-airport-proxy-049,aircraft,aircraft,16,"[45.0, 95.0, 96.0, 173.0]",51.0,small,m3-f1-i4200-p459917,0.0458,"[43.46, 91.46, 94.43, 170.07]",0.8681
ann_ea7935e141f8,ann_ea7935e141f8,1961,2,mar20-airport-proxy-051,aircraft,aircraft,17,"[154.0, 678.0, 265.0, 794.0]",111.0,medium,m3-f2-i1961-p192702,0.0444,"[152.73, 675.49, 266.8, 798.73]",0.916
ann_f97fab1421e6,ann_f97fab1421e6,3650,1,mar20-airport-proxy-035,aircraft,aircraft,8,"[380.0, 250.0, 420.0, 303.0]",40.0,small,m3-f1-i3650-p402015,0.0443,"[381.74, 247.53, 419.04, 302.47]",0.8848
ann_2447ab57b29f,ann_2447ab57b29f,1791,0,mar20-airport-proxy-036,aircraft,aircraft,18,"[243.0, 128.0, 332.0, 211.0]",83.0,small,m3-f0-i1791-p176418,0.0443,"[243.92, 131.52, 329.13, 208.33]",0.8859
ann_9b0ab13f6187,ann_9b0ab13f6187,2856,0,mar20-airport-proxy-022,aircraft,aircraft,4,"[341.0, 438.0, 417.0, 525.0]",76.0,small,m3-f0-i2856-p269423,0.0443,"[342.77, 441.53, 419.73, 518.63]",0.8389
ann_a29f913cbec6,ann_a29f913cbec6,4280,2,mar20-airport-proxy-051,aircraft,aircraft,17,"[680.0, 607.0, 787.0, 714.0]",107.0,medium,m3-f2-i4280-p389504,0.0442,"[681.1, 606.45, 782.18, 712.3]",0.9251
ann_0148ac5a1d37,ann_0148ac5a1d37,3693,0,mar20-airport-proxy-018,aircraft,aircraft,9,"[169.0, 306.0, 249.0, 381.0]",75.0,small,m3-f0-i3693-p344416,0.0441,"[173.07, 308.23, 247.63, 382.4]",0.8889
ann_fa8582059813,ann_fa8582059813,4280,2,mar20-airport-proxy-051,aircraft,aircraft,17,"[580.0, 605.0, 676.0, 709.0]",96.0,small,m3-f2-i4280-p389505,0.0441,"[580.13, 607.81, 678.47, 710.94]",0.9306
ann_8c0080122912,ann_8c0080122912,2225,2,mar20-airport-proxy-023,aircraft,aircraft,14,"[600.0, 178.0, 686.0, 266.0]",86.0,small,m3-f2-i2225-p216018,0.0441,"[607.79, 185.64, 682.06, 258.11]",0.7111
ann_ea946d98c4c8,ann_ea946d98c4c8,3306,1,mar20-airport-proxy-042,aircraft,aircraft,22,"[239.0, 475.0, 327.0, 599.0]",88.0,small,m3-f1-i3306-p364812,0.0434,"[238.75, 475.2, 327.27, 598.24]",0.9865
ann_bd64491ba6b9,ann_bd64491ba6b9,4280,2,mar20-airport-proxy-051,aircraft,aircraft,17,"[376.0, 607.0, 482.0, 708.0]",101.0,medium,m3-f2-i4280-p389507,0.0433,"[377.73, 605.91, 476.17, 710.5]",0.899
ann_ae3bac44664e,ann_ae3bac44664e,4130,1,mar20-airport-proxy-012,aircraft,aircraft,16,"[401.0, 74.0, 449.0, 104.0]",30.0,tiny,m3-f1-i4130-p456027,0.043,"[398.2, 72.03, 449.92, 107.44]",0.7864
ann_46198d921f6a,ann_46198d921f6a,1736,2,mar20-airport-proxy-051,aircraft,aircraft,16,"[10.0, 584.0, 151.0, 761.0]",141.0,medium,m3-f2-i1736-p170774,0.0426,"[11.38, 583.84, 145.56, 761.47]",0.9484
ann_14d6e3715ccd,ann_14d6e3715ccd,3700,2,mar20-airport-proxy-015,aircraft,aircraft,22,"[454.0, 624.0, 573.0, 707.0]",83.0,small,m3-f2-i3700-p356446,0.0425,"[456.49, 628.32, 565.38, 707.62]",0.8615
ann_2153a8d01bfe,ann_2153a8d01bfe,3308,2,mar20-airport-proxy-040,aircraft,aircraft,22,"[530.0, 610.0, 623.0, 713.0]",93.0,small,m3-f2-i3308-p317408,0.0424,"[529.54, 608.15, 622.8, 712.16]",0.9676
ann_3959236ea656,ann_3959236ea656,2766,1,mar20-airport-proxy-017,aircraft,aircraft,17,"[302.0, 649.0, 400.0, 750.0]",98.0,medium,m3-f1-i2766-p300306,0.0423,"[296.24, 647.51, 406.1, 751.71]",0.8646
ann_74b9604a31f9,ann_74b9604a31f9,1791,0,mar20-airport-proxy-036,aircraft,aircraft,18,"[326.0, 525.0, 415.0, 607.0]",82.0,small,m3-f0-i1791-p176422,0.0421,"[325.37, 530.05, 411.74, 604.32]",0.867
ann_14b15580c788,ann_14b15580c788,2505,2,mar20-airport-proxy-023,aircraft,aircraft,14,"[372.0, 664.0, 459.0, 757.0]",87.0,small,m3-f2-i2505-p243009,0.0421,"[375.27, 671.97, 452.08, 753.81]",0.7769
ann_a95a0465ba74,ann_a95a0465ba74,2766,1,mar20-airport-proxy-017,aircraft,aircraft,17,"[578.0, 477.0, 676.0, 574.0]",97.0,medium,m3-f1-i2766-p300307,0.0418,"[574.22, 473.88, 680.47, 576.9]",0.8684
ann_5fece76ff034,ann_5fece76ff034,1736,2,mar20-airport-proxy-051,aircraft,aircraft,16,"[631.0, 593.0, 770.0, 789.0]",139.0,medium,m3-f2-i1736-p170776,0.0417,"[633.94, 601.17, 763.72, 786.33]",0.882
ann_8bb430134174,ann_8bb430134174,1777,0,mar20-airport-proxy-041,aircraft,aircraft,20,"[401.0, 514.0, 638.0, 750.0]",236.0,medium,m3-f0-i1777-p174305,0.0414,"[395.9, 505.18, 634.57, 751.07]",0.9265
ann_4bb58c787acd,ann_4bb58c787acd,3708,0,mar20-airport-proxy-018,aircraft,aircraft,9,"[514.0, 450.0, 589.0, 519.0]",69.0,small,m3-f0-i3708-p346838,0.0413,"[516.7, 450.9, 590.33, 520.97]",0.9099
ann_717bf24f01ee,ann_717bf24f01ee,2074,1,mar20-airport-proxy-017,aircraft,aircraft,17,"[244.0, 647.0, 349.0, 761.0]",105.0,medium,m3-f1-i2074-p218421,0.0413,"[241.41, 644.87, 349.22, 762.94]",0.9404
ann_d5cfc8fb3178,ann_d5cfc8fb3178,3792,0,mar20-airport-proxy-018,aircraft,aircraft,9,"[292.0, 386.0, 357.0, 449.0]",63.0,small,m3-f0-i3792-p366933,0.0408,"[293.8, 382.71, 360.89, 448.54]",0.867
ann_426bdd9f26b4,ann_426bdd9f26b4,3767,0,mar20-airport-proxy-018,aircraft,aircraft,9,"[618.0, 185.0, 666.0, 237.0]",48.0,small,m3-f0-i3767-p361277,0.0403,"[617.58, 183.23, 668.36, 234.74]",0.8764
ann_a22fb8ec856b,ann_a22fb8ec856b,1382,0,mar20-airport-proxy-036,aircraft,aircraft,8,"[691.0, 110.0, 786.0, 177.0]",67.0,small,m3-f0-i1382-p135926,0.0401,"[688.33, 109.67, 778.86, 179.2]",0.8691
ann_389e0447da68,ann_389e0447da68,3889,0,mar20-airport-proxy-018,aircraft,aircraft,9,"[159.0, 239.0, 246.0, 316.0]",77.0,small,m3-f0-i3889-p385284,0.04,"[166.53, 244.79, 235.62, 309.46]",0.667
ann_f9f51023eae2,ann_f9f51023eae2,3792,0,mar20-airport-proxy-018,aircraft,aircraft,9,"[440.0, 411.0, 508.0, 473.0]",62.0,small,m3-f0-i3792-p366936,0.0399,"[439.28, 407.98, 506.03, 472.49]",0.91
ann_b742e81a6c3e,ann_b742e81a6c3e,3739,0,mar20-airport-proxy-018,aircraft,aircraft,9,"[278.0, 107.0, 351.0, 183.0]",73.0,small,m3-f0-i3739-p354036,0.0397,"[278.78, 108.79, 355.59, 180.08]",0.8762
ann_22403cb2ac4a,ann_22403cb2ac4a,3743,0,mar20-airport-proxy-018,aircraft,aircraft,9,"[181.0, 179.0, 247.0, 243.0]",64.0,small,m3-f0-i3743-p354944,0.0396,"[181.32, 178.37, 247.97, 241.94]",0.9553
ann_ffb155e95b6a,ann_ffb155e95b6a,4104,0,mar20-airport-proxy-045,aircraft,aircraft,14,"[507.0, 115.0, 582.0, 186.0]",71.0,small,m3-f0-i4104-p407725,0.0395,"[507.39, 114.93, 574.21, 188.68]",0.8611
ann_f91c5cfdbd53,ann_f91c5cfdbd53,2017,1,mar20-airport-proxy-042,aircraft,aircraft,22,"[211.0, 560.0, 320.0, 659.0]",99.0,medium,m3-f1-i2017-p211546,0.0389,"[214.01, 558.59, 322.71, 661.72]",0.9118
ann_4c9223a1867d,ann_4c9223a1867d,3720,0,mar20-airport-proxy-018,aircraft,aircraft,9,"[457.0, 560.0, 541.0, 640.0]",80.0,small,m3-f0-i3720-p349220,0.0388,"[464.94, 564.09, 539.75, 635.13]",0.7908
ann_2fa5ffc8c16b,ann_2fa5ffc8c16b,3759,1,mar20-airport-proxy-016,aircraft,aircraft,15,"[217.0, 554.0, 273.0, 603.0]",49.0,small,m3-f1-i3759-p409522,0.0386,"[216.82, 553.39, 273.8, 605.98]",0.9157
ann_b15bf7e0542c,ann_b15bf7e0542c,3308,2,mar20-airport-proxy-040,aircraft,aircraft,22,"[631.0, 682.0, 729.0, 790.0]",98.0,medium,m3-f2-i3308-p317410,0.0381,"[628.86, 682.96, 726.61, 788.13]",0.9303
ann_ac7875aea59e,ann_ac7875aea59e,4200,1,mar20-airport-proxy-049,aircraft,aircraft,16,"[181.0, 554.0, 252.0, 611.0]",57.0,small,m3-f1-i4200-p459920,0.0378,"[177.44, 546.95, 250.68, 609.3]",0.8095
ann_b317a79f45cd,ann_b317a79f45cd,3887,0,mar20-airport-proxy-018,aircraft,aircraft,9,"[532.0, 139.0, 670.0, 278.0]",138.0,medium,m3-f0-i3887-p384642,0.0378,"[531.53, 144.05, 667.74, 277.5]",0.9412
ann_6d9c9dfd42b1,ann_6d9c9dfd42b1,3734,0,mar20-airport-proxy-018,aircraft,aircraft,9,"[527.0, 691.0, 614.0, 785.0]",87.0,small,m3-f0-i3734-p352550,0.0375,"[524.27, 693.63, 614.01, 781.37]",0.9067
ann_8ddf479606df,ann_8ddf479606df,1418,2,mar20-airport-proxy-051,aircraft,aircraft,8,"[595.0, 223.0, 754.0, 459.0]",159.0,medium,m3-f2-i1418-p138035,0.0368,"[590.67, 212.6, 760.89, 453.03]",0.8734
ann_49ce02821618,ann_49ce02821618,3693,0,mar20-airport-proxy-018,aircraft,aircraft,9,"[143.0, 383.0, 222.0, 462.0]",79.0,small,m3-f0-i3693-p344420,0.0366,"[145.73, 385.25, 221.46, 459.28]",0.8982
ann_c1301c9c0588,ann_c1301c9c0588,3700,2,mar20-airport-proxy-015,aircraft,aircraft,22,"[479.0, 456.0, 592.0, 537.0]",81.0,small,m3-f2-i3700-p356460,0.0363,"[478.27, 460.08, 585.01, 537.57]",0.8796
ann_839543831ed5,ann_839543831ed5,1832,0,mar20-airport-proxy-048,aircraft,aircraft,14,"[399.0, 365.0, 515.0, 488.0]",116.0,medium,m3-f0-i1832-p180303,0.0363,"[396.88, 362.94, 518.75, 489.4]",0.9257
ann_a686967e517d,ann_a686967e517d,3009,1,mar20-airport-proxy-038,aircraft,aircraft,18,"[437.0, 709.0, 488.0, 764.0]",51.0,small,m3-f1-i3009-p329439,0.0363,"[439.29, 708.79, 486.49, 765.43]",0.9005
ann_04d66152e6cb,ann_04d66152e6cb,1670,2,mar20-airport-proxy-023,aircraft,aircraft,14,"[331.0, 650.0, 408.0, 736.0]",77.0,small,m3-f2-i1670-p165613,0.0362,"[337.6, 661.72, 406.15, 732.03]",0.7279
ann_80b73eff7ae0,ann_80b73eff7ae0,4086,0,mar20-airport-proxy-045,aircraft,aircraft,14,"[921.0, 342.0, 989.0, 405.0]",63.0,small,m3-f0-i4086-p403557,0.0359,"[916.44, 342.13, 988.03, 398.03]",0.8255
ann_f3428c52d9ae,ann_f3428c52d9ae,4280,2,mar20-airport-proxy-051,aircraft,aircraft,17,"[173.0, 605.0, 276.0, 711.0]",103.0,medium,m3-f2-i4280-p389529,0.0357,"[176.12, 605.42, 274.66, 707.86]",0.9245
ann_3e9e597be3a2,ann_3e9e597be3a2,2966,2,mar20-airport-proxy-013,aircraft,aircraft,8,"[499.0, 233.0, 607.0, 389.0]",108.0,medium,m3-f2-i2966-p285901,0.0356,"[498.93, 228.17, 607.32, 388.62]",0.9641
ann_1d44bbc747f9,ann_1d44bbc747f9,3792,0,mar20-airport-proxy-018,aircraft,aircraft,9,"[210.0, 375.0, 279.0, 436.0]",61.0,small,m3-f0-i3792-p366942,0.0353,"[209.67, 372.97, 278.61, 437.96]",0.9292
ann_b52c7488a577,ann_b52c7488a577,3789,0,mar20-airport-proxy-018,aircraft,aircraft,9,"[162.0, 19.0, 244.0, 95.0]",76.0,small,m3-f0-i3789-p366024,0.0353,"[164.75, 17.6, 243.07, 91.87]",0.9
ann_315dd374b576,ann_315dd374b576,4280,2,mar20-airport-proxy-051,aircraft,aircraft,17,"[481.0, 606.0, 581.0, 712.0]",100.0,medium,m3-f2-i4280-p389536,0.035,"[478.52, 606.15, 577.73, 711.04]",0.9342
ann_ac12c61d3e42,ann_ac12c61d3e42,2225,2,mar20-airport-proxy-023,aircraft,aircraft,14,"[680.0, 88.0, 765.0, 169.0]",81.0,small,m3-f2-i2225-p216021,0.0349,"[687.33, 96.19, 761.89, 167.87]",0.7762
ann_0be34a2dd319,ann_0be34a2dd319,1791,0,mar20-airport-proxy-036,aircraft,aircraft,18,"[479.0, 369.0, 561.0, 449.0]",80.0,small,m3-f0-i1791-p176429,0.0345,"[472.46, 369.41, 561.91, 445.43]",0.8748
ann_7591b538bc47,ann_7591b538bc47,3789,0,mar20-airport-proxy-018,aircraft,aircraft,9,"[561.0, 548.0, 635.0, 617.0]",69.0,small,m3-f0-i3789-p366025,0.0344,"[562.94, 550.44, 632.37, 619.87]",0.8711
ann_57f5275c3212,ann_57f5275c3212,4225,1,mar20-airport-proxy-017,aircraft,aircraft,17,"[110.0, 622.0, 277.0, 786.0]",164.0,medium,m3-f1-i4225-p462007,0.0342,"[113.53, 630.81, 275.73, 793.41]",0.8805
ann_da44b714f686,ann_da44b714f686,4093,0,mar20-airport-proxy-045,aircraft,aircraft,14,"[49.0, 122.0, 114.0, 180.0]",58.0,small,m3-f0-i4093-p405023,0.034,"[46.31, 112.13, 117.34, 182.98]",0.7491
ann_721da035de13,ann_721da035de13,2856,0,mar20-airport-proxy-022,aircraft,aircraft,4,"[474.0, 542.0, 550.0, 626.0]",76.0,small,m3-f0-i2856-p269428,0.034,"[473.97, 542.65, 549.46, 629.22]",0.9488
ann_2ff16e631c29,ann_2ff16e631c29,1736,2,mar20-airport-proxy-051,aircraft,aircraft,16,"[21.0, 116.0, 142.0, 293.0]",121.0,medium,m3-f2-i1736-p170797,0.0338,"[19.63, 102.49, 143.46, 289.89]",0.8923
ann_61960ac19254,ann_61960ac19254,3871,2,mar20-airport-proxy-040,aircraft,aircraft,4,"[524.0, 419.0, 565.0, 462.0]",41.0,small,m3-f2-i3871-p363043,0.0338,"[523.02, 418.88, 565.45, 462.14]",0.9602
ann_421b1fe1a2c7,ann_421b1fe1a2c7,3767,0,mar20-airport-proxy-018,aircraft,aircraft,9,"[37.0, 582.0, 94.0, 643.0]",57.0,small,m3-f0-i3767-p361294,0.0337,"[37.6, 578.64, 95.9, 640.89]",0.8776
ann_2af08102f3dd,ann_2af08102f3dd,4280,2,mar20-airport-proxy-051,aircraft,aircraft,17,"[76.0, 608.0, 179.0, 711.0]",103.0,medium,m3-f2-i4280-p389553,0.0328,"[75.34, 605.47, 173.88, 707.81]",0.8943
ann_525610e9c933,ann_525610e9c933,1670,2,mar20-airport-proxy-023,aircraft,aircraft,14,"[248.0, 728.0, 328.0, 800.0]",72.0,small,m3-f2-i1670-p165619,0.0326,"[254.54, 739.01, 322.02, 800.0]",0.7145
ann_bd17e855debd,ann_bd17e855debd,3743,0,mar20-airport-proxy-018,aircraft,aircraft,9,"[151.0, 304.0, 214.0, 370.0]",63.0,small,m3-f0-i3743-p354955,0.0319,"[150.07, 306.32, 215.16, 368.68]",0.9161
ann_d494b7a303e1,ann_d494b7a303e1,3616,0,mar20-airport-proxy-037,aircraft,aircraft,5,"[229.0, 578.0, 319.0, 665.0]",87.0,small,m3-f0-i3616-p337215,0.0319,"[227.83, 580.98, 315.92, 660.42]",0.8715
ann_92a9dfc4c267,ann_92a9dfc4c267,1418,2,mar20-airport-proxy-051,aircraft,aircraft,8,"[4.0, 204.0, 148.0, 441.0]",144.0,medium,m3-f2-i1418-p138038,0.0315,"[0.44, 201.37, 155.42, 441.21]",0.9181
ann_a3aa8228fcc9,ann_a3aa8228fcc9,1791,0,mar20-airport-proxy-036,aircraft,aircraft,18,"[382.0, 472.0, 469.0, 555.0]",83.0,small,m3-f0-i1791-p176431,0.0314,"[376.98, 473.75, 464.43, 550.46]",0.8313
ann_11ce72762255,ann_11ce72762255,3347,0,mar20-airport-proxy-041,aircraft,aircraft,4,"[441.0, 366.0, 511.0, 443.0]",70.0,small,m3-f0-i3347-p311425,0.0314,"[439.21, 368.68, 522.51, 446.17]",0.7832
ann_686d40d8bd6f,ann_686d40d8bd6f,3799,0,mar20-airport-proxy-018,aircraft,aircraft,9,"[480.0, 390.0, 544.0, 456.0]",64.0,small,m3-f0-i3799-p368719,0.0312,"[477.81, 391.7, 545.63, 454.39]",0.8989
ann_6d9482ebc97a,ann_6d9482ebc97a,4104,0,mar20-airport-proxy-045,aircraft,aircraft,14,"[516.0, 202.0, 589.0, 271.0]",69.0,small,m3-f0-i4104-p407734,0.0311,"[513.61, 201.62, 580.52, 277.53]",0.7861
ann_b9b445bac1bb,ann_b9b445bac1bb,3771,0,mar20-airport-proxy-018,aircraft,aircraft,9,"[80.0, 44.0, 175.0, 138.0]",94.0,small,m3-f0-i3771-p362137,0.0305,"[74.8, 43.19, 174.61, 139.53]",0.9214
ann_135d09d4c73a,ann_135d09d4c73a,1791,0,mar20-airport-proxy-036,aircraft,aircraft,18,"[74.0, 297.0, 168.0, 379.0]",82.0,small,m3-f0-i1791-p176433,0.0304,"[82.84, 301.59, 169.7, 376.54]",0.8146
ann_a2978bebf1a7,ann_a2978bebf1a7,1916,1,mar20-airport-proxy-014,aircraft,aircraft,22,"[396.0, 465.0, 517.0, 630.0]",121.0,medium,m3-f1-i1916-p199275,0.0304,"[391.02, 459.38, 524.61, 631.25]",0.8695
ann_6f57fd12f9b7,ann_6f57fd12f9b7,1791,0,mar20-airport-proxy-036,aircraft,aircraft,18,"[576.0, 264.0, 665.0, 343.0]",79.0,small,m3-f0-i1791-p176435,0.0302,"[577.34, 265.89, 660.94, 341.92]",0.9039
ann_7c21e6d7c66f,ann_7c21e6d7c66f,1418,2,mar20-airport-proxy-051,aircraft,aircraft,8,"[298.0, 290.0, 461.0, 515.0]",163.0,medium,m3-f2-i1418-p138039,0.0301,"[294.58, 293.07, 460.11, 517.87]",0.949
ann_b0dc4a620c41,ann_b0dc4a620c41,3741,0,mar20-airport-proxy-018,aircraft,aircraft,9,"[381.0, 545.0, 495.0, 653.0]",108.0,medium,m3-f0-i3741-p354378,0.03,"[376.61, 534.86, 495.26, 654.98]",0.8639
ann_1d008146c679,ann_1d008146c679,1791,0,mar20-airport-proxy-036,aircraft,aircraft,18,"[529.0, 316.0, 616.0, 400.0]",84.0,small,m3-f0-i1791-p176436,0.0299,"[530.74, 318.99, 609.89, 396.24]",0.8366
ann_e3b59dafe4bc,ann_e3b59dafe4bc,3761,0,mar20-airport-proxy-018,aircraft,aircraft,9,"[228.0, 291.0, 287.0, 354.0]",59.0,small,m3-f0-i3761-p359454,0.0298,"[225.24, 294.38, 285.69, 350.54]",0.8367
ann_2d0c8776de2c,ann_2d0c8776de2c,3870,2,mar20-airport-proxy-040,aircraft,aircraft,4,"[493.0, 270.0, 542.0, 310.0]",40.0,small,m3-f2-i3870-p362727,0.0298,"[491.86, 274.59, 542.96, 308.14]",0.8097
ann_a9c0a18d91b0,ann_a9c0a18d91b0,2056,1,mar20-airport-proxy-035,aircraft,aircraft,8,"[516.0, 13.0, 581.0, 72.0]",59.0,small,m3-f1-i2056-p216013,0.0296,"[515.33, 20.98, 580.76, 67.83]",0.7848
ann_74934f09d605,ann_74934f09d605,4280,2,mar20-airport-proxy-051,aircraft,aircraft,17,"[331.0, 677.0, 426.0, 782.0]",95.0,small,m3-f2-i4280-p389573,0.0295,"[326.17, 673.44, 426.95, 780.47]",0.8991
ann_f8b1cdc06c25,ann_f8b1cdc06c25,1791,0,mar20-airport-proxy-036,aircraft,aircraft,18,"[431.0, 420.0, 511.0, 508.0]",80.0,small,m3-f0-i1791-p176439,0.0295,"[423.14, 421.58, 510.45, 501.86]",0.8314
ann_3c7aa295c1d3,ann_3c7aa295c1d3,4083,0,mar20-airport-proxy-045,aircraft,aircraft,14,"[454.0, 453.0, 532.0, 540.0]",78.0,small,m3-f0-i4083-p402615,0.0295,"[451.59, 450.02, 532.01, 533.91]",0.874
ann_134f38a4af90,ann_134f38a4af90,2735,0,mar20-airport-proxy-041,aircraft,aircraft,20,"[417.0, 514.0, 498.0, 600.0]",81.0,small,m3-f0-i2735-p255615,0.0294,"[411.45, 509.86, 502.61, 597.17]",0.8227
ann_fcce873b938b,ann_fcce873b938b,3708,0,mar20-airport-proxy-018,aircraft,aircraft,9,"[433.0, 573.0, 514.0, 651.0]",78.0,small,m3-f0-i3708-p346856,0.0294,"[437.48, 576.66, 520.34, 649.12]",0.8182
ann_5789f83ac860,ann_5789f83ac860,3743,0,mar20-airport-proxy-018,aircraft,aircraft,9,"[212.0, 47.0, 277.0, 112.0]",65.0,small,m3-f0-i3743-p354967,0.0293,"[209.33, 47.41, 277.78, 110.3]",0.9202
ann_da38acac09f4,ann_da38acac09f4,2637,2,mar20-airport-proxy-051,aircraft,aircraft,19,"[521.0, 353.0, 651.0, 437.0]",84.0,small,m3-f2-i2637-p258349,0.0291,"[520.8, 357.3, 660.45, 436.45]",0.8807
ann_5059163faae5,ann_5059163faae5,3870,2,mar20-airport-proxy-040,aircraft,aircraft,4,"[422.0, 382.0, 468.0, 419.0]",37.0,small,m3-f2-i3870-p362728,0.029,"[419.69, 385.91, 470.02, 419.27]",0.8188
ann_b24daa5dba3a,ann_b24daa5dba3a,2465,0,mar20-airport-proxy-041,aircraft,aircraft,20,"[555.0, 116.0, 690.0, 252.0]",135.0,medium,m3-f0-i2465-p233131,0.0289,"[546.19, 108.11, 684.28, 248.54]",0.831
ann_05590254a6a3,ann_05590254a6a3,1418,2,mar20-airport-proxy-051,aircraft,aircraft,8,"[206.0, 213.0, 365.0, 439.0]",159.0,medium,m3-f2-i1418-p138040,0.0287,"[196.39, 215.53, 353.22, 436.43]",0.8545
ann_49997feee7de,ann_49997feee7de,2826,0,mar20-airport-proxy-022,aircraft,aircraft,4,"[145.0, 353.0, 221.0, 434.0]",76.0,small,m3-f0-i2826-p265533,0.0287,"[144.07, 353.71, 219.41, 437.3]",0.922
ann_94f051bd3a02,ann_94f051bd3a02,3805,0,mar20-airport-proxy-018,aircraft,aircraft,9,"[221.0, 531.0, 297.0, 611.0]",76.0,small,m3-f0-i3805-p369936,0.0287,"[220.53, 532.25, 296.26, 607.59]",0.9273
ann_16b3d379bd79,ann_16b3d379bd79,3885,0,mar20-airport-proxy-018,aircraft,aircraft,9,"[343.0, 441.0, 424.0, 520.0]",79.0,small,m3-f0-i3885-p384029,0.0285,"[349.32, 440.41, 424.12, 518.19]",0.8934
ann_0244aae18941,ann_0244aae18941,3886,0,mar20-airport-proxy-018,aircraft,aircraft,9,"[227.0, 505.0, 311.0, 584.0]",79.0,small,m3-f0-i3886-p384412,0.0284,"[226.98, 503.13, 310.65, 582.62]",0.9557
ann_92491e85e506,ann_92491e85e506,4068,2,mar20-airport-proxy-008,aircraft,aircraft,18,"[10.0, 119.0, 37.0, 153.0]",27.0,tiny,m3-f2-i4068-p370512,0.0284,"[10.76, 122.03, 37.93, 155.5]",0.801
ann_1c570f142654,ann_1c570f142654,1568,0,mar20-airport-proxy-046,aircraft,aircraft,14,"[643.0, 470.0, 768.0, 603.0]",125.0,medium,m3-f0-i1568-p153026,0.0283,"[642.14, 466.26, 767.24, 601.71]",0.951
ann_05584ab8db43,ann_05584ab8db43,3743,0,mar20-airport-proxy-018,aircraft,aircraft,9,"[118.0, 445.0, 185.0, 514.0]",67.0,small,m3-f0-i3743-p354973,0.0281,"[116.36, 449.29, 183.25, 513.21]",0.8821
ann_1389922ee0dc,ann_1389922ee0dc,3718,2,mar20-airport-proxy-015,aircraft,aircraft,4,"[416.0, 45.0, 495.0, 140.0]",79.0,small,m3-f2-i3718-p357048,0.0281,"[417.92, 47.17, 493.8, 137.7]",0.9153
ann_51fc6924ad5d,ann_51fc6924ad5d,3789,0,mar20-airport-proxy-018,aircraft,aircraft,9,"[708.0, 644.0, 779.0, 711.0]",67.0,small,m3-f0-i3789-p366038,0.0278,"[711.79, 644.53, 778.05, 710.94]",0.925
ann_33298337a064,ann_33298337a064,4280,2,mar20-airport-proxy-051,aircraft,aircraft,17,"[631.0, 673.0, 733.0, 781.0]",102.0,medium,m3-f2-i4280-p389585,0.0275,"[629.69, 673.83, 728.12, 780.08]",0.9251
ann_3befbd37be4d,ann_3befbd37be4d,4280,2,mar20-airport-proxy-051,aircraft,aircraft,17,"[521.0, 673.0, 629.0, 778.0]",105.0,medium,m3-f2-i4280-p389586,0.0274,"[529.35, 674.22, 628.47, 778.91]",0.9
ann_22c2d8497eaf,ann_22c2d8497eaf,3685,2,mar20-airport-proxy-040,aircraft,aircraft,23,"[524.0, 118.0, 625.0, 247.0]",101.0,medium,m3-f2-i3685-p355835,0.0274,"[519.14, 114.7, 630.86, 246.24]",0.8768
ann_f066ddf15de4,ann_f066ddf15de4,4280,2,mar20-airport-proxy-051,aircraft,aircraft,17,"[129.0, 670.0, 223.0, 779.0]",94.0,small,m3-f2-i4280-p389588,0.0273,"[125.68, 671.24, 224.12, 778.76]",0.9425
ann_ef4e28e7e343,ann_ef4e28e7e343,1602,1,mar20-airport-proxy-057,aircraft,aircraft,19,"[139.0, 569.0, 235.0, 632.0]",63.0,small,m3-f1-i1602-p166861,0.0273,"[130.66, 571.22, 231.84, 641.28]",0.753
ann_133b6c087311,ann_133b6c087311,3792,0,mar20-airport-proxy-018,aircraft,aircraft,9,"[98.0, 361.0, 157.0, 420.0]",59.0,small,m3-f0-i3792-p366961,0.0272,"[95.21, 354.71, 162.21, 417.94]",0.771
ann_f7fe909ff335,ann_f7fe909ff335,3815,0,mar20-airport-proxy-018,aircraft,aircraft,9,"[179.0, 404.0, 283.0, 506.0]",102.0,medium,m3-f0-i3815-p372673,0.0271,"[181.45, 405.96, 283.79, 506.54]",0.9458
ann_a1bb6b00c6a9,ann_a1bb6b00c6a9,4178,1,mar20-airport-proxy-017,aircraft,aircraft,4,"[413.0, 299.0, 491.0, 395.0]",78.0,small,m3-f1-i4178-p457806,0.027,"[410.82, 295.36, 489.97, 403.08]",0.8567
ann_a7851853df3f,ann_a7851853df3f,1791,0,mar20-airport-proxy-036,aircraft,aircraft,18,"[182.0, 188.0, 278.0, 275.0]",87.0,small,m3-f0-i1791-p176445,0.0267,"[186.47, 191.7, 272.12, 267.29]",0.7751
ann_d3958309299a,ann_d3958309299a,1791,0,mar20-airport-proxy-036,aircraft,aircraft,18,"[623.0, 211.0, 710.0, 294.0]",83.0,small,m3-f0-i1791-p176446,0.0267,"[621.34, 213.33, 708.35, 291.36]",0.906
ann_d06d3a48a6f0,ann_d06d3a48a6f0,3756,0,mar20-airport-proxy-036,aircraft,aircraft,18,"[279.0, 307.0, 332.0, 356.0]",49.0,small,m3-f0-i3756-p358241,0.0266,"[274.22, 305.76, 333.59, 355.18]",0.8575
ann_1753a7ddd22e,ann_1753a7ddd22e,4280,2,mar20-airport-proxy-051,aircraft,aircraft,17,"[30.0, 670.0, 125.0, 780.0]",95.0,small,m3-f2-i4280-p389595,0.0263,"[23.14, 673.14, 123.05, 780.76]",0.8831
ann_04256b2d2690,ann_04256b2d2690,3723,0,mar20-airport-proxy-018,aircraft,aircraft,9,"[208.0, 680.0, 265.0, 732.0]",52.0,small,m3-f0-i3723-p349874,0.0263,"[210.99, 678.59, 267.53, 732.35]",0.8791
ann_2a079c2c67bd,ann_2a079c2c67bd,2643,2,mar20-airport-proxy-005,aircraft,aircraft,7,"[432.0, 312.0, 621.0, 485.0]",173.0,medium,m3-f2-i2643-p259221,0.0263,"[435.01, 328.08, 616.55, 486.77]",0.8628
ann_d36f42f8c2ef,ann_d36f42f8c2ef,3888,0,mar20-airport-proxy-018,aircraft,aircraft,23,"[654.0, 318.0, 682.0, 368.0]",28.0,tiny,m3-f0-i3888-p384966,0.0261,"[656.94, 316.51, 678.58, 363.89]",0.6931
ann_d626fabb07dd,ann_d626fabb07dd,3693,0,mar20-airport-proxy-018,aircraft,aircraft,9,"[107.0, 486.0, 189.0, 566.0]",80.0,small,m3-f0-i3693-p344438,0.026,"[110.62, 491.5, 184.11, 563.96]",0.8117
ann_0f0818f171cb,ann_0f0818f171cb,4280,2,mar20-airport-proxy-051,aircraft,aircraft,17,"[225.0, 669.0, 325.0, 778.0]",100.0,medium,m3-f2-i4280-p389597,0.0259,"[226.03, 672.95, 324.37, 778.61]",0.9426
ann_89fa495c2c54,ann_89fa495c2c54,1769,1,mar20-airport-proxy-014,aircraft,aircraft,22,"[34.0, 118.0, 111.0, 182.0]",64.0,small,m3-f1-i1769-p183043,0.0258,"[35.25, 117.21, 111.33, 186.01]",0.9123
ann_866b79ec27a4,ann_866b79ec27a4,3756,0,mar20-airport-proxy-036,aircraft,aircraft,18,"[211.0, 45.0, 270.0, 94.0]",49.0,small,m3-f0-i3756-p358247,0.0257,"[206.74, 43.92, 268.65, 92.7]",0.87
ann_625001a1abf6,ann_625001a1abf6,3870,2,mar20-airport-proxy-040,aircraft,aircraft,4,"[449.0, 340.0, 493.0, 378.0]",38.0,small,m3-f2-i3870-p362737,0.0256,"[445.92, 343.59, 495.33, 378.78]",0.7983
ann_18ce4f0146a7,ann_18ce4f0146a7,3708,0,mar20-airport-proxy-018,aircraft,aircraft,9,"[370.0, 678.0, 445.0, 755.0]",75.0,small,m3-f0-i3708-p346861,0.0251,"[370.12, 682.25, 447.07, 756.03]",0.9072
ann_6ced8f41fc76,ann_6ced8f41fc76,1916,1,mar20-airport-proxy-014,aircraft,aircraft,22,"[534.0, 456.0, 652.0, 622.0]",118.0,medium,m3-f1-i1916-p199305,0.0248,"[533.11, 451.76, 656.74, 620.12]",0.9206
ann_0369887ca127,ann_0369887ca127,3885,0,mar20-airport-proxy-018,aircraft,aircraft,9,"[117.0, 597.0, 193.0, 674.0]",76.0,small,m3-f0-i3885-p384037,0.0246,"[118.24, 599.73, 191.33, 669.8]",0.8752
ann_93908ccc84ba,ann_93908ccc84ba,3799,0,mar20-airport-proxy-018,aircraft,aircraft,9,"[531.0, 460.0, 595.0, 524.0]",64.0,small,m3-f0-i3799-p368733,0.0245,"[529.17, 459.67, 594.26, 521.58]",0.921
ann_cbf9e5ce7a43,ann_cbf9e5ce7a43,3756,0,mar20-airport-proxy-036,aircraft,aircraft,18,"[515.0, 58.0, 571.0, 104.0]",46.0,small,m3-f0-i3756-p358263,0.0242,"[511.21, 56.12, 570.04, 104.72]",0.8719
ann_809a0ed04446,ann_809a0ed04446,3872,2,mar20-airport-proxy-040,aircraft,aircraft,4,"[372.0, 414.0, 451.0, 490.0]",76.0,small,m3-f2-i3872-p363313,0.0242,"[373.44, 415.8, 455.99, 493.44]",0.8644
ann_e506f999bdf6,ann_e506f999bdf6,3814,0,mar20-airport-proxy-018,aircraft,aircraft,9,"[499.0, 98.0, 569.0, 161.0]",63.0,small,m3-f0-i3814-p372348,0.0241,"[502.42, 91.72, 568.68, 161.79]",0.8557
ann_82dd09471bd8,ann_82dd09471bd8,3888,0,mar20-airport-proxy-018,aircraft,aircraft,9,"[7.0, 265.0, 95.0, 360.0]",88.0,small,m3-f0-i3888-p384974,0.0238,"[3.03, 271.01, 100.66, 361.77]",0.834
ann_0fa1a21a33ea,ann_0fa1a21a33ea,4095,0,mar20-airport-proxy-045,aircraft,aircraft,14,"[129.0, 423.0, 198.0, 496.0]",69.0,small,m3-f0-i4095-p405643,0.0237,"[124.46, 418.42, 200.22, 498.73]",0.8278
ann_741db661355f,ann_741db661355f,2631,2,mar20-airport-proxy-015,aircraft,aircraft,23,"[196.0, 1.0, 281.0, 77.0]",76.0,small,m3-f2-i2631-p257438,0.0236,"[196.51, 0.0, 289.43, 80.18]",0.8575
ann_0a8c10c1b195,ann_0a8c10c1b195,1736,2,mar20-airport-proxy-051,aircraft,aircraft,16,"[685.0, 112.0, 800.0, 292.0]",115.0,medium,m3-f2-i1736-p170834,0.0232,"[678.22, 115.19, 799.9, 289.89]",0.9173
ann_eff02c458eac,ann_eff02c458eac,3750,0,mar20-airport-proxy-018,aircraft,aircraft,9,"[541.0, 532.0, 590.0, 582.0]",49.0,small,m3-f0-i3750-p356432,0.0231,"[541.26, 529.17, 590.77, 580.98]",0.9085
ann_8119f20b65d4,ann_8119f20b65d4,3184,1,mar20-airport-proxy-034,aircraft,aircraft,16,"[185.0, 478.0, 248.0, 563.0]",63.0,small,m3-f1-i3184-p351370,0.023,"[185.42, 484.16, 251.68, 558.81]",0.8298
ann_9b6223137955,ann_9b6223137955,1445,0,mar20-airport-proxy-018,aircraft,aircraft,9,"[187.0, 579.0, 262.0, 654.0]",75.0,small,m3-f0-i1445-p142292,0.023,"[184.4, 574.63, 262.87, 662.08]",0.8197
ann_2b240d43e2ea,ann_2b240d43e2ea,3756,0,mar20-airport-proxy-036,aircraft,aircraft,18,"[97.0, 156.0, 160.0, 207.0]",51.0,small,m3-f0-i3756-p358278,0.0227,"[98.49, 155.9, 158.74, 205.04]",0.9179
ann_3e5642eec0e6,ann_3e5642eec0e6,3888,0,mar20-airport-proxy-018,aircraft,aircraft,9,"[218.0, 269.0, 306.0, 364.0]",88.0,small,m3-f0-i3888-p384980,0.0227,"[213.6, 277.82, 306.01, 367.35]",0.8381
ann_1e37d7e7e3f6,ann_1e37d7e7e3f6,1791,0,mar20-airport-proxy-036,aircraft,aircraft,18,"[130.0, 245.0, 221.0, 327.0]",82.0,small,m3-f0-i1791-p176457,0.0223,"[134.06, 245.92, 222.58, 322.05]",0.8728
ann_2e1d21145a44,ann_2e1d21145a44,3888,0,mar20-airport-proxy-018,aircraft,aircraft,9,"[115.0, 268.0, 203.0, 363.0]",88.0,small,m3-f0-i3888-p384982,0.0221,"[111.8, 273.78, 206.5, 364.21]",0.8654
ann_942c3de15bf3,ann_942c3de15bf3,2012,0,mar20-airport-proxy-018,aircraft,aircraft,9,"[198.0, 425.0, 308.0, 541.0]",110.0,medium,m3-f0-i2012-p194769,0.0215,"[194.38, 419.47, 312.16, 543.53]",0.8732
ann_63e6b1a637cd,ann_63e6b1a637cd,1923,1,mar20-airport-proxy-043,aircraft,aircraft,23,"[705.0, 427.0, 758.0, 510.0]",53.0,small,m3-f1-i1923-p200830,0.0211,"[701.29, 429.08, 758.86, 527.17]",0.745
ann_33d9a8a979c4,ann_33d9a8a979c4,3805,0,mar20-airport-proxy-018,aircraft,aircraft,9,"[263.0, 620.0, 338.0, 705.0]",75.0,small,m3-f0-i3805-p369948,0.0211,"[261.4, 623.49, 340.55, 700.73]",0.8653
ann_16a9a10c062a,ann_16a9a10c062a,3889,0,mar20-airport-proxy-018,aircraft,aircraft,9,"[191.0, 449.0, 274.0, 523.0]",74.0,small,m3-f0-i3889-p385353,0.0208,"[196.2, 456.51, 263.8, 520.96]",0.7095
ann_942e7b808bd2,ann_942e7b808bd2,1983,0,mar20-airport-proxy-018,aircraft,aircraft,9,"[521.0, 204.0, 581.0, 265.0]",60.0,small,m3-f0-i1983-p192670,0.0204,"[519.22, 199.93, 584.54, 267.36]",0.8309
ann_d44c42f8b359,ann_d44c42f8b359,3888,0,mar20-airport-proxy-018,aircraft,aircraft,9,"[322.0, 271.0, 410.0, 366.0]",88.0,small,m3-f0-i3888-p384986,0.0204,"[320.7, 280.1, 409.76, 368.33]",0.8686
ann_62cebbfe26c4,ann_62cebbfe26c4,3886,0,mar20-airport-proxy-018,aircraft,aircraft,9,"[306.0, 419.0, 385.0, 495.0]",76.0,small,m3-f0-i3886-p384445,0.0203,"[305.19, 419.21, 387.7, 496.56]",0.9358
ann_128871dff2e1,ann_128871dff2e1,2544,2,mar20-airport-proxy-005,aircraft,aircraft,19,"[82.0, 711.0, 154.0, 761.0]",50.0,small,m3-f2-i2544-p247861,0.0203,"[84.55, 711.36, 160.57, 760.51]",0.8701
ann_5350a5506bbd,ann_5350a5506bbd,2465,0,mar20-airport-proxy-041,aircraft,aircraft,20,"[672.0, 658.0, 795.0, 795.0]",123.0,medium,m3-f0-i2465-p233149,0.0203,"[667.19, 647.22, 800.0, 791.06]",0.8355
ann_e02909e8dd33,ann_e02909e8dd33,2387,0,mar20-airport-proxy-041,aircraft,aircraft,20,"[290.0, 702.0, 375.0, 792.0]",85.0,small,m3-f0-i2387-p227745,0.0201,"[287.89, 706.42, 371.48, 784.2]",0.8111
ann_f99de581d94a,ann_f99de581d94a,1835,1,mar20-airport-proxy-014,aircraft,aircraft,22,"[537.0, 259.0, 581.0, 316.0]",44.0,small,m3-f1-i1835-p191785,0.0201,"[536.17, 255.7, 580.79, 314.88]",0.9059
ann_283ab2435c16,ann_283ab2435c16,1601,0,mar20-airport-proxy-048,aircraft,aircraft,7,"[302.0, 166.0, 449.0, 324.0]",147.0,medium,m3-f0-i1601-p156627,0.0201,"[307.32, 166.26, 450.49, 320.07]",0.9291
ann_d2451162d2aa,ann_d2451162d2aa,3872,2,mar20-airport-proxy-040,aircraft,aircraft,4,"[623.0, 366.0, 697.0, 447.0]",74.0,small,m3-f2-i3872-p363315,0.02,"[620.39, 365.93, 702.09, 447.15]",0.9033
ann_282f35bf4c3d,ann_282f35bf4c3d,3886,0,mar20-airport-proxy-018,aircraft,aircraft,9,"[379.0, 341.0, 458.0, 417.0]",76.0,small,m3-f0-i3886-p384450,0.0199,"[378.43, 342.53, 458.91, 417.36]",0.9577
ann_127ea2bc750e,ann_127ea2bc750e,3695,1,mar20-airport-proxy-049,aircraft,aircraft,7,"[362.0, 641.0, 458.0, 729.0]",88.0,small,m3-f1-i3695-p407200,0.0199,"[368.77, 643.31, 460.13, 734.03]",0.8411
ann_43ba0ec26835,ann_43ba0ec26835,1451,1,mar20-airport-proxy-030,aircraft,aircraft,12,"[382.0, 594.0, 490.0, 715.0]",108.0,medium,m3-f1-i1451-p150630,0.0199,"[372.02, 593.21, 496.73, 716.16]",0.8523
ann_08bd4b021ff5,ann_08bd4b021ff5,3756,0,mar20-airport-proxy-036,aircraft,aircraft,18,"[346.0, 232.0, 400.0, 282.0]",50.0,small,m3-f0-i3756-p358309,0.0196,"[338.06, 229.08, 401.78, 283.81]",0.7741
ann_c4b716086e1f,ann_c4b716086e1f,3870,2,mar20-airport-proxy-040,aircraft,aircraft,4,"[471.0, 305.0, 520.0, 344.0]",39.0,small,m3-f2-i3870-p362752,0.0196,"[470.04, 309.69, 520.37, 342.56]",0.824
ann_a512ddf7dae3,ann_a512ddf7dae3,1983,0,mar20-airport-proxy-018,aircraft,aircraft,9,"[106.0, 615.0, 165.0, 677.0]",59.0,small,m3-f0-i1983-p192675,0.0194,"[103.04, 612.67, 167.77, 678.59]",0.8573
ann_65c8fe972d61,ann_65c8fe972d61,3707,1,mar20-airport-proxy-038,aircraft,aircraft,18,"[425.0, 351.0, 537.0, 446.0]",95.0,small,m3-f1-i3707-p408329,0.0194,"[430.83, 356.35, 530.98, 443.99]",0.8249
ann_8863d5a05e4a,ann_8863d5a05e4a,3872,2,mar20-airport-proxy-040,aircraft,aircraft,4,"[535.0, 386.0, 612.0, 462.0]",76.0,small,m3-f2-i3872-p363317,0.0193,"[534.59, 384.43, 614.16, 463.3]",0.9324
ann_ec94ee7259c1,ann_ec94ee7259c1,2012,0,mar20-airport-proxy-018,aircraft,aircraft,9,"[319.0, 318.0, 432.0, 437.0]",113.0,medium,m3-f0-i2012-p194774,0.0193,"[316.54, 312.68, 434.51, 435.84]",0.9083
ann_83892a6f8320,ann_83892a6f8320,1601,0,mar20-airport-proxy-048,aircraft,aircraft,7,"[66.0, 637.0, 197.0, 785.0]",131.0,medium,m3-f0-i1601-p156638,0.0192,"[60.89, 635.6, 200.63, 791.75]",0.8885
ann_c25c1147b1a4,ann_c25c1147b1a4,3756,0,mar20-airport-proxy-036,aircraft,aircraft,18,"[380.0, 198.0, 435.0, 246.0]",48.0,small,m3-f0-i3756-p358320,0.0191,"[371.58, 193.43, 436.23, 245.63]",0.7717
ann_e24b7907dbf1,ann_e24b7907dbf1,3050,2,mar20-airport-proxy-015,aircraft,aircraft,23,"[379.0, 274.0, 475.0, 352.0]",78.0,small,m3-f2-i3050-p291988,0.0189,"[376.76, 266.85, 485.74, 356.59]",0.7656
ann_f7df9cabd4c8,ann_f7df9cabd4c8,3888,0,mar20-airport-proxy-018,aircraft,aircraft,23,"[634.0, 320.0, 650.0, 364.0]",16.0,tiny,m3-f0-i3888-p384995,0.0189,"[631.05, 319.22, 653.86, 364.44]",0.6824
ann_1434429e2bbf,ann_1434429e2bbf,3872,2,mar20-airport-proxy-040,aircraft,aircraft,4,"[454.0, 401.0, 530.0, 478.0]",76.0,small,m3-f2-i3872-p363318,0.0187,"[451.94, 396.18, 533.32, 477.71]",0.8758
ann_ef8dcc56dcfa,ann_ef8dcc56dcfa,3805,0,mar20-airport-proxy-018,aircraft,aircraft,9,"[88.0, 249.0, 163.0, 325.0]",75.0,small,m3-f0-i3805-p369956,0.0187,"[86.94, 251.12, 159.94, 319.19]",0.8483
ann_60fe89254da6,ann_60fe89254da6,3799,0,mar20-airport-proxy-018,aircraft,aircraft,9,"[637.0, 610.0, 704.0, 679.0]",67.0,small,m3-f0-i3799-p368760,0.0185,"[638.75, 612.57, 701.88, 673.36]",0.8302
ann_1009fe1cface,ann_1009fe1cface,3725,0,mar20-airport-proxy-018,aircraft,aircraft,9,"[252.0, 214.0, 313.0, 272.0]",58.0,small,m3-f0-i3725-p350546,0.0184,"[250.85, 210.77, 314.77, 274.0]",0.8754
ann_8a4508c9df89,ann_8a4508c9df89,3756,0,mar20-airport-proxy-036,aircraft,aircraft,18,"[476.0, 92.0, 532.0, 140.0]",48.0,small,m3-f0-i3756-p358330,0.0183,"[474.22, 89.7, 532.03, 139.21]",0.9095
ann_59f7a11b0c90,ann_59f7a11b0c90,3756,0,mar20-airport-proxy-036,aircraft,aircraft,18,"[446.0, 127.0, 502.0, 175.0]",48.0,small,m3-f0-i3756-p358333,0.0182,"[441.41, 123.19, 500.78, 174.07]",0.8238
ann_03fc7aab728e,ann_03fc7aab728e,3886,0,mar20-airport-proxy-018,aircraft,aircraft,9,"[503.0, 195.0, 582.0, 271.0]",76.0,small,m3-f0-i3886-p384464,0.0179,"[508.13, 202.4, 587.22, 272.28]",0.784
ann_99bd7d6698c1,ann_99bd7d6698c1,3805,0,mar20-airport-proxy-018,aircraft,aircraft,9,"[130.0, 341.0, 206.0, 416.0]",75.0,small,m3-f0-i3805-p369965,0.0179,"[126.98, 340.26, 205.83, 412.87]",0.912
ann_3dc4b8e25eba,ann_3dc4b8e25eba,1916,1,mar20-airport-proxy-014,aircraft,aircraft,22,"[667.0, 449.0, 786.0, 619.0]",119.0,medium,m3-f1-i1916-p199392,0.0179,"[662.94, 448.19, 789.4, 618.99]",0.9365
ann_0a30165f4710,ann_0a30165f4710,3184,1,mar20-airport-proxy-034,aircraft,aircraft,16,"[220.0, 402.0, 282.0, 483.0]",62.0,small,m3-f1-i3184-p351413,0.0178,"[212.65, 403.2, 279.15, 481.96]",0.8317
ann_de127b4b8b49,ann_de127b4b8b49,3815,0,mar20-airport-proxy-018,aircraft,aircraft,9,"[60.0, 603.0, 162.0, 706.0]",102.0,medium,m3-f0-i3815-p372738,0.0177,"[58.64, 607.42, 166.75, 709.77]",0.8732
ann_4085be84890a,ann_4085be84890a,3725,0,mar20-airport-proxy-018,aircraft,aircraft,9,"[134.0, 116.0, 200.0, 178.0]",62.0,small,m3-f0-i3725-p350551,0.0176,"[136.33, 115.16, 193.16, 178.39]",0.8467
ann_de49a1cf29d3,ann_de49a1cf29d3,2034,1,mar20-airport-proxy-043,aircraft,aircraft,23,"[375.0, 607.0, 441.0, 642.0]",35.0,small,m3-f1-i2034-p213743,0.0176,"[377.37, 609.27, 442.94, 640.73]",0.8445
ann_e3ff00d7c1d6,ann_e3ff00d7c1d6,3798,0,mar20-airport-proxy-018,aircraft,aircraft,15,"[437.0, 272.0, 501.0, 326.0]",54.0,small,m3-f0-i3798-p368505,0.0175,"[439.4, 273.66, 497.31, 325.56]",0.8697
ann_26fcc74b22d0,ann_26fcc74b22d0,3756,0,mar20-airport-proxy-036,aircraft,aircraft,18,"[314.0, 269.0, 370.0, 317.0]",48.0,small,m3-f0-i3756-p358350,0.0175,"[306.88, 266.48, 369.68, 317.9]",0.8238
ann_59a0abe36b7a,ann_59a0abe36b7a,1642,1,mar20-airport-proxy-043,aircraft,aircraft,23,"[714.0, 321.0, 800.0, 430.0]",86.0,small,m3-f1-i1642-p169951,0.0173,"[717.58, 320.75, 798.83, 436.28]",0.8942
ann_0915b0708b90,ann_0915b0708b90,3756,0,mar20-airport-proxy-036,aircraft,aircraft,18,"[168.0, 82.0, 232.0, 132.0]",50.0,small,m3-f0-i3756-p358356,0.0172,"[170.36, 83.91, 229.64, 130.93]",0.871
ann_9d536eec026f,ann_9d536eec026f,2045,0,mar20-airport-proxy-041,aircraft,aircraft,15,"[101.0, 14.0, 207.0, 67.0]",53.0,small,m3-f0-i2045-p198415,0.017,"[100.1, 13.7, 201.66, 75.61]",0.8119
ann_42e04a2a79b0,ann_42e04a2a79b0,3889,0,mar20-airport-proxy-018,aircraft,aircraft,9,"[168.0, 314.0, 255.0, 391.0]",77.0,small,m3-f0-i3889-p385414,0.0165,"[176.3, 321.97, 245.25, 387.01]",0.6695
ann_54172dc3d028,ann_54172dc3d028,3725,0,mar20-airport-proxy-018,aircraft,aircraft,9,"[445.0, 375.0, 502.0, 437.0]",57.0,small,m3-f0-i3725-p350566,0.0163,"[442.75, 373.39, 506.47, 437.55]",0.8644
ann_a694fa1a3412,ann_a694fa1a3412,4272,1,mar20-airport-proxy-058,aircraft,aircraft,15,"[715.0, 426.0, 800.0, 520.0]",85.0,small,m3-f1-i4272-p465355,0.0163,"[713.13, 429.57, 800.0, 521.22]",0.9301
ann_804e6b5020c6,ann_804e6b5020c6,3888,0,mar20-airport-proxy-018,aircraft,aircraft,9,"[414.0, 274.0, 502.0, 369.0]",88.0,small,m3-f0-i3888-p385018,0.016,"[409.56, 282.06, 499.86, 371.59]",0.8312
ann_3c215e0ccd47,ann_3c215e0ccd47,1983,0,mar20-airport-proxy-018,aircraft,aircraft,9,"[167.0, 558.0, 225.0, 619.0]",58.0,small,m3-f0-i1983-p192708,0.0159,"[163.7, 555.27, 227.42, 619.54]",0.8639
ann_a81b42a84e43,ann_a81b42a84e43,2631,2,mar20-airport-proxy-015,aircraft,aircraft,23,"[272.0, 464.0, 361.0, 540.0]",76.0,small,m3-f2-i2631-p257471,0.0157,"[269.58, 459.69, 371.04, 545.78]",0.7744
ann_b91dcab8d186,ann_b91dcab8d186,2753,2,mar20-airport-proxy-051,aircraft,aircraft,16,"[577.0, 104.0, 683.0, 261.0]",106.0,medium,m3-f2-i2753-p269696,0.0157,"[575.49, 115.28, 679.98, 257.57]",0.8692
ann_ab2d003e780b,ann_ab2d003e780b,1496,0,mar20-airport-proxy-026,aircraft,aircraft,4,"[563.0, 93.0, 660.0, 191.0]",97.0,medium,m3-f0-i1496-p148299,0.0155,"[564.58, 88.13, 660.42, 191.16]",0.9324
ann_e54451df9b23,ann_e54451df9b23,3725,0,mar20-airport-proxy-018,aircraft,aircraft,9,"[193.0, 161.0, 261.0, 225.0]",64.0,small,m3-f0-i3725-p350575,0.0155,"[194.12, 162.84, 254.71, 226.42]",0.8487
ann_5220d0eb75a9,ann_5220d0eb75a9,3888,0,mar20-airport-proxy-018,aircraft,aircraft,9,"[505.0, 275.0, 593.0, 370.0]",88.0,small,m3-f0-i3888-p385024,0.0155,"[502.97, 286.05, 594.92, 373.47]",0.8199
ann_de8175e4d9c1,ann_de8175e4d9c1,3756,0,mar20-airport-proxy-036,aircraft,aircraft,18,"[413.0, 162.0, 467.0, 210.0]",48.0,small,m3-f0-i3756-p358398,0.0154,"[408.35, 158.72, 467.43, 210.82]",0.8421
ann_4957c766db56,ann_4957c766db56,2563,2,mar20-airport-proxy-015,aircraft,aircraft,23,"[35.0, 635.0, 113.0, 697.0]",62.0,small,m3-f2-i2563-p249969,0.0152,"[22.97, 632.89, 114.62, 700.71]",0.778
ann_c8be4287a4b8,ann_c8be4287a4b8,3046,1,mar20-airport-proxy-043,aircraft,aircraft,23,"[468.0, 661.0, 537.0, 788.0]",69.0,small,m3-f1-i3046-p334043,0.0151,"[467.87, 661.43, 539.94, 799.51]",0.875
ann_5e80c9c665a3,ann_5e80c9c665a3,3223,1,mar20-airport-proxy-030,aircraft,aircraft,8,"[12.0, 661.0, 92.0, 764.0]",80.0,small,m3-f1-i3223-p356493,0.015,"[6.08, 662.65, 92.02, 762.35]",0.9031
ann_b5a67c4d12ca,ann_b5a67c4d12ca,1305,1,mar20-airport-proxy-043,aircraft,aircraft,22,"[537.0, 680.0, 622.0, 800.0]",85.0,small,m3-f1-i1305-p134217,0.0149,"[539.55, 683.54, 621.39, 800.0]",0.9343
ann_a4f657616101,ann_a4f657616101,1424,1,mar20-airport-proxy-016,aircraft,aircraft,15,"[539.0, 151.0, 681.0, 262.0]",111.0,medium,m3-f1-i1424-p147672,0.0147,"[537.06, 149.85, 679.35, 263.04]",0.9564
ann_ee41d1ee5390,ann_ee41d1ee5390,3756,0,mar20-airport-proxy-036,aircraft,aircraft,18,"[132.0, 119.0, 195.0, 168.0]",49.0,small,m3-f0-i3756-p358425,0.0145,"[131.18, 116.31, 194.41, 167.48]",0.9177
ann_7ebb272c2a81,ann_7ebb272c2a81,2900,0,mar20-airport-proxy-022,aircraft,aircraft,4,"[305.0, 430.0, 402.0, 516.0]",86.0,small,m3-f0-i2900-p273476,0.0143,"[304.39, 431.74, 410.45, 515.92]",0.8969
ann_5f238336d96c,ann_5f238336d96c,3750,0,mar20-airport-proxy-018,aircraft,aircraft,9,"[468.0, 604.0, 518.0, 660.0]",50.0,small,m3-f0-i3750-p356450,0.0142,"[468.38, 607.1, 518.33, 661.65]",0.905
ann_d48f39ab2e3b,ann_d48f39ab2e3b,4272,1,mar20-airport-proxy-058,aircraft,aircraft,15,"[1.0, 380.0, 95.0, 474.0]",94.0,small,m3-f1-i4272-p465390,0.0137,"[0.1, 380.64, 94.14, 473.27]",0.9672
ann_338833f5b5b4,ann_338833f5b5b4,2012,0,mar20-airport-proxy-018,aircraft,aircraft,9,"[67.0, 538.0, 182.0, 657.0]",115.0,medium,m3-f0-i2012-p194799,0.0137,"[65.89, 532.46, 185.48, 657.25]",0.9171
ann_b2a4822a59af,ann_b2a4822a59af,3113,1,mar20-airport-proxy-043,aircraft,aircraft,23,"[277.0, 699.0, 378.0, 747.0]",48.0,small,m3-f1-i3113-p343106,0.0137,"[280.69, 699.88, 378.69, 747.0]",0.9395
ann_f73414094cbc,ann_f73414094cbc,3771,0,mar20-airport-proxy-018,aircraft,aircraft,9,"[631.0, 600.0, 733.0, 696.0]",96.0,medium,m3-f0-i3771-p362201,0.0136,"[630.32, 598.14, 736.08, 698.73]",0.9205
ann_064e4a0e5f3e,ann_064e4a0e5f3e,1983,0,mar20-airport-proxy-018,aircraft,aircraft,9,"[402.0, 322.0, 461.0, 382.0]",59.0,small,m3-f0-i1983-p192750,0.0134,"[398.37, 317.83, 463.69, 383.83]",0.821
ann_6615e46c6835,ann_6615e46c6835,1897,1,mar20-airport-proxy-024,aircraft,aircraft,8,"[199.0, 100.0, 272.0, 175.0]",73.0,small,m3-f1-i1897-p197469,0.0134,"[199.73, 99.56, 267.46, 175.83]",0.9134
ann_9f8f952354f5,ann_9f8f952354f5,4075,1,mar20-airport-proxy-049,aircraft,aircraft,16,"[269.0, 250.0, 353.0, 318.0]",68.0,small,m3-f1-i4075-p449825,0.0134,"[267.67, 244.03, 355.85, 319.86]",0.8543
ann_32f5a92f7c52,ann_32f5a92f7c52,3798,0,mar20-airport-proxy-018,aircraft,aircraft,15,"[391.0, 333.0, 450.0, 389.0]",56.0,small,m3-f0-i3798-p368591,0.0133,"[391.28, 335.77, 448.56, 388.45]",0.9133
ann_976bf90ac6cd,ann_976bf90ac6cd,3798,0,mar20-airport-proxy-018,aircraft,aircraft,15,"[557.0, 122.0, 616.0, 175.0]",53.0,small,m3-f0-i3798-p368589,0.0133,"[557.06, 122.39, 614.04, 172.53]",0.9138
ann_fcb7c628a559,ann_fcb7c628a559,3725,0,mar20-airport-proxy-018,aircraft,aircraft,9,"[338.0, 285.0, 398.0, 347.0]",60.0,small,m3-f0-i3725-p350604,0.0133,"[335.67, 281.4, 401.83, 349.85]",0.8213
ann_982ecdfce2a8,ann_982ecdfce2a8,3740,1,mar20-airport-proxy-016,aircraft,aircraft,15,"[183.0, 206.0, 241.0, 272.0]",58.0,small,m3-f1-i3740-p409062,0.0132,"[184.99, 207.69, 240.01, 271.61]",0.9188
ann_17da6328a4be,ann_17da6328a4be,4272,1,mar20-airport-proxy-058,aircraft,aircraft,15,"[609.0, 419.0, 710.0, 513.0]",94.0,small,m3-f1-i4272-p465405,0.0129,"[608.2, 418.29, 710.55, 515.31]",0.9561
ann_4f8785fcf415,ann_4f8785fcf415,1550,1,mar20-airport-proxy-034,aircraft,aircraft,16,"[593.0, 574.0, 699.0, 654.0]",80.0,small,m3-f1-i1550-p161051,0.0129,"[592.77, 575.29, 701.76, 653.61]",0.9527
ann_aad625454fad,ann_aad625454fad,3223,1,mar20-airport-proxy-030,aircraft,aircraft,8,"[71.0, 509.0, 146.0, 612.0]",75.0,small,m3-f1-i3223-p356544,0.0129,"[68.65, 508.47, 145.21, 607.93]",0.9181
ann_771fb87e1236,ann_771fb87e1236,3173,1,mar20-airport-proxy-057,aircraft,aircraft,19,"[21.0, 272.0, 106.0, 323.0]",51.0,small,m3-f1-i3173-p350628,0.0128,"[27.91, 274.77, 110.18, 323.28]",0.8261
ann_7bd42dc8c24a,ann_7bd42dc8c24a,1977,2,mar20-airport-proxy-044,aircraft,aircraft,7,"[142.0, 3.0, 368.0, 199.0]",196.0,medium,m3-f2-i1977-p193557,0.0128,"[141.7, 0.0, 371.97, 196.53]",0.9547
ann_30c698f81b4e,ann_30c698f81b4e,1550,1,mar20-airport-proxy-034,aircraft,aircraft,16,"[256.0, 608.0, 374.0, 686.0]",78.0,small,m3-f1-i1550-p161074,0.0125,"[263.67, 607.3, 367.58, 689.58]",0.84
ann_bff9d0f85fad,ann_bff9d0f85fad,3223,1,mar20-airport-proxy-030,aircraft,aircraft,8,"[125.0, 347.0, 201.0, 450.0]",76.0,small,m3-f1-i3223-p356558,0.0124,"[126.25, 341.75, 200.12, 450.44]",0.9225
ann_efc8b28cde2a,ann_efc8b28cde2a,4272,1,mar20-airport-proxy-058,aircraft,aircraft,15,"[507.0, 416.0, 607.0, 508.0]",92.0,small,m3-f1-i4272-p465416,0.0123,"[505.96, 413.94, 606.54, 506.37]",0.9468
ann_800fedd3495a,ann_800fedd3495a,1550,1,mar20-airport-proxy-034,aircraft,aircraft,16,"[530.0, 466.0, 643.0, 543.0]",77.0,small,m3-f1-i1550-p161089,0.0123,"[533.64, 463.6, 638.23, 541.09]",0.8773
ann_e7c4dff13146,ann_e7c4dff13146,1431,2,mar20-airport-proxy-015,aircraft,aircraft,4,"[214.0, 481.0, 311.0, 584.0]",97.0,medium,m3-f2-i1431-p139348,0.0123,"[209.77, 475.54, 313.28, 586.96]",0.8662
ann_48e9399f8142,ann_48e9399f8142,3368,0,mar20-airport-proxy-041,aircraft,aircraft,20,"[412.0, 76.0, 546.0, 222.0]",134.0,medium,m3-f0-i3368-p314527,0.0122,"[412.35, 72.12, 546.24, 200.93]",0.8301
ann_0d916456f426,ann_0d916456f426,2008,2,mar20-airport-proxy-004,aircraft,aircraft,6,"[320.0, 281.0, 390.0, 353.0]",70.0,small,m3-f2-i2008-p197245,0.0121,"[323.85, 278.42, 395.68, 350.49]",0.8179
ann_fd5b9a0a05fa,ann_fd5b9a0a05fa,3798,0,mar20-airport-proxy-018,aircraft,aircraft,15,"[530.0, 157.0, 588.0, 211.0]",54.0,small,m3-f0-i3798-p368633,0.0121,"[527.98, 159.86, 586.08, 210.45]",0.8772
ann_98aa61ede8ac,ann_98aa61ede8ac,1841,0,mar20-airport-proxy-055,aircraft,aircraft,7,"[539.0, 574.0, 708.0, 763.0]",169.0,medium,m3-f0-i1841-p181026,0.0121,"[538.53, 573.34, 709.13, 771.19]",0.9463
ann_fc580614f2e1,ann_fc580614f2e1,1431,2,mar20-airport-proxy-015,aircraft,aircraft,4,"[146.0, 537.0, 248.0, 645.0]",102.0,medium,m3-f2-i1431-p139356,0.0119,"[146.14, 535.45, 247.41, 648.14]",0.9518
ann_eecad161d6c7,ann_eecad161d6c7,1841,0,mar20-airport-proxy-055,aircraft,aircraft,7,"[18.0, 586.0, 193.0, 775.0]",175.0,medium,m3-f0-i1841-p181033,0.0119,"[17.63, 589.84, 192.14, 780.47]",0.9456
ann_5c42151b414d,ann_5c42151b414d,3750,0,mar20-airport-proxy-018,aircraft,aircraft,9,"[589.0, 476.0, 639.0, 528.0]",50.0,small,m3-f0-i3750-p356468,0.0119,"[590.58, 475.9, 639.89, 528.78]",0.9361
ann_efc9bda3ddd4,ann_efc9bda3ddd4,2138,2,mar20-airport-proxy-015,aircraft,aircraft,23,"[175.0, 653.0, 294.0, 748.0]",95.0,small,m3-f2-i2138-p208074,0.0117,"[176.95, 650.93, 297.66, 749.85]",0.917
ann_aee70c538730,ann_aee70c538730,2872,2,mar20-airport-proxy-004,aircraft,aircraft,21,"[495.0, 95.0, 682.0, 273.0]",178.0,medium,m3-f2-i2872-p276587,0.0117,"[490.19, 97.75, 684.81, 278.22]",0.9195
ann_a016b30a3129,ann_a016b30a3129,3740,1,mar20-airport-proxy-016,aircraft,aircraft,15,"[479.0, 390.0, 539.0, 468.0]",60.0,small,m3-f1-i3740-p409111,0.0116,"[479.64, 393.77, 535.99, 462.48]",0.8272
ann_80f9bf67d3cb,ann_80f9bf67d3cb,3846,0,mar20-airport-proxy-037,aircraft,aircraft,12,"[682.0, 219.0, 739.0, 279.0]",57.0,small,m3-f0-i3846-p379083,0.0116,"[682.74, 218.24, 736.79, 279.03]",0.9366
ann_da2a3b571a85,ann_da2a3b571a85,3045,1,mar20-airport-proxy-030,aircraft,aircraft,13,"[418.0, 354.0, 671.0, 584.0]",230.0,medium,m3-f1-i3045-p333866,0.0116,"[419.63, 351.86, 674.9, 582.52]",0.9633
ann_a111d7673d1a,ann_a111d7673d1a,4336,1,mar20-airport-proxy-007,aircraft,aircraft,6,"[378.0, 475.0, 435.0, 535.0]",57.0,small,m3-f1-i4336-p472453,0.0113,"[375.55, 474.26, 436.39, 538.66]",0.873
ann_28488af4787e,ann_28488af4787e,4267,2,mar20-airport-proxy-009,aircraft,aircraft,6,"[256.0, 295.0, 475.0, 498.0]",203.0,medium,m3-f2-i4267-p388258,0.0113,"[247.75, 295.72, 487.57, 497.97]",0.9101
ann_715bf9499ffb,ann_715bf9499ffb,2445,2,mar20-airport-proxy-040,aircraft,aircraft,4,"[538.0, 249.0, 625.0, 363.0]",87.0,small,m3-f2-i2445-p236879,0.0112,"[506.05, 233.11, 630.66, 366.89]",0.5949
ann_47d1e46f97e5,ann_47d1e46f97e5,2043,0,mar20-airport-proxy-041,aircraft,aircraft,15,"[550.0, 25.0, 678.0, 143.0]",118.0,medium,m3-f0-i2043-p198200,0.0112,"[547.17, 0.0, 675.49, 142.97]",0.7939
ann_ecb09f5264bc,ann_ecb09f5264bc,3223,1,mar20-airport-proxy-030,aircraft,aircraft,8,"[228.0, 33.0, 303.0, 135.0]",75.0,small,m3-f1-i3223-p356603,0.011,"[229.47, 29.83, 302.95, 132.96]",0.9319
ann_0b0faf6fd8c1,ann_0b0faf6fd8c1,1977,2,mar20-airport-proxy-044,aircraft,aircraft,7,"[63.0, 401.0, 286.0, 603.0]",202.0,medium,m3-f2-i1977-p193575,0.0109,"[57.23, 404.3, 291.02, 602.73]",0.9378
ann_4cca83f5ecda,ann_4cca83f5ecda,3534,1,mar20-airport-proxy-012,aircraft,aircraft,8,"[323.0, 80.0, 404.0, 140.0]",60.0,small,m3-f1-i3534-p386520,0.0109,"[327.15, 81.35, 397.07, 141.7]",0.8237
ann_7fb9f59c932b,ann_7fb9f59c932b,3257,0,mar20-airport-proxy-055,aircraft,aircraft,7,"[206.0, 500.0, 396.0, 734.0]",190.0,medium,m3-f0-i3257-p303165,0.0109,"[200.15, 504.0, 395.95, 733.5]",0.9517
ann_25bb3dc86b5d,ann_25bb3dc86b5d,2028,1,mar20-airport-proxy-043,aircraft,aircraft,22,"[491.0, 90.0, 543.0, 161.0]",52.0,small,m3-f1-i2028-p212694,0.0108,"[490.6, 91.11, 543.77, 163.57]",0.9292
ann_c5b47c022af9,ann_c5b47c022af9,3769,2,mar20-airport-proxy-015,aircraft,aircraft,23,"[564.0, 41.0, 624.0, 113.0]",60.0,small,m3-f2-i3769-p359042,0.0108,"[562.06, 31.69, 625.44, 115.87]",0.8097
ann_f3925520d49d,ann_f3925520d49d,2772,2,mar20-airport-proxy-005,aircraft,aircraft,21,"[254.0, 281.0, 433.0, 457.0]",176.0,medium,m3-f2-i2772-p270317,0.0108,"[252.98, 288.09, 433.74, 459.18]",0.9391
ann_0557d1730fcf,ann_0557d1730fcf,1977,2,mar20-airport-proxy-044,aircraft,aircraft,7,"[105.0, 202.0, 326.0, 404.0]",202.0,medium,m3-f2-i1977-p193584,0.0106,"[105.27, 204.15, 332.62, 400.93]",0.9454
ann_76866fb8222c,ann_76866fb8222c,2656,0,mar20-airport-proxy-041,aircraft,aircraft,15,"[29.0, 258.0, 180.0, 341.0]",83.0,small,m3-f0-i2656-p250382,0.0106,"[18.36, 259.86, 182.81, 351.86]",0.7951
ann_a702e0b0aff4,ann_a702e0b0aff4,2822,0,mar20-airport-proxy-026,aircraft,aircraft,4,"[337.0, 368.0, 439.0, 497.0]",102.0,medium,m3-f0-i2822-p265077,0.0106,"[331.49, 369.53, 444.29, 496.88]",0.8938
ann_b80db6bb54d9,ann_b80db6bb54d9,2349,0,mar20-airport-proxy-018,aircraft,aircraft,9,"[1.0, 578.0, 155.0, 739.0]",154.0,medium,m3-f0-i2349-p223917,0.0105,"[0.38, 579.84, 156.08, 742.5]",0.957
ann_7020176dc7c4,ann_7020176dc7c4,1727,0,mar20-airport-proxy-041,aircraft,aircraft,20,"[443.0, 555.0, 576.0, 700.0]",133.0,medium,m3-f0-i1727-p169086,0.0104,"[454.49, 551.42, 579.1, 686.87]",0.7955
ann_931fd578a575,ann_931fd578a575,1497,2,mar20-airport-proxy-009,aircraft,aircraft,10,"[410.0, 418.0, 447.0, 454.0]",36.0,small,m3-f2-i1497-p145395,0.0104,"[406.46, 416.86, 449.74, 455.45]",0.7975
ann_faff7f3c192a,ann_faff7f3c192a,1548,2,mar20-airport-proxy-044,aircraft,aircraft,7,"[393.0, 42.0, 565.0, 194.0]",152.0,medium,m3-f2-i1548-p150761,0.0103,"[398.44, 43.99, 569.53, 193.31]",0.9273
ann_3871d3a61f9d,ann_3871d3a61f9d,3873,2,mar20-airport-proxy-040,aircraft,aircraft,4,"[287.0, 207.0, 405.0, 297.0]",90.0,small,m3-f2-i3873-p363671,0.0103,"[293.56, 207.57, 395.61, 300.97]",0.8278
ann_d527a818f76e,ann_d527a818f76e,3467,0,mar20-airport-proxy-036,aircraft,aircraft,8,"[603.0, 509.0, 704.0, 588.0]",79.0,small,m3-f0-i3467-p322745,0.0103,"[607.08, 512.99, 703.08, 585.45]",0.8718
ann_a6836d5a72ec,ann_a6836d5a72ec,3206,2,mar20-airport-proxy-015,aircraft,aircraft,23,"[664.0, 70.0, 756.0, 151.0]",81.0,small,m3-f2-i3206-p307795,0.0102,"[662.26, 67.6, 757.28, 155.05]",0.8968
ann_07ec101035ec,ann_07ec101035ec,3806,0,mar20-airport-proxy-018,aircraft,aircraft,9,"[294.0, 427.0, 370.0, 505.0]",76.0,small,m3-f0-i3806-p370410,0.0102,"[293.53, 423.49, 373.27, 504.64]",0.908
ann_444bfd55ab7a,ann_444bfd55ab7a,3875,0,mar20-airport-proxy-026,aircraft,aircraft,4,"[508.0, 446.0, 574.0, 500.0]",54.0,small,m3-f0-i3875-p383972,0.0101,"[507.79, 446.02, 575.02, 497.73]",0.9407
ann_a6b4721c3992,ann_a6b4721c3992,2476,2,mar20-airport-proxy-015,aircraft,aircraft,22,"[656.0, 407.0, 784.0, 463.0]",56.0,small,m3-f2-i2476-p240219,0.01,"[656.4, 405.64, 779.54, 463.11]",0.9384
ann_5473a1bc4c89,ann_5473a1bc4c89,2656,0,mar20-airport-proxy-041,aircraft,aircraft,15,"[109.0, 53.0, 262.0, 141.0]",88.0,small,m3-f0-i2656-p250407,0.0098,"[110.79, 53.74, 254.05, 145.87]",0.8827
ann_a1386debb520,ann_a1386debb520,2969,1,mar20-airport-proxy-042,aircraft,aircraft,22,"[406.0, 589.0, 520.0, 669.0]",80.0,small,m3-f1-i2969-p324884,0.0097,"[405.47, 588.87, 522.66, 671.29]",0.9442
ann_e36108e29e98,ann_e36108e29e98,2043,0,mar20-airport-proxy-041,aircraft,aircraft,15,"[93.0, 487.0, 220.0, 622.0]",127.0,medium,m3-f0-i2043-p198260,0.0096,"[96.83, 484.57, 219.38, 625.59]",0.9252
ann_be584bbd25f6,ann_be584bbd25f6,3660,2,mar20-airport-proxy-056,aircraft,aircraft,8,"[237.0, 16.0, 315.0, 116.0]",78.0,small,m3-f2-i3660-p353297,0.0096,"[240.89, 11.18, 329.42, 125.73]",0.7038
ann_810f838d1548,ann_810f838d1548,2656,0,mar20-airport-proxy-041,aircraft,aircraft,15,"[550.0, 733.0, 695.0, 800.0]",67.0,small,m3-f0-i2656-p250420,0.0095,"[530.42, 734.03, 682.86, 800.0]",0.7963
ann_16692ef209f9,ann_16692ef209f9,3801,0,mar20-airport-proxy-018,aircraft,aircraft,9,"[8.0, 158.0, 89.0, 237.0]",79.0,small,m3-f0-i3801-p369507,0.0095,"[7.4, 155.1, 89.09, 237.67]",0.9487
ann_42607a0a8ee3,ann_42607a0a8ee3,1548,2,mar20-airport-proxy-044,aircraft,aircraft,7,"[370.0, 199.0, 540.0, 344.0]",145.0,medium,m3-f2-i1548-p150784,0.0094,"[374.27, 195.21, 539.79, 341.5]",0.9332
ann_bd0b20f3cc4c,ann_bd0b20f3cc4c,4350,2,mar20-airport-proxy-015,aircraft,aircraft,22,"[63.0, 398.0, 190.0, 455.0]",57.0,small,m3-f2-i4350-p395846,0.0094,"[65.67, 396.7, 183.54, 456.42]",0.8888
ann_c4019db7d738,ann_c4019db7d738,4265,1,mar20-airport-proxy-042,aircraft,aircraft,22,"[167.0, 681.0, 278.0, 800.0]",111.0,medium,m3-f1-i4265-p465243,0.0092,"[167.58, 679.44, 277.73, 799.46]",0.9753
ann_fa9fe41b94dc,ann_fa9fe41b94dc,1548,2,mar20-airport-proxy-044,aircraft,aircraft,7,"[277.0, 643.0, 445.0, 788.0]",145.0,medium,m3-f2-i1548-p150795,0.0091,"[285.64, 638.96, 447.95, 789.16]",0.9015
ann_ac85beb6af2e,ann_ac85beb6af2e,3710,0,mar20-airport-proxy-018,aircraft,aircraft,20,"[30.0, 254.0, 131.0, 347.0]",93.0,small,m3-f0-i3710-p347601,0.0091,"[30.18, 253.3, 130.96, 349.83]",0.9614
ann_1e8fc49b2e5e,ann_1e8fc49b2e5e,1870,1,mar20-airport-proxy-043,aircraft,aircraft,22,"[388.0, 528.0, 459.0, 628.0]",71.0,small,m3-f1-i1870-p195231,0.0091,"[385.03, 525.88, 461.06, 622.56]",0.8678
ann_1d994c030549,ann_1d994c030549,3347,0,mar20-airport-proxy-041,aircraft,aircraft,4,"[147.0, 351.0, 230.0, 424.0]",73.0,small,m3-f0-i3347-p311618,0.009,"[143.46, 350.34, 230.76, 421.53]",0.9119
ann_1ec50bca7276,ann_1ec50bca7276,4350,2,mar20-airport-proxy-015,aircraft,aircraft,22,"[407.0, 518.0, 532.0, 576.0]",58.0,small,m3-f2-i4350-p395868,0.0089,"[407.03, 516.24, 523.44, 575.95]",0.9048
ann_951a376e8d4b,ann_951a376e8d4b,2532,2,mar20-airport-proxy-044,aircraft,aircraft,7,"[292.0, 161.0, 461.0, 316.0]",155.0,medium,m3-f2-i2532-p246456,0.0089,"[301.17, 165.67, 462.89, 314.79]",0.9002
ann_d468b254187c,ann_d468b254187c,3328,2,mar20-airport-proxy-015,aircraft,aircraft,23,"[378.0, 86.0, 435.0, 159.0]",57.0,small,m3-f2-i3328-p321258,0.0087,"[378.27, 77.15, 437.35, 159.57]",0.847
ann_0caa66388119,ann_0caa66388119,2618,0,mar20-airport-proxy-055,aircraft,aircraft,7,"[383.0, 485.0, 528.0, 641.0]",145.0,medium,m3-f0-i2618-p246191,0.0087,"[384.81, 485.06, 528.47, 645.41]",0.9572
ann_ca8397b446fd,ann_ca8397b446fd,3280,0,mar20-airport-proxy-045,aircraft,aircraft,10,"[237.0, 613.0, 404.0, 800.0]",167.0,medium,m3-f0-i3280-p306110,0.0087,"[230.57, 615.87, 404.59, 800.0]",0.9455
ann_55b29da0ae8e,ann_55b29da0ae8e,1832,0,mar20-airport-proxy-048,aircraft,aircraft,17,"[497.0, 185.0, 610.0, 300.0]",113.0,medium,m3-f0-i1832-p180381,0.0087,"[494.68, 181.54, 610.01, 300.49]",0.9473
ann_ea0fc7b8b488,ann_ea0fc7b8b488,3726,0,mar20-airport-proxy-036,aircraft,aircraft,8,"[607.0, 53.0, 674.0, 104.0]",51.0,small,m3-f0-i3726-p350995,0.0086,"[611.11, 59.55, 674.83, 107.35]",0.7624
ann_72e8c879096f,ann_72e8c879096f,3824,1,mar20-airport-proxy-017,aircraft,aircraft,4,"[407.0, 193.0, 505.0, 268.0]",75.0,small,m3-f1-i3824-p413051,0.0086,"[405.66, 194.31, 505.27, 266.63]",0.9492
ann_e91840d4ced6,ann_e91840d4ced6,3663,2,mar20-airport-proxy-044,aircraft,aircraft,7,"[300.0, 652.0, 471.0, 793.0]",141.0,medium,m3-f2-i3663-p354210,0.0086,"[297.07, 654.69, 470.12, 800.0]",0.9146
ann_63eb6f09ec2d,ann_63eb6f09ec2d,1502,0,mar20-airport-proxy-036,aircraft,aircraft,8,"[372.0, 633.0, 437.0, 717.0]",65.0,small,m3-f0-i1502-p148730,0.0086,"[376.64, 639.48, 429.61, 713.65]",0.7197
ann_e75826ecf9fe,ann_e75826ecf9fe,1832,0,mar20-airport-proxy-048,aircraft,aircraft,17,"[294.0, 551.0, 417.0, 682.0]",123.0,medium,m3-f0-i1832-p180394,0.0085,"[293.95, 548.83, 418.55, 681.64]",0.9684
ann_6090d6de4f5f,ann_6090d6de4f5f,1725,1,mar20-airport-proxy-014,aircraft,aircraft,22,"[193.0, 370.0, 260.0, 421.0]",51.0,small,m3-f1-i1725-p178143,0.0085,"[186.43, 370.26, 259.93, 422.07]",0.887
ann_68d3f7d4923a,ann_68d3f7d4923a,2618,0,mar20-airport-proxy-055,aircraft,aircraft,7,"[94.0, 425.0, 234.0, 583.0]",140.0,medium,m3-f0-i2618-p246204,0.0084,"[93.16, 426.81, 234.77, 593.51]",0.9166
ann_a60e84a1f95f,ann_a60e84a1f95f,1302,0,mar20-airport-proxy-041,aircraft,aircraft,20,"[20.0, 333.0, 137.0, 445.0]",112.0,medium,m3-f0-i1302-p128932,0.0084,"[0.0, 310.55, 148.1, 443.36]",0.6501
ann_88bd25e9668b,ann_88bd25e9668b,2536,0,mar20-airport-proxy-033,aircraft,aircraft,19,"[466.0, 208.0, 548.0, 317.0]",82.0,small,m3-f0-i2536-p239572,0.0084,"[470.63, 216.97, 548.12, 309.59]",0.8008
ann_4661afcdf0b4,ann_4661afcdf0b4,3409,0,mar20-airport-proxy-033,aircraft,aircraft,23,"[58.0, 380.0, 150.0, 499.0]",92.0,small,m3-f0-i3409-p317689,0.0083,"[46.44, 372.95, 149.46, 501.27]",0.8193
ann_0d1dc708ad98,ann_0d1dc708ad98,3719,2,mar20-airport-proxy-015,aircraft,aircraft,4,"[125.0, 667.0, 179.0, 742.0]",54.0,small,m3-f2-i3719-p357599,0.0083,"[126.1, 666.75, 178.78, 741.85]",0.9705
ann_0f8f5a7a47dc,ann_0f8f5a7a47dc,3347,0,mar20-airport-proxy-041,aircraft,aircraft,4,"[229.0, 409.0, 314.0, 475.0]",66.0,small,m3-f0-i3347-p311656,0.0083,"[241.31, 399.56, 313.77, 470.75]",0.7109
ann_9d811db20bd8,ann_9d811db20bd8,4175,0,mar20-airport-proxy-026,aircraft,aircraft,4,"[498.0, 461.0, 604.0, 572.0]",106.0,medium,m3-f0-i4175-p418974,0.0083,"[495.95, 464.79, 598.58, 571.14]",0.8926
ann_3dd3f6914c31,ann_3dd3f6914c31,2532,2,mar20-airport-proxy-044,aircraft,aircraft,7,"[317.0, 14.0, 490.0, 168.0]",154.0,medium,m3-f2-i2532-p246494,0.0082,"[317.97, 12.16, 498.44, 161.28]",0.8979
ann_895f30703e84,ann_895f30703e84,1497,2,mar20-airport-proxy-009,aircraft,aircraft,10,"[388.0, 376.0, 426.0, 416.0]",38.0,small,m3-f2-i1497-p145496,0.0082,"[384.5, 378.82, 438.01, 414.39]",0.6524
ann_a627f4a30da7,ann_a627f4a30da7,2387,0,mar20-airport-proxy-041,aircraft,aircraft,20,"[503.0, 609.0, 580.0, 691.0]",77.0,small,m3-f0-i2387-p227965,0.008,"[497.29, 600.34, 581.62, 689.5]",0.812
ann_9b3d265b56d1,ann_9b3d265b56d1,3347,0,mar20-airport-proxy-041,aircraft,aircraft,4,"[504.0, 288.0, 576.0, 358.0]",70.0,small,m3-f0-i3347-p311697,0.0079,"[503.47, 288.21, 573.88, 357.89]",0.959
ann_ce34f7a3fdab,ann_ce34f7a3fdab,3801,0,mar20-airport-proxy-018,aircraft,aircraft,9,"[174.0, 256.0, 255.0, 335.0]",79.0,small,m3-f0-i3801-p369571,0.0079,"[174.95, 250.71, 257.08, 337.57]",0.8772
ann_cca1ee03f534,ann_cca1ee03f534,2465,0,mar20-airport-proxy-041,aircraft,aircraft,20,"[587.0, 262.0, 715.0, 404.0]",128.0,medium,m3-f0-i2465-p233303,0.0079,"[578.17, 258.45, 717.14, 398.19]",0.8646
ann_c0fb4734128e,ann_c0fb4734128e,2250,0,mar20-airport-proxy-036,aircraft,aircraft,8,"[370.0, 47.0, 447.0, 149.0]",77.0,small,m3-f0-i2250-p215989,0.0078,"[363.75, 63.77, 442.5, 149.12]",0.736
ann_683810740995,ann_683810740995,2924,0,mar20-airport-proxy-036,aircraft,aircraft,16,"[319.0, 352.0, 423.0, 444.0]",92.0,small,m3-f0-i2924-p275912,0.0077,"[324.1, 352.86, 422.78, 444.02]",0.9398
ann_097dafa7288a,ann_097dafa7288a,1548,2,mar20-airport-proxy-044,aircraft,aircraft,7,"[338.0, 340.0, 504.0, 492.0]",152.0,medium,m3-f2-i1548-p150881,0.0076,"[338.72, 350.2, 510.5, 495.12]",0.8782
ann_6d3b13822947,ann_6d3b13822947,2324,2,mar20-airport-proxy-009,aircraft,aircraft,10,"[408.0, 488.0, 505.0, 592.0]",97.0,medium,m3-f2-i2324-p225521,0.0075,"[400.81, 499.63, 497.63, 587.87]",0.7375
ann_e71ef1efa4b4,ann_e71ef1efa4b4,2584,0,mar20-airport-proxy-026,aircraft,aircraft,4,"[125.0, 233.0, 219.0, 313.0]",80.0,small,m3-f0-i2584-p242944,0.0075,"[132.18, 230.79, 220.56, 319.6]",0.8245
ann_ad19e92e9fbf,ann_ad19e92e9fbf,3663,2,mar20-airport-proxy-044,aircraft,aircraft,7,"[388.0, 205.0, 564.0, 357.0]",152.0,medium,m3-f2-i3663-p354276,0.0074,"[397.8, 209.47, 560.01, 354.98]",0.8823
ann_4b5ff5935fe2,ann_4b5ff5935fe2,3663,2,mar20-airport-proxy-044,aircraft,aircraft,7,"[332.0, 505.0, 496.0, 654.0]",149.0,medium,m3-f2-i3663-p354284,0.0073,"[337.3, 506.98, 501.76, 650.83]",0.9036
ann_6ecff21f2d8a,ann_6ecff21f2d8a,3663,2,mar20-airport-proxy-044,aircraft,aircraft,7,"[365.0, 350.0, 530.0, 505.0]",155.0,medium,m3-f2-i3663-p354295,0.0071,"[363.48, 359.13, 528.71, 503.37]",0.9154
ann_02a5791a7b0a,ann_02a5791a7b0a,2064,2,mar20-airport-proxy-056,aircraft,aircraft,8,"[572.0, 345.0, 660.0, 452.0]",88.0,small,m3-f2-i2064-p201874,0.007,"[572.44, 349.07, 660.38, 451.71]",0.9506
ann_ecfd9dc862f5,ann_ecfd9dc862f5,1641,0,mar20-airport-proxy-045,aircraft,aircraft,14,"[560.0, 144.0, 706.0, 283.0]",139.0,medium,m3-f0-i1641-p160799,0.007,"[558.11, 141.46, 705.18, 281.98]",0.9571
ann_b22f6bfdeff3,ann_b22f6bfdeff3,4320,1,mar20-airport-proxy-017,aircraft,aircraft,17,"[461.0, 281.0, 562.0, 382.0]",101.0,medium,m3-f1-i4320-p470692,0.007,"[457.03, 275.78, 562.5, 383.59]",0.8971
ann_ccf2e11bf8f1,ann_ccf2e11bf8f1,2618,0,mar20-airport-proxy-055,aircraft,aircraft,7,"[271.0, 91.0, 426.0, 254.0]",155.0,medium,m3-f0-i2618-p246285,0.0069,"[272.71, 89.75, 428.08, 257.71]",0.9474
ann_dd4961ee15d1,ann_dd4961ee15d1,2618,0,mar20-airport-proxy-055,aircraft,aircraft,7,"[243.0, 458.0, 382.0, 618.0]",139.0,medium,m3-f0-i2618-p246295,0.0068,"[240.77, 456.35, 383.84, 619.43]",0.9532
ann_ecc92397860b,ann_ecc92397860b,3381,2,mar20-airport-proxy-051,aircraft,aircraft,16,"[55.0, 399.0, 251.0, 684.0]",196.0,medium,m3-f2-i3381-p326905,0.0068,"[56.64, 398.05, 249.22, 685.55]",0.9741
ann_b915eec4c1ab,ann_b915eec4c1ab,1869,2,mar20-airport-proxy-015,aircraft,aircraft,4,"[108.0, 2.0, 204.0, 67.0]",65.0,small,m3-f2-i1869-p182631,0.0067,"[104.59, 0.71, 203.81, 66.63]",0.9398
ann_346a262601a2,ann_346a262601a2,2050,0,mar20-airport-proxy-045,aircraft,aircraft,14,"[125.0, 339.0, 255.0, 472.0]",130.0,medium,m3-f0-i2050-p198846,0.0064,"[127.69, 342.48, 252.98, 471.58]",0.9355
ann_7bfebc639159,ann_7bfebc639159,3873,2,mar20-airport-proxy-040,aircraft,aircraft,4,"[258.0, 303.0, 369.0, 383.0]",80.0,small,m3-f2-i3873-p363836,0.0058,"[258.92, 301.46, 363.56, 379.41]",0.8844
ann_6ff27e2fa80f,ann_6ff27e2fa80f,3691,2,mar20-airport-proxy-040,aircraft,aircraft,4,"[318.0, 214.0, 403.0, 334.0]",85.0,small,m3-f2-i3691-p356313,0.0053,"[319.58, 214.7, 402.29, 334.13]",0.9664
ann_b39d77fce0b5,ann_b39d77fce0b5,1709,2,mar20-airport-proxy-005,aircraft,aircraft,19,"[231.0, 531.0, 355.0, 621.0]",90.0,small,m3-f2-i1709-p169176,0.005,"[223.78, 525.32, 369.97, 624.68]",0.7683
ann_a184dce5e3ec,ann_a184dce5e3ec,3691,2,mar20-airport-proxy-040,aircraft,aircraft,4,"[494.0, 239.0, 574.0, 355.0]",80.0,small,m3-f2-i3691-p356368,0.0049,"[491.36, 245.65, 573.49, 356.69]",0.8953
ann_aa20880f9771,ann_aa20880f9771,3691,2,mar20-airport-proxy-040,aircraft,aircraft,4,"[408.0, 221.0, 494.0, 345.0]",86.0,small,m3-f2-i3691-p356370,0.0049,"[411.67, 231.98, 492.24, 345.36]",0.8515
